ticker,secid,file,option_rows,option_min,option_max,overlap_dates,overlap_rows,valid_iv_rows,valid_mid_rows,valid_forward_rows,valid_pricing_rows,calls,puts,atm_valid_rows,valid_pricing_dates,oos_dates,oos_rows
CDNS,102602,CDNS_102602_options.csv,1078317,2010-01-04,2019-06-28,2382,1077417,903771,1077417,1062777,903771,538707,538710,46791,2382,2333,30569
CF,124758,CF_124758_options.csv,400934,2017-01-03,2019-06-28,626,400934,350302,400934,400811,350302,200467,200467,27592,626,2091,30045
CFG,205457,CFG_205457_options.csv,49644,2017-01-03,2019-06-28,626,49644,40755,49644,49351,40755,24822,24822,1736,626,917,13755
CHD,103016,CHD_103016_options.csv,55873,2017-01-03,2019-06-28,626,55873,46624,55873,55504,46624,27937,27936,2833,626,2091,30045
CHRW,102524,CHRW_102524_options.csv,172286,2017-01-03,2019-06-28,626,172286,154408,172286,172201,154408,86143,86143,9996,626,2333,33675
CHTR,139906,CHTR_139906_options.csv,817649,2017-01-03,2019-06-28,626,817649,707244,817649,785451,707244,408825,408824,56510,626,1841,26295
CI,102525,CI_102525_options.csv,2855064,2010-01-04,2019-06-28,2382,2850792,2419740,2850786,2753955,2419734,1425393,1425399,161931,2382,2333,30735
CINF,103029,CINF_103029_options.csv,75008,2017-01-03,2019-06-28,626,75008,54900,75008,70127,54900,37504,37504,3299,626,2333,33675
CL,103157,CL_103157_options.csv,474709,2017-01-03,2019-06-28,626,474709,416066,474709,473561,416066,237354,237355,49371,626,2333,33675
CLX,103106,CLX_103106_options.csv,288576,2017-01-03,2019-06-28,626,288576,244340,288576,288442,244340,144288,144288,23596,626,2333,33675
CMCSA,103198,CMCSA_103198_options.csv,450512,2017-01-03,2019-06-28,626,450512,385507,450512,450058,385507,225255,225257,32525,626,2333,33675
CME,116532,CME_116532_options.csv,458652,2017-01-03,2019-06-28,626,458652,386738,458652,458095,386738,229327,229325,35829,626,2333,33675
CMG,125504,CMG_125504_options.csv,1124737,2017-01-03,2019-06-28,626,1124737,1002370,1124673,1115373,1002309,562368,562369,73068,626,2091,30023
CMI,103574,CMI_103574_options.csv,480521,2017-01-03,2019-06-28,626,480521,418409,480521,480473,418409,240260,240261,36604,626,2333,33653
CMS,102536,CMS_102536_options.csv,49716,2017-01-03,2019-06-28,626,49716,38435,49716,48675,38435,24858,24858,2074,626,2333,33675
CNC,113430,CNC_113430_options.csv,158861,2017-01-03,2019-06-28,626,158861,145279,158861,158800,145279,79430,79431,7191,626,1348,15996
CNP,109557,CNP_109557_options.csv,110346,2017-01-03,2019-06-28,626,110346,92657,110346,110309,92657,55173,55173,6559,626,2333,33675
COF,102702,COF_102702_options.csv,524206,2017-01-03,2019-06-28,626,524206,460420,524206,524036,460420,262102,262104,59598,626,2333,33675
COO,103400,COO_103400_options.csv,140082,2017-01-03,2019-06-28,626,140082,116491,140082,135557,116491,70041,70041,5715,626,2333,33565
COP,108969,COP_108969_options.csv,425865,2017-01-03,2019-06-28,626,425865,370468,425865,425857,370468,212933,212932,34738,626,2333,33675
COST,103466,COST_103466_options.csv,568642,2017-01-03,2019-06-28,626,568642,493476,568642,568480,493476,284323,284319,36654,626,2091,30045
COTY,166723,COTY_166723_options.csv,358000,2017-01-03,2019-06-28,626,358000,278426,358000,355266,278426,178999,179001,12975,626,1102,11976
CPB,102660,CPB_102660_options.csv,251354,2017-01-03,2019-06-28,626,251354,219173,251354,250951,219173,125676,125678,15319,626,2333,33675
CRM,121592,CRM_121592_options.csv,622790,2017-01-03,2019-06-28,626,622790,553025,622790,613184,553025,311393,311397,50224,626,2333,33675
CSCO,103042,CSCO_103042_options.csv,497644,2017-01-03,2019-06-28,626,497644,425896,497644,497547,425896,248822,248822,36072,626,2333,33675
CSX,102571,CSX_102571_options.csv,401700,2017-01-03,2019-06-28,626,401700,356430,401700,401605,356430,200851,200849,35082,626,2333,33675
CTAS,103046,CTAS_103046_options.csv,120379,2017-01-03,2019-06-28,626,120379,106088,120379,120240,106088,60189,60190,6019,626,2333,33675
CTL,102885,CTL_102885_options.csv,691452,2010-01-04,2019-06-28,799,194264,152706,194264,182931,152706,97132,97132,10235,799,657,9525
CTSH,103138,CTSH_103138_options.csv,478349,2017-01-03,2019-06-28,626,478349,414885,478349,478077,414885,239174,239175,49412,626,2091,30045
CVS,102583,CVS_102583_options.csv,548153,2017-01-03,2019-06-28,626,548153,444690,548153,514293,444690,274078,274075,48326,626,2091,30045
CVX,102968,CVX_102968_options.csv,522260,2017-01-03,2019-06-28,626,522260,437135,522260,522209,437135,261129,261131,43069,626,2091,30045
D,103912,D_103912_options.csv,140722,2017-01-03,2019-06-28,626,140722,107694,140722,126713,107694,70361,70361,7641,626,2333,33675
DAL,129410,DAL_129410_options.csv,409930,2017-01-03,2019-06-28,626,409930,358846,409930,409875,358846,204966,204964,31413,626,2091,29935
DE,103736,DE_103736_options.csv,530972,2017-01-03,2019-06-28,626,530972,466140,530972,530936,466140,265486,265486,39764,626,2333,33675
DG,139733,DG_139733_options.csv,502152,2017-01-03,2019-06-28,626,502152,448076,502152,502079,448076,251077,251075,51337,626,2118,30318
DGX,109371,DGX_109371_options.csv,116720,2017-01-03,2019-06-28,626,116720,101468,116720,116672,101468,58360,58360,4845,626,2333,33675
DHI,103651,DHI_103651_options.csv,446233,2017-01-03,2019-06-28,626,446233,394180,446233,445961,394180,223116,223117,32152,626,2333,33653
DHR,103676,DHR_103676_options.csv,165318,2017-01-03,2019-06-28,626,165318,134280,165318,150186,134280,82659,82659,8201,626,2091,30045
DIS,103879,DIS_103879_options.csv,570626,2017-01-03,2019-06-28,626,570626,477430,570626,548574,477430,285314,285312,45706,626,2333,33675
DISCK,137684,DISCK_137684_options.csv,202176,2010-01-04,2019-06-28,762,63522,49847,63522,59352,49847,31761,31761,2679,762,222,3330
DLR,122122,DLR_122122_options.csv,126140,2017-01-03,2019-06-28,626,126140,101613,126140,119467,101613,63070,63070,5171,626,2333,33675
DLTR,103908,DLTR_103908_options.csv,523755,2017-01-03,2019-06-28,626,523755,462868,523755,520664,462868,261878,261877,50226,626,2333,33125
DOV,103932,DOV_103932_options.csv,288226,2017-01-03,2019-06-28,626,288226,227803,288226,266281,227803,144114,144112,31200,625,2333,33675
DRI,103682,DRI_103682_options.csv,166602,2017-01-03,2019-06-28,626,166602,140942,166602,155254,140942,83301,83301,8143,626,2333,33675
DTE,103654,DTE_103654_options.csv,95319,2017-01-03,2019-06-28,626,95319,72409,95319,90112,72409,47659,47660,4371,626,2333,33675
DUK,103979,DUK_103979_options.csv,160162,2017-01-03,2019-06-28,626,160162,135531,160162,160162,135531,80081,80081,9823,626,2333,33675
DVA,103715,DVA_103715_options.csv,148875,2017-01-03,2019-06-28,626,148875,136160,148875,148547,136160,74437,74438,7055,626,2333,33675
DVN,103802,DVN_103802_options.csv,423813,2017-01-03,2019-06-28,626,423813,376368,423813,423813,376368,211906,211907,25775,626,2333,33675
DXC,103302,DXC_103302_options.csv,184548,2017-01-03,2019-06-28,626,184548,137064,184548,155746,137064,92274,92274,7212,625,2333,33675
EBAY,104138,EBAY_104138_options.csv,368805,2017-01-03,2019-06-28,626,368805,320590,368805,367994,320590,184401,184404,24090,626,2333,33433
ECL,104153,ECL_104153_options.csv,261530,2017-01-03,2019-06-28,626,261530,209651,261530,252992,209651,130765,130765,23440,626,2333,33675
ED,103355,ED_103355_options.csv,302446,2017-01-03,2019-06-28,626,302446,255621,302446,302440,255621,151223,151223,35210,626,2333,33675
EFX,104411,EFX_104411_options.csv,366108,2017-01-03,2019-06-28,626,366108,316512,366108,365132,316512,183054,183054,31984,626,2091,30045
EIX,104172,EIX_104172_options.csv,122716,2017-01-03,2019-06-28,626,122716,105893,122716,122615,105893,61351,61365,6391,626,2333,33675
EL,106858,EL_106858_options.csv,180961,2017-01-03,2019-06-28,626,180961,164599,180961,180953,164599,90480,90481,8577,626,2333,33675
EMN,104117,EMN_104117_options.csv,145226,2017-01-03,2019-06-28,626,145226,127944,145226,145206,127944,72613,72613,7941,626,2333,33675
EMR,104286,EMR_104286_options.csv,278553,2017-01-03,2019-06-28,626,278553,238780,278553,278539,238780,139277,139276,25988,626,2091,30045
EOG,104059,EOG_104059_options.csv,535372,2017-01-03,2019-06-28,626,535372,475277,535372,535247,475277,267686,267686,50729,626,2333,33675
EQIX,104415,EQIX_104415_options.csv,174561,2017-01-03,2019-06-28,626,174561,149244,174561,169461,149244,87280,87281,9386,626,2091,30045
EQT,104416,EQT_104416_options.csv,161635,2017-01-03,2019-06-28,626,161635,106130,161635,117959,106130,80817,80818,4824,625,2333,33675
ESS,104452,ESS_104452_options.csv,128048,2017-01-03,2019-06-28,626,128048,94780,128048,117890,94780,64024,64024,5070,626,2333,33675
ETN,104124,ETN_104124_options.csv,480850,2017-01-03,2019-06-28,626,480850,411375,480850,479018,411375,240425,240425,53282,626,2333,33675
ETR,104361,ETR_104361_options.csv,88582,2017-01-03,2019-06-28,626,88582,73894,88582,88069,73894,44291,44291,6362,626,2091,30045
EW,104185,EW_104185_options.csv,490507,2017-01-03,2019-06-28,626,490507,434209,490507,489437,434209,245254,245253,38716,626,2091,30045
EXC,104508,EXC_104508_options.csv,144432,2017-01-03,2019-06-28,626,144432,125562,144432,144389,125562,72216,72216,9334,626,2333,33675
EXPD,104517,EXPD_104517_options.csv,65184,2017-01-03,2019-06-28,626,65184,53994,65184,64472,53994,32592,32592,2796,626,2091,30045
EXPE,124209,EXPE_124209_options.csv,537261,2017-01-03,2019-06-28,626,537261,466999,537261,528267,466999,268631,268630,43990,626,2091,30045
EXR,121804,EXR_121804_options.csv,85853,2017-01-03,2019-06-28,626,85853,69531,85853,84772,69531,42927,42926,3473,626,1102,15210
F,104939,F_104939_options.csv,311336,2017-01-03,2019-06-28,626,311336,241548,311336,310990,241548,155668,155668,9001,626,2091,30045
FAST,104618,FAST_104618_options.csv,180388,2017-01-03,2019-06-28,626,180388,159718,180388,180371,159718,90194,90194,8537,626,2333,33675
FBHS,149582,FBHS_149582_options.csv,172137,2011-10-05,2019-06-28,290,22426,18385,22426,22389,18385,11213,11213,670,290,248,3720
FCX,105003,FCX_105003_options.csv,375537,2017-01-03,2019-06-28,626,375537,314776,375537,375493,314776,187768,187769,12345,626,2091,30045
FDX,104635,FDX_104635_options.csv,556912,2017-01-03,2019-06-28,626,556912,483189,556912,556855,483189,278458,278454,34292,626,2333,33543
FE,104878,FE_104878_options.csv,137028,2017-01-03,2019-06-28,626,137028,117899,137028,137004,117899,68514,68514,8085,626,2333,33653
FFIV,104644,FFIV_104644_options.csv,487548,2017-01-03,2019-06-28,626,487548,433493,487548,485648,433493,243774,243774,39252,626,2091,30045
FIS,112717,FIS_112717_options.csv,94186,2017-01-03,2019-06-28,626,94186,77700,94186,92134,77700,47093,47093,4131,626,2333,33675
FISV,104870,FISV_104870_options.csv,92981,2017-01-03,2019-06-28,626,92981,78990,92981,92922,78990,46491,46490,4519,626,2333,33653
FITB,104664,FITB_104664_options.csv,160981,2017-01-03,2019-06-28,626,160981,138866,160981,157101,138866,80490,80491,7413,626,2333,33675
FLR,112487,FLR_112487_options.csv,422802,2017-01-03,2019-06-28,626,422802,360852,422802,421872,360852,211401,211401,32072,626,2333,33675
FLS,104916,FLS_104916_options.csv,48878,2017-01-03,2019-06-28,626,48878,41612,48878,48751,41612,24439,24439,1883,626,2333,33653
FMC,104550,FMC_104550_options.csv,129422,2017-01-03,2019-06-28,626,129422,102935,129422,116574,102935,64711,64711,7323,625,2091,30045
FRT,104629,FRT_104629_options.csv,95942,2017-01-03,2019-06-28,626,95942,75698,95942,91765,75698,47971,47971,5007,626,2333,33675
FTI,210772,FTI_210772_options.csv,143876,2017-01-17,2019-06-28,358,88530,79495,88530,88509,79495,44265,44265,3778,358,349,4179
FTV,209612,FTV_209612_options.csv,183839,2016-07-06,2019-06-28,503,164768,126182,164768,149540,126182,82384,82384,16195,503,490,2838
GD,105168,GD_105168_options.csv,425544,2017-01-03,2019-06-28,626,425544,364651,425544,425522,364651,212771,212773,24784,626,2333,33675
GE,105169,GE_105169_options.csv,409838,2017-01-03,2019-06-28,626,409838,307978,409838,383237,307978,204916,204922,15610,625,2091,30045
GILD,105243,GILD_105243_options.csv,597753,2017-01-03,2019-06-28,626,597753,531595,597753,597730,531595,298874,298879,53609,626,2333,33653
GIS,105174,GIS_105174_options.csv,128957,2017-01-03,2019-06-28,626,128957,112757,128957,128946,112757,64479,64478,5534,626,2333,33543
GLW,103434,GLW_103434_options.csv,406091,2017-01-03,2019-06-28,626,406091,344526,406091,405810,344526,203045,203046,25736,626,2091,30045
GM,144671,GM_144671_options.csv,467404,2017-01-03,2019-06-28,626,467404,406596,467404,467404,406596,233702,233702,31819,626,1867,28005
GOOG,203876,GOOG_203876_options.csv,1876695,2017-01-03,2019-06-28,626,1876695,1632149,1876695,1849745,1632149,938347,938348,178018,626,1039,15585
GOOGL,121812,GOOGL_121812_options.csv,1921227,2017-01-03,2019-06-28,626,1921227,1689851,1921227,1902810,1689851,960613,960614,178456,626,2333,33675
GPC,105206,GPC_105206_options.csv,311877,2017-01-03,2019-06-28,626,311877,262785,311877,307325,262785,155939,155938,34849,626,2333,33675
GPN,112551,GPN_112551_options.csv,89766,2017-01-03,2019-06-28,626,89766,75913,89766,88267,75913,44881,44885,4294,626,2333,33675
GRMN,112498,GRMN_112498_options.csv,403224,2017-01-03,2019-06-28,626,403224,345431,403224,402764,345431,201612,201612,41061,626,2091,29583
GS,105329,GS_105329_options.csv,680806,2017-01-03,2019-06-28,626,680806,590859,680806,680747,590859,340403,340403,41104,626,2333,33675
GT,105340,GT_105340_options.csv,376438,2017-01-03,2019-06-28,626,376438,321324,376438,376045,321324,188219,188219,21744,626,2091,30045
GWW,105356,GWW_105356_options.csv,481017,2017-01-03,2019-06-28,626,481017,419466,481017,480742,419466,240509,240508,30844,626,2333,33675
HAL,105512,HAL_105512_options.csv,447997,2017-01-03,2019-06-28,626,447997,387008,447997,447981,387008,223998,223999,30585,626,2091,30045
HAS,105588,HAS_105588_options.csv,507546,2017-01-03,2019-06-28,626,507546,444641,507546,505878,444641,253773,253773,55296,626,2333,33675
HBAN,105846,HBAN_105846_options.csv,107698,2017-01-03,2019-06-28,626,107698,87949,107698,106814,87949,53849,53849,3106,626,2333,33675
HCA,146286,HCA_146286_options.csv,530102,2017-01-03,2019-06-28,626,530102,466412,530102,529990,466412,265051,265051,51352,626,1793,26895
HD,105759,HD_105759_options.csv,570737,2017-01-03,2019-06-28,626,570737,483472,570737,570441,483472,285371,285366,38315,626,2333,33675
HIG,105581,HIG_105581_options.csv,372223,2017-01-03,2019-06-28,626,372223,316914,372223,372068,316914,186111,186112,35208,626,2333,33675
HII,146334,HII_146334_options.csv,136148,2017-01-03,2019-06-28,626,136148,115042,136148,131277,115042,68074,68074,5192,626,1785,26247
HLT,189909,HLT_189909_options.csv,168566,2017-01-03,2019-06-28,626,168566,130890,168566,141346,130890,84283,84283,8281,625,1108,15300
HOG,105558,HOG_105558_options.csv,419109,2017-01-03,2019-06-28,626,419109,365297,419109,419047,365297,209554,209555,32457,626,2333,33675
HON,105785,HON_105785_options.csv,486662,2017-01-03,2019-06-28,626,486662,324921,486662,378740,324921,243330,243332,29844,624,2333,33675
HP,105675,HP_105675_options.csv,177818,2017-01-03,2019-06-28,626,177818,159584,177818,177759,159584,88909,88909,7074,626,2091,30045
HPE,208313,HPE_208313_options.csv,349106,2017-01-03,2019-06-28,626,349106,238327,349106,297843,238327,174551,174555,13228,624,654,9590
HPQ,105700,HPQ_105700_options.csv,284542,2017-01-03,2019-06-28,626,284542,233947,284542,278078,233947,142270,142272,13927,626,2333,33675
HRB,102244,HRB_102244_options.csv,146566,2017-01-03,2019-06-28,626,146566,133128,146566,146566,133128,73283,73283,6226,626,2333,33675
HRL,105800,HRL_105800_options.csv,237673,2017-01-03,2019-06-28,626,237673,198405,237673,235120,198405,118837,118836,17409,626,2333,33675
HSIC,109951,HSIC_109951_options.csv,94201,2017-01-03,2019-06-28,626,94201,73108,94201,85520,73108,47100,47101,4995,625,2333,33675
HST,105805,HST_105805_options.csv,125242,2017-01-03,2019-06-28,626,125242,105079,125242,125209,105079,62621,62621,4316,626,2333,33675
HSY,105696,HSY_105696_options.csv,449738,2017-01-03,2019-06-28,626,449738,380445,449738,449362,380445,224869,224869,43032,626,2333,33631
HUM,105833,HUM_105833_options.csv,635660,2017-01-03,2019-06-28,626,635660,558173,635660,633715,558173,317831,317829,45466,626,2333,33543
IBM,106276,IBM_106276_options.csv,599276,2017-01-03,2019-06-28,626,599276,506769,599276,599226,506769,299637,299639,43964,626,2091,30045
ICE,125175,ICE_125175_options.csv,142606,2017-01-03,2019-06-28,626,142606,126233,142606,142340,126233,71304,71302,8010,626,2333,33675
IDXX,105971,IDXX_105971_options.csv,136076,2017-01-03,2019-06-28,626,136076,111186,136076,122738,111186,68038,68038,6194,626,2333,33675
IFF,106281,IFF_106281_options.csv,119966,2017-01-03,2019-06-28,626,119966,100136,119966,117387,100136,59982,59984,5908,626,2333,33543
ILMN,105986,ILMN_105986_options.csv,4623114,2010-01-04,2019-06-28,2136,4499376,3942657,4499376,4461171,3942657,2249688,2249688,249240,2136,2091,27093
INCY,106049,INCY_106049_options.csv,235706,2017-01-03,2019-06-28,626,235706,217785,235706,234780,217785,117852,117854,8788,626,1348,15996
INTC,106203,INTC_106203_options.csv,510670,2017-01-03,2019-06-28,626,510670,442127,510670,510650,442127,255335,255335,35405,626,2333,33675
INTU,106367,INTU_106367_options.csv,218164,2017-01-03,2019-06-28,626,218164,198528,218164,218140,198528,109082,109082,10809,626,2091,30045
IP,106295,IP_106295_options.csv,389765,2017-01-03,2019-06-28,626,389765,337623,389765,389754,337623,194883,194882,33102,626,2091,30045
IPGP,128575,IPGP_128575_options.csv,173259,2017-01-03,2019-06-28,626,173259,156388,173259,172872,156388,86629,86630,6560,626,2333,30639
IQV,166320,IQV_166320_options.csv,136929,2017-01-03,2019-06-28,626,136929,112658,136929,128116,112658,68464,68465,6821,626,1102,15210
IR,106119,IR_106119_options.csv,1842645,2010-01-04,2019-06-28,277,187896,168420,187896,187842,168420,93948,93948,10518,277,269,3771
IRM,106407,IRM_106407_options.csv,72647,2017-01-03,2019-06-28,626,72647,61216,72647,72280,61216,36323,36324,3371,626,2333,33675
ISRG,106369,ISRG_106369_options.csv,1155764,2017-01-03,2019-06-28,626,1155764,1030834,1155764,1131597,1030834,577882,577882,97729,626,2333,33675
IT,105130,IT_105130_options.csv,102221,2017-01-03,2019-06-28,626,102221,83003,102221,93744,83003,51110,51111,5203,626,2333,30639
ITW,105985,ITW_105985_options.csv,349998,2017-01-03,2019-06-28,626,349998,303445,349998,349730,303445,174999,174999,28928,626,2333,33675
IVZ,101530,IVZ_101530_options.csv,141122,2017-01-03,2019-06-28,626,141122,121962,141122,140940,121962,70561,70561,6642,626,2333,33675
JBHT,105843,JBHT_105843_options.csv,91252,2017-01-03,2019-06-28,626,91252,79330,91252,91185,79330,45626,45626,4253,626,2333,33675
JCI,111283,JCI_111283_options.csv,219294,2017-01-03,2019-06-28,626,219294,146837,219294,165046,146837,109647,109647,9855,626,2091,30045
JEF,106905,JEF_106905_options.csv,96480,2017-01-03,2019-06-28,626,96480,83150,96480,96197,83150,48240,48240,4550,626,2333,33675
JNJ,106566,JNJ_106566_options.csv,4059573,2010-01-04,2019-06-28,2382,4057053,3343164,4056876,4056897,3343002,2028534,2028519,356103,2382,2333,29139
JNPR,106581,JNPR_106581_options.csv,3295311,2010-01-04,2019-06-28,1067,810390,709461,810390,810318,709461,405288,405102,33090,1067,756,10262
JPM,102936,JPM_102936_options.csv,592044,2017-01-03,2019-06-28,626,592044,505250,592044,591965,505250,296022,296022,51727,626,2333,33675
KEY,106674,KEY_106674_options.csv,338768,2017-01-03,2019-06-28,626,338768,265776,338768,335582,265776,169384,169384,15029,626,2333,33675
KHC,207608,KHC_207608_options.csv,929457,2015-07-07,2019-06-28,745,672249,553023,672249,645903,553023,336123,336126,33687,745,727,8265
KIM,106690,KIM_106690_options.csv,51148,2017-01-03,2019-06-28,626,51148,39727,51148,51142,39727,25574,25574,1474,626,2091,30045
KLAC,106595,KLAC_106595_options.csv,141955,2017-01-03,2019-06-28,626,141955,121487,141955,136666,121487,70977,70978,6458,626,2333,33543
KMB,106689,KMB_106689_options.csv,327746,2017-01-03,2019-06-28,626,327746,280372,327746,327208,280372,163873,163873,27384,626,2333,33675
KMI,146036,KMI_146036_options.csv,326409,2017-01-03,2019-06-28,626,326409,265943,326409,325196,265943,163204,163205,15534,626,1811,26109
KMX,103038,KMX_103038_options.csv,415112,2017-01-03,2019-06-28,626,415112,371495,415112,415108,371495,207556,207556,40354,626,2333,33675
KO,103125,KO_103125_options.csv,460756,2017-01-03,2019-06-28,626,460756,386673,460756,460719,386673,230378,230378,39088,626,2333,33675
KR,106744,KR_106744_options.csv,342309,2017-01-03,2019-06-28,626,342309,293671,342309,342275,293671,171154,171155,18002,626,2333,33455
KSS,106723,KSS_106723_options.csv,470284,2017-01-03,2019-06-28,626,470284,415767,470284,470089,415767,235142,235142,38703,626,2333,33323
L,107015,L_107015_options.csv,49286,2017-01-03,2019-06-28,626,49286,39759,49286,48711,39759,24643,24643,1767,626,2091,30045
LEN,106899,LEN_106899_options.csv,181282,2017-01-03,2019-06-28,626,181282,124889,181282,136049,124889,90640,90642,6709,625,2091,30045
LH,106790,LH_106790_options.csv,135441,2017-01-03,2019-06-28,626,135441,115800,135441,135363,115800,67720,67721,6866,626,2333,33675
LKQ,117833,LKQ_117833_options.csv,78752,2017-01-03,2019-06-28,626,78752,66251,78752,77047,66251,39376,39376,3273,626,2333,33675
LLY,106967,LLY_106967_options.csv,543566,2017-01-03,2019-06-28,626,543566,466960,543566,542329,466960,271783,271783,53746,626,2333,33675
LMT,107010,LMT_107010_options.csv,656855,2017-01-03,2019-06-28,626,656855,559566,656855,654799,559566,328425,328430,51980,626,2333,33675
LNC,106975,LNC_106975_options.csv,110544,2017-01-03,2019-06-28,626,110544,96335,110544,110502,96335,55271,55273,5976,626,2333,33675
LNT,101250,LNT_101250_options.csv,36912,2017-01-03,2019-06-28,626,36912,31954,36912,36591,31954,18456,18456,3326,626,2333,33675
LOW,107045,LOW_107045_options.csv,542291,2017-01-03,2019-06-28,626,542291,474432,542291,542202,474432,271146,271145,54199,626,2333,33675
LRCX,106808,LRCX_106808_options.csv,560507,2017-01-03,2019-06-28,626,560507,497395,560507,558473,497395,280251,280256,30151,626,2333,33433
LUV,110357,LUV_110357_options.csv,446159,2017-01-03,2019-06-28,626,446159,392489,446159,446064,392489,223079,223080,38473,626,2333,33631
LYB,144460,LYB_144460_options.csv,515020,2017-01-03,2019-06-28,626,515020,437886,515020,506421,437886,257510,257510,49816,626,2009,29871
MA,126938,MA_126938_options.csv,513458,2017-01-03,2019-06-28,626,513458,448847,513458,513098,448847,256728,256730,36834,626,2333,33653
MAA,107555,MAA_107555_options.csv,89935,2017-01-03,2019-06-28,626,89935,66480,89935,82936,66480,44967,44968,4005,626,1102,12306
MAC,107141,MAC_107141_options.csv,104142,2017-01-03,2019-06-28,626,104142,88566,104142,102069,88566,52073,52069,4113,626,2333,33675
MAR,107248,MAR_107248_options.csv,550132,2017-01-03,2019-06-28,626,550132,454981,550132,521776,454981,275066,275066,46725,626,2333,33675
MAS,107255,MAS_107255_options.csv,151646,2017-01-03,2019-06-28,626,151646,136753,151646,151358,136753,75823,75823,8209,626,2333,33675
MAT,107280,MAT_107280_options.csv,355044,2017-01-03,2019-06-28,626,355044,297329,355044,353306,297329,177522,177522,13382,626,2333,33675
MCD,107318,MCD_107318_options.csv,492883,2017-01-03,2019-06-28,626,492883,416272,492883,492803,416272,246441,246442,34402,626,2333,33675
MCHP,107532,MCHP_107532_options.csv,181325,2017-01-03,2019-06-28,626,181325,161648,181325,177423,161648,90660,90665,10412,626,2333,33675
MCK,107325,MCK_107325_options.csv,516368,2017-01-03,2019-06-28,626,516368,452157,516368,516339,452157,258184,258184,42170,626,2333,33543
MCO,107686,MCO_107686_options.csv,120904,2017-01-03,2019-06-28,626,120904,105486,120904,120772,105486,60453,60451,6429,626,2333,33675
MDLZ,115247,MDLZ_115247_options.csv,442046,2017-01-03,2019-06-28,626,442046,387659,442046,441311,387659,221023,221023,35938,626,2091,30045
MDT,107398,MDT_107398_options.csv,549790,2017-01-03,2019-06-28,626,549790,479041,549790,549109,479041,274895,274895,63205,626,2333,33675
MET,107484,MET_107484_options.csv,450875,2017-01-03,2019-06-28,626,450875,347645,450875,404910,347645,225437,225438,34877,625,2333,33675
MGM,107110,MGM_107110_options.csv,443065,2017-01-03,2019-06-28,626,443065,387977,443065,443009,387977,221532,221533,25754,626,2333,33675
MHK,107652,MHK_107652_options.csv,261428,2017-01-03,2019-06-28,626,261428,232504,261428,260216,232504,130711,130717,9150,626,2333,33675
MKC,107315,MKC_107315_options.csv,95794,2017-01-03,2019-06-28,626,95794,79977,95794,94552,79977,47898,47896,4815,626,2333,33675
MLM,107253,MLM_107253_options.csv,175746,2017-01-03,2019-06-28,626,175746,155642,175746,175725,155642,87873,87873,6322,626,2091,30045
MMM,107616,MMM_107616_options.csv,590108,2017-01-03,2019-06-28,626,590108,496580,590108,589971,496580,295054,295054,34957,626,2333,33675
MNST,105546,MNST_105546_options.csv,407370,2017-01-03,2019-06-28,626,407370,354666,407370,407276,354666,203685,203685,36544,626,2333,33675
MO,108965,MO_108965_options.csv,500423,2017-01-03,2019-06-28,626,500423,423749,500423,499843,423749,250211,250212,44660,626,2333,33675
MOS,105914,MOS_105914_options.csv,414254,2017-01-03,2019-06-28,626,414254,346000,414254,413880,346000,207128,207126,22119,626,2333,33675
MPC,148257,MPC_148257_options.csv,548056,2017-01-03,2019-06-28,626,548056,449574,548054,511962,449572,274030,274026,44624,626,1720,25800
MRK,107430,MRK_107430_options.csv,516378,2017-01-03,2019-06-28,626,516378,441992,516378,516262,441992,258188,258190,49964,626,2333,33675
MS,107704,MS_107704_options.csv,472887,2017-01-03,2019-06-28,626,472887,410997,472887,472870,410997,236443,236444,34678,626,2333,33675
MSFT,107525,MSFT_107525_options.csv,644292,2017-01-03,2019-06-28,626,644292,553328,644292,644035,553328,322149,322143,53406,626,2333,33631
MSI,107747,MSI_107747_options.csv,150102,2017-01-03,2019-06-28,626,150102,136877,150102,149962,136877,75051,75051,8140,626,2333,33565
MTB,107074,MTB_107074_options.csv,114785,2017-01-03,2019-06-28,626,114785,100021,114785,114771,100021,57392,57393,6767,626,2333,33675
MTD,107504,MTD_107504_options.csv,132152,2017-01-03,2019-06-28,626,132152,104973,132152,114181,104973,66076,66076,11754,626,2091,30045
MU,107544,MU_107544_options.csv,535943,2017-01-03,2019-06-28,626,535943,492496,535943,535929,492496,267971,267972,30784,626,2091,30045
NAVI,204016,NAVI_204016_options.csv,64119,2017-01-03,2019-06-28,626,64119,51266,64119,64051,51266,32060,32059,994,626,1024,14876
NCLH,161182,NCLH_161182_options.csv,138480,2017-01-03,2019-06-28,626,138480,127197,138480,138476,127197,69240,69240,6581,626,1332,16020
NDAQ,115885,NDAQ_115885_options.csv,93571,2017-01-03,2019-06-28,626,93571,80479,93571,92739,80479,46786,46785,6417,626,2333,33675
NEE,104560,NEE_104560_options.csv,164826,2017-01-03,2019-06-28,626,164826,143404,164826,164769,143404,82413,82413,9278,626,2333,33675
NEM,108130,NEM_108130_options.csv,476307,2017-01-03,2019-06-28,626,476307,407406,476307,465619,407406,238153,238154,30530,626,2091,29935
NFLX,115422,NFLX_115422_options.csv,1014919,2017-01-03,2019-06-28,626,1014919,926532,1014917,1014872,926532,507459,507460,52168,626,2091,30045
NI,108166,NI_108166_options.csv,91178,2017-01-03,2019-06-28,626,91178,73217,91178,89427,73217,45589,45589,5090,626,2333,33675
NKE,108161,NKE_108161_options.csv,496660,2017-01-03,2019-06-28,626,496660,432347,496659,496526,432346,248329,248331,48861,626,2333,33543
NLSN,145873,NLSN_145873_options.csv,1341724,2011-02-03,2019-06-28,235,68352,54348,68352,68352,54348,34176,34176,3068,235,231,3465
NOC,108231,NOC_108231_options.csv,628665,2017-01-03,2019-06-28,626,628665,548133,628665,627743,548133,314331,314334,47806,626,2091,30045
NOV,107939,NOV_107939_options.csv,444002,2017-01-03,2019-06-28,626,444002,383266,444002,443965,383266,222000,222002,28512,626,2091,30045
NRG,119846,NRG_119846_options.csv,303406,2017-01-03,2019-06-28,626,303406,269511,303406,303377,269511,151703,151703,18299,626,2333,33675
NSC,108186,NSC_108186_options.csv,528206,2017-01-03,2019-06-28,626,528206,464744,528206,528197,464744,264103,264103,39718,626,2091,30045
NTAP,108055,NTAP_108055_options.csv,477279,2017-01-03,2019-06-28,626,477279,417117,477279,476220,417117,238629,238650,40007,626,2333,33675
NTRS,108226,NTRS_108226_options.csv,94756,2017-01-03,2019-06-28,626,94756,81975,94756,94597,81975,47378,47378,5127,626,2333,33675
NUE,108279,NUE_108279_options.csv,452575,2017-01-03,2019-06-28,626,452575,397841,452575,452543,397841,226286,226289,41879,626,2333,33675
NVDA,108321,NVDA_108321_options.csv,6454832,2010-01-04,2019-06-28,2382,6450128,5553424,6450128,6447620,5553424,3225048,3225080,309220,2382,2333,33675
NWL,108120,NWL_108120_options.csv,196434,2017-01-03,2019-06-28,626,196434,170038,196434,196252,170038,98217,98217,7183,626,2333,33675
NWSA,166742,NWSA_166742_options.csv,85788,2017-01-03,2019-06-28,626,85788,64418,85788,81685,64418,42894,42894,2443,626,1229,16983
O,109507,O_109507_options.csv,120090,2017-01-03,2019-06-28,626,120090,103295,120090,119824,103295,60046,60044,6102,626,2333,33675
OKE,108463,OKE_108463_options.csv,447563,2017-01-03,2019-06-28,626,447563,363325,447563,430490,363325,223781,223782,41752,626,2333,33675
OMC,108429,OMC_108429_options.csv,136769,2017-01-03,2019-06-28,626,136769,120010,136769,136398,120010,68385,68384,7895,626,2333,33675
ORCL,108505,ORCL_108505_options.csv,439350,2017-01-03,2019-06-28,626,439350,378569,439350,439242,378569,219674,219676,33582,626,2333,33675
ORLY,108529,ORLY_108529_options.csv,211941,2017-01-03,2019-06-28,626,211941,184491,211941,203514,184491,105971,105970,7603,626,2333,33675
OXY,108385,OXY_108385_options.csv,512498,2017-01-03,2019-06-28,626,512498,426912,512498,496184,426912,256247,256251,47661,626,2333,33675
PAYX,108804,PAYX_108804_options.csv,143666,2017-01-03,2019-06-28,626,143666,125315,143666,143658,125315,71833,71833,8098,626,2333,33675
PCAR,108670,PCAR_108670_options.csv,144002,2017-01-03,2019-06-28,626,144002,128544,144002,143951,128544,72001,72001,7521,626,2333,33675
PCG,108609,PCG_108609_options.csv,317808,2017-01-03,2019-06-28,626,317808,268680,317808,314952,268680,158903,158905,16763,626,2333,33653
PEG,109285,PEG_109285_options.csv,51132,2017-01-03,2019-06-28,626,51132,39590,51132,50736,39590,25566,25566,2154,626,2333,33675
PEP,108893,PEP_108893_options.csv,500676,2017-01-03,2019-06-28,626,500676,424674,500676,500618,424674,250337,250339,43389,626,2333,33675
PFE,108948,PFE_108948_options.csv,429530,2017-01-03,2019-06-28,626,429530,359311,429530,429347,359311,214764,214766,32296,626,2091,30023
PFG,113096,PFG_113096_options.csv,63646,2017-01-03,2019-06-28,626,63646,51226,63646,62846,51226,31823,31823,2121,626,2333,33675
PG,109224,PG_109224_options.csv,546823,2017-01-03,2019-06-28,626,546823,462870,546823,546810,462870,273414,273409,61123,626,2333,33543
PGR,109245,PGR_109245_options.csv,134386,2017-01-03,2019-06-28,626,134386,119200,134386,133897,119200,67193,67193,8070,626,2333,33675
PH,108768,PH_108768_options.csv,170719,2017-01-03,2019-06-28,626,170719,152769,170719,170716,152769,85360,85359,8725,626,2091,30045
PHM,109297,PHM_109297_options.csv,375706,2017-01-03,2019-06-28,626,375706,318204,375706,375679,318204,187853,187853,21968,626,2333,33675
PKG,108706,PKG_108706_options.csv,104474,2017-01-03,2019-06-28,626,104474,89104,104474,103400,89104,52236,52238,5022,626,2333,33631
PLD,100906,PLD_100906_options.csv,74642,2017-01-03,2019-06-28,626,74642,54818,74642,67454,54818,37319,37323,2985,626,2091,30045
PM,135403,PM_135403_options.csv,544521,2017-01-03,2019-06-28,626,544521,461249,544521,544177,461249,272260,272261,49799,626,2091,30045
PNC,108642,PNC_108642_options.csv,321299,2017-01-03,2019-06-28,626,321299,280394,321299,320860,280394,160649,160650,25005,626,2333,33675
PNR,108861,PNR_108861_options.csv,61254,2017-01-03,2019-06-28,626,61254,44033,61254,53838,44033,30627,30627,2009,625,2091,30045
PNW,109024,PNW_109024_options.csv,82894,2017-01-03,2019-06-28,626,82894,61670,82894,79330,61670,41447,41447,3556,626,2333,33675
PPG,108645,PPG_108645_options.csv,317141,2017-01-03,2019-06-28,626,317141,275281,317141,316859,275281,158571,158570,25918,626,2333,33675
PPL,108649,PPL_108649_options.csv,2329204,2010-01-04,2019-06-28,2136,2234907,1173565,1043016,837770,693280,446289,446330,49447,2135,2091,30045
PRGO,108916,PRGO_108916_options.csv,500944,2017-01-03,2019-06-28,626,500944,435133,500944,500336,435133,250472,250472,45019,626,2333,33675
PRU,113437,PRU_113437_options.csv,177835,2017-01-03,2019-06-28,626,177835,158055,177835,177784,158055,88917,88918,8335,626,2333,33675
PSA,109286,PSA_109286_options.csv,146629,2017-01-03,2019-06-28,626,146629,123486,146629,146578,123486,73314,73315,5819,626,2333,33675
PSX,152875,PSX_152875_options.csv,523240,2017-01-03,2019-06-28,626,523240,451744,523240,523160,451744,261618,261622,55004,626,1521,19273
PVH,108970,PVH_108970_options.csv,185561,2017-01-03,2019-06-28,626,185561,168881,185561,185495,168881,92779,92782,7525,626,2333,33675
PWR,109356,PWR_109356_options.csv,124912,2017-01-03,2019-06-28,626,124912,112679,124912,124887,112679,62456,62456,7082,626,2333,33565
PYPL,207609,PYPL_207609_options.csv,546878,2017-01-03,2019-06-28,626,546878,489748,546878,546769,489748,273439,273439,49430,626,727,10795
QCOM,109348,QCOM_109348_options.csv,462648,2017-01-03,2019-06-28,626,462648,401780,462648,461991,401780,231323,231325,34658,626,2091,30045
QRVO,206043,QRVO_206043_options.csv,192124,2017-01-03,2019-06-28,626,192124,177417,192124,191698,177417,96062,96062,8810,626,1102,12306
RCL,112463,RCL_112463_options.csv,410760,2017-01-03,2019-06-28,626,410760,364044,410760,410746,364044,205379,205381,32189,626,2333,33675
REG,109542,REG_109542_options.csv,69556,2017-01-03,2019-06-28,626,69556,49693,69556,63156,49693,34778,34778,2329,626,2333,33675
REGN,109538,REGN_109538_options.csv,925622,2017-01-03,2019-06-28,626,925622,823978,925622,908746,823978,462810,462812,65380,626,2089,30015
RF,109543,RF_109543_options.csv,132772,2017-01-03,2019-06-28,626,132772,111262,132772,132430,111262,66386,66386,3924,626,2333,33675
RHI,109667,RHI_109667_options.csv,61107,2017-01-03,2019-06-28,626,61107,52350,61107,60661,52350,30553,30554,2228,626,2333,33675
RJF,109491,RJF_109491_options.csv,96084,2017-01-03,2019-06-28,626,96084,82209,96084,95568,82209,48042,48042,6664,626,2091,30045
RL,109088,RL_109088_options.csv,524823,2017-01-03,2019-06-28,626,524823,458756,524823,521146,458756,262410,262413,45897,626,2333,33675
RMD,109593,RMD_109593_options.csv,88486,2017-01-03,2019-06-28,626,88486,76515,88486,88023,76515,44244,44242,3708,626,2333,33675
ROK,109678,ROK_109678_options.csv,160598,2017-01-03,2019-06-28,626,160598,140515,160598,159446,140515,80298,80300,8335,626,2091,30045
ROP,109699,ROP_109699_options.csv,124269,2017-01-03,2019-06-28,626,124269,102163,124269,118843,102163,62135,62134,5589,626,2333,33675
ROST,109706,ROST_109706_options.csv,171436,2017-01-03,2019-06-28,626,171436,156175,171436,171323,156175,85718,85718,9334,626,2333,33433
RRC,109476,RRC_109476_options.csv,290284,2017-01-03,2019-06-28,626,290284,247217,290284,289538,247217,145142,145142,8816,626,2333,33675
RSG,109586,RSG_109586_options.csv,68520,2017-01-03,2019-06-28,626,68520,54350,68520,68116,54350,34260,34260,2411,626,2333,33653
SBAC,109777,SBAC_109777_options.csv,103439,2017-01-03,2019-06-28,626,103439,91190,103439,103420,91190,51720,51719,6014,626,2333,33675
SBUX,110472,SBUX_110472_options.csv,395168,2017-01-03,2019-06-28,626,395168,337107,395168,395030,337107,197588,197580,36158,626,2333,33675
SCHW,109965,SCHW_109965_options.csv,434212,2017-01-03,2019-06-28,626,434212,376330,434212,433640,376330,217106,217106,34937,626,2091,30045
SHW,110117,SHW_110117_options.csv,375141,2017-01-03,2019-06-28,626,375141,323096,375141,374123,323096,187571,187570,35309,626,2091,30045
SIG,110158,SIG_110158_options.csv,293672,2017-01-03,2019-06-28,626,293672,261538,293672,293605,261538,146834,146838,15058,626,2333,33653
SJM,115429,SJM_115429_options.csv,149855,2017-01-03,2019-06-28,626,149855,129950,149855,149166,129950,74928,74927,6288,626,2333,33675
SLB,109956,SLB_109956_options.csv,4715436,2010-01-04,2019-06-28,2136,4496040,3092232,3351315,4405862,2467656,1498656,1498704,236454,2136,2091,30045
SLG,109812,SLG_109812_options.csv,89690,2017-01-03,2019-06-28,626,89690,72942,89690,88330,72942,44844,44846,3800,626,2333,33675
SNA,110262,SNA_110262_options.csv,916572,2010-01-04,2019-06-28,2136,871986,625323,599182,867972,503050,290660,290664,34310,2136,2091,27093
SNPS,110700,SNPS_110700_options.csv,80544,2017-01-03,2019-06-28,626,80544,67520,80544,76552,67520,40272,40272,3786,626,2333,33675
SO,110337,SO_110337_options.csv,248284,2017-01-03,2019-06-28,626,248284,204003,248284,248215,204003,124141,124143,17957,626,2333,33675
SPG,110188,SPG_110188_options.csv,2168505,2010-01-04,2019-06-28,2382,2163501,1452202,1518788,2081023,1175486,721170,721164,64604,2381,2333,33675
SPGI,107321,SPGI_107321_options.csv,302560,2017-01-03,2019-06-28,626,302560,260696,302560,301724,260696,151279,151281,20542,626,2089,30015
SRE,110051,SRE_110051_options.csv,112973,2017-01-03,2019-06-28,626,112973,92968,112973,112684,92968,56486,56487,5261,626,2333,33675
STT,110490,STT_110490_options.csv,2073567,2010-01-04,2019-06-28,2136,1875099,1355006,1308311,1874309,1092028,625028,625038,62740,2136,2091,30045
STX,116539,STX_116539_options.csv,460522,2017-01-03,2019-06-28,626,460522,399970,460522,460453,399970,230261,230261,31477,626,2333,33675
STZ,103368,STZ_103368_options.csv,392473,2017-01-03,2019-06-28,626,392473,346118,392473,392108,346118,196236,196237,24305,626,2333,33675
SWK,110460,SWK_110460_options.csv,2294853,2010-01-04,2019-06-28,2382,2292909,1622343,1586425,2256731,1303970,764298,764308,98920,2382,2333,30723
SWKS,101281,SWKS_101281_options.csv,567363,2017-01-03,2019-06-28,626,567363,502358,567363,567208,502358,283679,283684,50573,626,2333,30705
SYF,205036,SYF_205036_options.csv,439450,2017-01-03,2019-06-28,626,439450,379679,439450,439383,379679,219725,219725,26559,626,954,14200
SYK,110578,SYK_110578_options.csv,133492,2017-01-03,2019-06-28,626,133492,117029,133492,133447,117029,66746,66746,7725,626,2333,33675
SYY,110716,SYY_110716_options.csv,249736,2017-01-03,2019-06-28,626,249736,210297,249736,249358,210297,124868,124868,26113,626,2333,33543
T,109775,T_109775_options.csv,510860,2017-01-03,2019-06-28,626,510860,395986,510860,478910,395986,255427,255433,31568,626,2091,30045
TAP,103404,TAP_103404_options.csv,485608,2017-01-03,2019-06-28,626,485608,424926,485608,485601,424926,242804,242804,51523,626,2333,33675
TDG,125971,TDG_125971_options.csv,274877,2017-01-03,2019-06-28,626,274877,242652,274877,266261,242652,137441,137436,10338,626,2091,30045
TEL,129711,TEL_129711_options.csv,77795,2017-01-03,2019-06-28,626,77795,64299,77795,77376,64299,38897,38898,3556,626,2333,33675
TGT,110810,TGT_110810_options.csv,474962,2017-01-03,2019-06-28,626,474962,414793,474962,474954,414793,237481,237481,45106,626,2333,33675
TJX,110752,TJX_110752_options.csv,153120,2017-01-03,2019-06-28,626,153120,135472,153120,153071,135472,76560,76560,8205,626,2333,33653
TMO,110991,TMO_110991_options.csv,203088,2017-01-03,2019-06-28,626,203088,180115,203088,202939,180115,101544,101544,8240,626,2333,33653
TPR,103109,TPR_103109_options.csv,385858,2017-01-03,2019-06-28,626,385858,330850,385858,384373,330850,192929,192929,28768,626,2091,30045
TRIP,151386,TRIP_151386_options.csv,3846744,2011-12-22,2019-06-28,1642,3686592,2703016,2582474,3685206,2159278,1228868,1228860,173104,1642,1605,23855
TROW,109181,TROW_109181_options.csv,259574,2017-01-03,2019-06-28,626,259574,221112,259574,259361,221112,129787,129787,25696,626,2333,33675
TRV,109869,TRV_109869_options.csv,152924,2017-01-03,2019-06-28,626,152924,131011,152924,152702,131011,76462,76462,7102,626,2333,33675
TSCO,111122,TSCO_111122_options.csv,1882995,2010-01-04,2019-06-28,2382,1881447,1358591,1313327,1879737,1090100,627150,627148,95966,2382,2333,33455
TSN,111285,TSN_111285_options.csv,419711,2017-01-03,2019-06-28,626,419711,368752,419711,419684,368752,209856,209855,40112,626,2091,30045
TSS,111107,TSS_111107_options.csv,606090,2010-01-04,2019-06-28,342,64332,40222,43507,64000,32980,21444,21444,1568,342,333,4650
TWX,101328,TWX_101328_options.csv,3435390,2010-01-04,2018-06-14,2121,3429348,2293417,2399748,3313100,1846864,1143116,1143116,197820,2120,2079,23961
TXN,110972,TXN_110972_options.csv,480053,2017-01-03,2019-06-28,626,480053,418158,480053,479703,418158,240020,240033,44507,626,2333,33675
TXT,110979,TXT_110979_options.csv,1818003,2010-01-04,2019-06-28,2382,1814547,1326407,1268353,1812293,1065476,604848,604850,54544,2382,2333,29271
UAA,125183,UAA_125183_options.csv,3730787,2010-01-04,2019-06-28,2382,3729599,2483276,2711740,3583529,1996902,1242422,1242381,153047,2381,2333,30771
UAL,125537,UAL_125537_options.csv,436249,2017-01-03,2019-06-28,626,436249,390230,436249,436153,390230,218125,218124,38799,626,2333,33675
UDR,111416,UDR_111416_options.csv,44574,2017-01-03,2019-06-28,626,44574,33793,44574,43387,33793,22287,22287,1960,626,2333,33675
UHS,111493,UHS_111493_options.csv,101486,2017-01-03,2019-06-28,626,101486,88346,101486,101394,88346,50743,50743,4684,626,2333,33675
ULTA,134685,ULTA_134685_options.csv,699860,2017-01-03,2019-06-28,626,699860,624665,699860,698804,624665,349930,349930,44125,626,2091,29605
UNH,111469,UNH_111469_options.csv,551542,2017-01-03,2019-06-28,626,551542,475532,551542,547657,475532,275768,275774,35919,626,2333,33433
UNM,111504,UNM_111504_options.csv,76963,2017-01-03,2019-06-28,626,76963,64581,76963,76025,64581,38481,38482,3717,626,2333,33675
UNP,111394,UNP_111394_options.csv,597955,2017-01-03,2019-06-28,626,597955,520818,597955,597848,520818,298978,298977,43618,626,2333,33675
UPS,111434,UPS_111434_options.csv,494797,2017-01-03,2019-06-28,626,494797,419301,494797,494721,419301,247397,247400,42170,626,2091,30045
URI,111436,URI_111436_options.csv,640959,2017-01-03,2019-06-28,626,640959,573362,640959,640356,573362,320479,320480,41369,626,1348,15996
USB,104866,USB_104866_options.csv,398583,2017-01-03,2019-06-28,626,398583,339936,398583,398533,339936,199290,199293,35258,626,2333,33675
V,135419,V_135419_options.csv,558484,2017-01-03,2019-06-28,626,558484,488809,558484,558247,488809,279235,279249,49569,626,2333,33675
VFC,111537,VFC_111537_options.csv,364276,2017-01-03,2019-06-28,626,364276,307261,364276,350826,307261,182138,182138,35875,625,2333,30723
VIAB,125237,VIAB_125237_options.csv,2949558,2010-01-04,2019-06-28,290,230919,166949,159867,153934,135858,76972,76974,7916,290,273,4095
VLO,111560,VLO_111560_options.csv,520320,2017-01-03,2019-06-28,626,520320,452271,520320,520270,452271,260159,260161,49354,626,2333,33675
VMC,111822,VMC_111822_options.csv,188864,2017-01-03,2019-06-28,626,188864,169331,188864,188854,169331,94432,94432,7416,626,2333,33675
VNO,111814,VNO_111814_options.csv,83165,2017-01-03,2019-06-28,626,83165,62053,83165,76234,62053,41582,41583,2632,625,2333,33675
VRSK,139590,VRSK_139590_options.csv,83794,2017-01-03,2019-06-28,626,83794,67597,83794,79631,67597,41897,41897,4148,626,2145,31955
VRSN,111666,VRSN_111666_options.csv,146037,2017-01-03,2019-06-28,626,146037,128559,146037,143238,128559,73019,73018,7309,626,2091,30045
VRTX,111683,VRTX_111683_options.csv,601178,2017-01-03,2019-06-28,626,601178,524373,601178,600132,524373,300593,300585,35811,626,2087,29985
VTR,111647,VTR_111647_options.csv,99235,2017-01-03,2019-06-28,626,99235,82876,99235,99069,82876,49618,49617,5232,626,2333,33675
VZ,111668,VZ_111668_options.csv,490222,2017-01-03,2019-06-28,626,490222,373841,490222,450003,373841,245123,245099,34275,626,2333,33675
WAT,111902,WAT_111902_options.csv,1095561,2010-01-04,2019-06-28,2382,1093617,784919,743782,1092583,628638,364540,364538,34506,2382,2333,33675
WBA,111861,WBA_111861_options.csv,4237005,2010-01-04,2019-06-28,1130,2883753,2044662,2101102,2882533,1636280,961250,961252,193964,1130,1108,10968
WDC,111987,WDC_111987_options.csv,586174,2017-01-03,2019-06-28,626,586174,506701,586164,569197,506694,293078,293096,47315,626,2333,33675
WEC,112087,WEC_112087_options.csv,65495,2017-01-03,2019-06-28,626,65495,51091,65495,64813,51091,32748,32747,2624,626,2333,33675
WELL,105633,WELL_105633_options.csv,130811,2017-01-03,2019-06-28,626,130811,108786,130811,130666,108786,65406,65405,6601,626,2333,33675
WFC,111953,WFC_111953_options.csv,502026,2017-01-03,2019-06-28,626,502026,427457,502025,502023,427456,251013,251013,40910,626,2333,33675
WHR,112015,WHR_112015_options.csv,517286,2017-01-03,2019-06-28,626,517286,452145,517286,517174,452145,258641,258645,37220,626,2333,33675
WLTW,115225,WLTW_115225_options.csv,700257,2010-01-04,2019-06-28,2382,699357,437960,469739,424442,353616,233118,233120,23010,2380,2333,33675
WM,111893,WM_111893_options.csv,147006,2017-01-03,2019-06-28,626,147006,126999,147006,146992,126999,73502,73504,8915,626,2333,33675
WMB,112042,WMB_112042_options.csv,423051,2017-01-03,2019-06-28,626,423051,327614,423051,404282,327614,211524,211527,23684,626,2333,33675
WMT,111860,WMT_111860_options.csv,535935,2017-01-03,2019-06-28,626,535935,468243,535935,535906,468243,267968,267967,57787,626,2333,33675
WU,127593,WU_127593_options.csv,97476,2017-01-03,2019-06-28,626,97476,82168,97476,97441,82168,48738,48738,4271,626,2091,30045
WY,112011,WY_112011_options.csv,396490,2017-01-03,2019-06-28,626,396490,326511,396490,395572,326511,198243,198247,25300,626,2333,33675
WYNN,116416,WYNN_116416_options.csv,628036,2017-01-03,2019-06-28,626,628036,555465,628033,627518,555462,314018,314018,42063,626,2333,33675
XEC,116327,XEC_116327_options.csv,1370976,2010-01-04,2019-06-28,476,194682,139650,135985,194672,111740,64894,64894,4764,476,387,5805
XEL,112158,XEL_112158_options.csv,48636,2017-01-03,2019-06-28,626,48636,36152,48636,45782,36152,24318,24318,2061,626,2333,33675
XOM,104533,XOM_104533_options.csv,590254,2017-01-03,2019-06-28,626,590254,485100,590241,567001,485100,295125,295129,59996,626,2091,30045
XRAY,103784,XRAY_103784_options.csv,95344,2017-01-03,2019-06-28,626,95344,82002,95344,93779,82002,47672,47672,4146,626,2333,33675
XRX,112169,XRX_112169_options.csv,179145,2017-01-03,2019-06-28,626,179145,127034,179145,143584,127034,89573,89572,6295,624,2333,33675
XYL,150893,XYL_150893_options.csv,69022,2017-01-03,2019-06-28,626,69022,57472,69022,67959,57472,34510,34512,2911,626,1643,24535
YUM,111206,YUM_111206_options.csv,515126,2017-01-03,2019-06-28,626,515126,401108,515126,466474,401108,257563,257563,54979,626,2091,30045
ZBH,112888,ZBH_112888_options.csv,128448,2017-01-03,2019-06-28,626,128448,110061,128448,127857,110061,64224,64224,5469,626,2091,30045
ZION,112233,ZION_112233_options.csv,154381,2017-01-03,2019-06-28,626,154381,135286,154381,153078,135286,77190,77191,8168,626,2333,33675
ZTS,161291,ZTS_161291_options.csv,458509,2017-01-03,2019-06-28,626,458509,396604,458509,455537,396604,229255,229254,50373,626,1323,18789
