threshold,model,horizon,direction,n,mean_pnl,median_pnl,win_rate,total_pnl
1.0,EGARCH,5,SHORT_VOL,13389,12.525235308467876,3.3671567669595435,0.5493315408170887,167700.3755450764
1.0,EGARCH,10,SHORT_VOL,10934,17.382017065393672,8.405767674037481,0.578836656301445,190054.97459301443
1.0,ESG-EGARCH,5,SHORT_VOL,14056,12.10732350896782,3.4212615246232594,0.5503699487763233,170180.5392420517
1.0,ESG-EGARCH,10,SHORT_VOL,11578,16.42643130971887,7.89518379365046,0.5798065296251511,190185.22170392505
1.0,ESG-EGARCH(E),5,SHORT_VOL,14112,12.099284045196216,3.4873473472640724,0.551374716553288,170745.096445809
1.0,ESG-EGARCH(E),10,SHORT_VOL,11624,16.46707871335004,7.906976507828242,0.5793186510667584,191413.32296398087
1.0,ESG-EGARCH(G),5,SHORT_VOL,14052,12.003343387904383,3.3959657092784195,0.5498861372046684,168670.9812868324
1.0,ESG-EGARCH(G),10,SHORT_VOL,11574,16.280372383013095,7.830488594644744,0.578538102643857,188429.02996099356
1.0,ESG-EGARCH(S),5,SHORT_VOL,14097,11.956070362050617,3.360380406844058,0.5492658012343051,168544.72389382756
1.0,ESG-EGARCH(S),10,SHORT_VOL,11614,16.283515045181932,7.789438053767341,0.5783537110384019,189116.74373474295
1.0,ESG-GARCH,5,SHORT_VOL,13337,12.421050713374534,3.559072845949925,0.5524480767788859,165659.55336427616
1.0,ESG-GARCH,10,SHORT_VOL,10909,17.381868998495584,7.937007599434906,0.5803465028875241,189618.8089045883
1.0,ESG-GARCH(E),5,SHORT_VOL,13410,12.421055555359414,3.626437344971894,0.5535421327367636,166566.35499736975
1.0,ESG-GARCH(E),10,SHORT_VOL,10953,17.45394901466132,7.917332912141369,0.5795672418515475,191173.10355758542
1.0,ESG-GARCH(G),5,SHORT_VOL,13341,12.254169248109212,3.5044048142598294,0.5519076530994678,163482.871939025
1.0,ESG-GARCH(G),10,SHORT_VOL,10911,17.254658035033696,7.789859086403393,0.5784987627165246,188265.57382025264
1.0,ESG-GARCH(S),5,SHORT_VOL,13366,12.334593175783882,3.541041421939144,0.5522968726619781,164864.17238752736
1.0,ESG-GARCH(S),10,SHORT_VOL,10925,17.383061134966333,7.89826649949644,0.5790389016018307,189909.94289950718
1.0,ESG-GJR-GARCH,5,SHORT_VOL,12949,12.603015748319146,3.6246701748183963,0.5530156768862461,163196.45092498462
1.0,ESG-GJR-GARCH,10,SHORT_VOL,10550,16.495717815211165,8.339747917508225,0.5819905213270142,174029.8229504778
1.0,ESG-GJR-GARCH(E),5,SHORT_VOL,13011,12.614542285276718,3.6736996100921857,0.5534547690415802,164127.80967373538
1.0,ESG-GJR-GARCH(E),10,SHORT_VOL,10604,16.57372693483723,8.344196087920539,0.5819502074688797,175747.800417014
1.0,ESG-GJR-GARCH(G),5,SHORT_VOL,12920,12.570919170758405,3.527793318717231,0.551780185758514,162416.27568619858
1.0,ESG-GJR-GARCH(G),10,SHORT_VOL,10521,16.415123290329216,8.360011091591154,0.5813135633494915,172703.51213755368
1.0,ESG-GJR-GARCH(S),5,SHORT_VOL,12996,12.577000597179357,3.5573035697156223,0.5523237919359802,163450.69976094292
1.0,ESG-GJR-GARCH(S),10,SHORT_VOL,10591,16.298517444539016,8.241028532090121,0.5814370692097064,172617.5982551127
1.0,GARCH,5,SHORT_VOL,12510,13.482668063657101,3.6468962723307516,0.5513189448441247,168668.17747635033
1.0,GARCH,10,SHORT_VOL,10135,18.21533623135147,8.271041518337395,0.5772076961026147,184612.43270474713
1.0,GJR-GARCH,5,SHORT_VOL,12203,12.7874580298575,3.646149809094137,0.5503564697205605,156045.35033835107
1.0,GJR-GARCH,10,SHORT_VOL,9891,16.60620799632133,8.13009395698134,0.5768880800727935,164252.00329161427
1.0,EGARCH,20,SHORT_VOL,3447,25.492165657514615,11.242058397322296,0.5842761821874093,87871.49502145288
1.0,EGARCH,5,LONG_VOL,15519,2.6196942289262544,1.9856297178883473,0.5396610606353502,40655.03473870654
1.0,EGARCH,10,LONG_VOL,13412,-0.15103673464846695,1.847553053675484,0.5234118699671936,-2025.7046851052387
1.0,EGARCH,20,LONG_VOL,4778,-4.2385694818528075,-2.0085151199559594,0.4822101297614064,-20251.884984292712
1.0,ESG-EGARCH,20,SHORT_VOL,3716,22.45296013888434,10.358474940942692,0.5796555435952637,83435.19987609421
1.0,ESG-EGARCH,5,LONG_VOL,13830,2.7022318817985083,1.982408436990862,0.540997830802603,37371.86692527337
1.0,ESG-EGARCH,10,LONG_VOL,11954,-0.8692711740883675,1.9187460802013114,0.5255144721432157,-10391.267615052346
1.0,ESG-EGARCH,20,LONG_VOL,4215,-1.665029217278726,-0.7248172592362785,0.49205219454329774,-7018.09815082983
1.0,ESG-EGARCH(E),20,SHORT_VOL,3717,22.699395986690714,10.533346094890575,0.580575733118106,84373.65488252939
1.0,ESG-EGARCH(E),5,LONG_VOL,13827,2.555594812941011,1.944209238044949,0.540030375352571,35336.20947853536
1.0,ESG-EGARCH(E),10,LONG_VOL,11953,-1.5259611902791304,1.9014953584317433,0.5250564711787836,-18239.814107406444
1.0,ESG-EGARCH(E),20,LONG_VOL,4235,-3.771674912773757,-0.7239366268712111,0.4923258559622196,-15973.04325559686
1.0,ESG-EGARCH(G),20,SHORT_VOL,3714,22.51890378555078,10.195120482012161,0.5778136779752289,83635.2086595356
1.0,ESG-EGARCH(G),5,LONG_VOL,13939,2.65280771900005,2.00160562742155,0.540784848267451,36977.486795141696
1.0,ESG-EGARCH(G),10,LONG_VOL,12045,-0.743957283171487,1.9549570136312138,0.5261934412619345,-8960.965475800562
1.0,ESG-EGARCH(G),20,LONG_VOL,4253,-1.1488625441470186,-0.46275038586641415,0.49541500117564075,-4886.11240025727
1.0,ESG-EGARCH(S),20,SHORT_VOL,3736,22.25751282000162,10.099027138547957,0.5770877944325482,83154.06789552605
1.0,ESG-EGARCH(S),5,LONG_VOL,13878,2.4476315119291265,1.9426598163241429,0.5401354662055051,33968.23012255242
1.0,ESG-EGARCH(S),10,LONG_VOL,11994,-1.6638722641738233,1.8421771130337792,0.5243455060863765,-19956.483936500837
1.0,ESG-EGARCH(S),20,LONG_VOL,4225,-3.760628289563052,-0.747633201367087,0.4918343195266272,-15888.654523403895
1.0,ESG-GARCH,20,SHORT_VOL,3415,23.42860232165777,9.825983777299882,0.5756954612005857,80008.67692846128
1.0,ESG-GARCH,5,LONG_VOL,15196,2.0302634497025136,2.014937014957458,0.540800210581732,30851.883381679396
1.0,ESG-GARCH,10,LONG_VOL,13187,-1.8595286299982183,1.9613948122609859,0.5268067035716995,-24521.604043786505
1.0,ESG-GARCH,20,LONG_VOL,4668,-3.7833863978937314,-1.2695799404840074,0.4875749785775493,-17660.847705367938
1.0,ESG-GARCH(E),20,SHORT_VOL,3422,23.40207740043509,9.855211510298247,0.575686732904734,80081.90886428888
1.0,ESG-GARCH(E),5,LONG_VOL,15194,2.1535206441645633,2.0152319579636258,0.5408055811504541,32720.592667436376
1.0,ESG-GARCH(E),10,LONG_VOL,13184,-2.232329498209369,1.9310051749759451,0.5262439320388349,-29431.032104392318
1.0,ESG-GARCH(E),20,LONG_VOL,4671,-5.913033110438179,-1.3302584171701781,0.4861913937058446,-27619.777658856736
1.0,ESG-GARCH(G),20,SHORT_VOL,3421,23.261281880053616,9.794138524660525,0.574393452206957,79576.84531166342
1.0,ESG-GARCH(G),5,LONG_VOL,15308,2.128574430281528,2.0194345013156454,0.541024301019075,32584.217378749636
1.0,ESG-GARCH(G),10,LONG_VOL,13285,-2.117129579148038,1.9356979546306832,0.5264584117425668,-28126.066458981684
1.0,ESG-GARCH(G),20,LONG_VOL,4704,-5.504465013528834,-0.9960923325803179,0.4897959183673469,-25893.003423639635
1.0,ESG-GARCH(S),20,SHORT_VOL,3427,23.339988994273682,9.684837401403144,0.573971403559965,79986.14228337591
1.0,ESG-GARCH(S),5,LONG_VOL,15199,1.9880233038986763,1.9590791770147522,0.5400355286532008,30215.96619595598
1.0,ESG-GARCH(S),10,LONG_VOL,13184,-2.3005666406864385,1.8858086726056351,0.5254854368932039,-30330.670590810005
1.0,ESG-GARCH(S),20,LONG_VOL,4659,-5.924254571804111,-1.2970594239792312,0.48722901910281174,-27601.102050035355
1.0,ESG-GJR-GARCH,20,SHORT_VOL,3291,24.727412921280436,11.588136468935907,0.5821938620480097,81377.91592393392
1.0,ESG-GJR-GARCH,5,LONG_VOL,15201,3.2015070317731102,2.309745054896812,0.5475297677784356,48666.10838998305
1.0,ESG-GJR-GARCH,10,LONG_VOL,13147,0.6066233147573399,2.957478917565446,0.5392104662660683,7975.276719114747
1.0,ESG-GJR-GARCH(E),20,SHORT_VOL,3301,24.59193493380206,11.463946257777252,0.5813389881853983,81177.9772164806
1.0,ESG-GJR-GARCH(E),5,LONG_VOL,15149,1.9255570801723876,2.297973368526776,0.546834774572579,29170.264207531498
1.0,ESG-GJR-GARCH(E),10,LONG_VOL,13099,-0.2813442085509652,2.94179101034403,0.538972440644324,-3685.3277878090935
1.0,ESG-GJR-GARCH(G),20,SHORT_VOL,3284,24.351576558074154,11.281452710243183,0.5788672350791717,79970.57741671552
1.0,ESG-GJR-GARCH(G),5,LONG_VOL,15295,3.126556720454769,2.290245041108278,0.5469107551487414,47820.685039355696
1.0,ESG-GJR-GARCH(G),10,LONG_VOL,13227,0.5330814159427985,2.963369918454535,0.5397293414984501,7051.067888675396
1.0,ESG-GJR-GARCH(S),20,SHORT_VOL,3313,24.7708742362385,11.286686943542584,0.5798370057349834,82065.90634465816
1.0,ESG-GJR-GARCH(S),5,LONG_VOL,15234,1.8167813769500953,2.259105628895595,0.5465406327950637,27676.84749645775
1.0,ESG-GJR-GARCH(S),10,LONG_VOL,13176,-0.3555814855115237,2.9401949004879633,0.5386308439587129,-4685.141653099836
1.0,GARCH,20,SHORT_VOL,3118,28.313128590549926,11.251243403186052,0.5840282232200128,88280.33494533467
1.0,GARCH,5,LONG_VOL,16856,2.287790903480977,2.0372487698596973,0.5397484575225439,38563.003469075345
1.0,GARCH,10,LONG_VOL,14617,-0.6113767231825553,1.884628844460332,0.5237736881713074,-8936.493562759411
1.0,GARCH,20,LONG_VOL,5150,-6.499230805802072,-2.841114803656099,0.47262135922330095,-33471.03864988067
1.0,GJR-GARCH,20,SHORT_VOL,3024,27.598238841635478,11.67109438197314,0.582010582010582,83457.07425710569
1.0,GJR-GARCH,5,LONG_VOL,16347,3.502787112306531,2.2441663262239597,0.5452376582859241,57260.06092487486
1.0,GJR-GARCH,10,LONG_VOL,14118,1.2171057386062651,2.4764353959375818,0.5310242243943901,17183.09881764325
1.0,ESG-GJR-GARCH,20,LONG_VOL,4636,-2.3507724176620797,0.13416756656822315,0.5010785159620362,-10898.180928281401
1.0,ESG-GJR-GARCH(E),20,LONG_VOL,4619,-11.200736898479377,0.1259383671191614,0.5007577397705131,-51736.20373407624
1.0,ESG-GJR-GARCH(G),20,LONG_VOL,4660,-2.0080222381017045,0.6618481847877113,0.5047210300429185,-9357.383629553944
1.0,ESG-GJR-GARCH(S),20,LONG_VOL,4632,-11.00610965362948,0.31520051062270316,0.5023747841105354,-50980.29991561175
1.0,GJR-GARCH,20,LONG_VOL,4943,-3.029546938222583,-1.3747203257002454,0.4855351001416144,-14975.050515634228
1.5,EGARCH,5,SHORT_VOL,8712,14.185239716720991,4.041715814543577,0.554178145087236,123581.80841207328
1.5,EGARCH,10,SHORT_VOL,6920,23.29795405284773,10.710331808335003,0.5923410404624277,161221.8420457063
1.5,ESG-EGARCH,5,SHORT_VOL,9301,11.461053515260016,3.924434640253388,0.555101601978282,106599.25874543341
1.5,ESG-EGARCH,10,SHORT_VOL,7476,18.12889082125219,10.082150623703885,0.5894863563402889,135531.58777968137
1.5,ESG-EGARCH(E),5,SHORT_VOL,9380,13.046042875080312,3.941298507886448,0.555543710021322,122371.88216825333
1.5,ESG-EGARCH(E),10,SHORT_VOL,7530,19.296147248504397,10.050340860422393,0.5891102257636123,145299.98878123812
1.5,ESG-EGARCH(G),5,SHORT_VOL,9291,11.82617087822702,3.8864478231380986,0.5538693359164784,109876.95362960723
1.5,ESG-EGARCH(G),10,SHORT_VOL,7455,18.821014722506025,9.957351333612678,0.5875251509054326,140310.6647562824
1.5,ESG-EGARCH(S),5,SHORT_VOL,9323,13.27121140666023,3.948552246477515,0.5548643140619972,123727.50394429332
1.5,ESG-EGARCH(S),10,SHORT_VOL,7483,19.9948119144179,10.011008699936163,0.5881331016971802,149621.17755558915
1.5,ESG-GARCH,5,SHORT_VOL,8257,12.514237609856965,3.6587889663405777,0.5486254087440959,103330.05994458895
1.5,ESG-GARCH,10,SHORT_VOL,6533,17.06520831408075,9.162566937954105,0.579519363232818,111487.00591588953
1.5,ESG-GARCH(E),5,SHORT_VOL,8336,14.499417611313563,3.728493826716001,0.5491842610364683,120867.14520790985
1.5,ESG-GARCH(E),10,SHORT_VOL,6586,18.75070971699786,9.15841398227057,0.5791071970847251,123492.17419614791
1.5,ESG-GARCH(G),5,SHORT_VOL,8212,14.138432780227568,3.7316463401831372,0.5495616171456406,116104.80999122879
1.5,ESG-GARCH(G),10,SHORT_VOL,6481,18.121478079701756,9.154494253030993,0.5781515198271872,117445.29943454708
1.5,ESG-GARCH(S),5,SHORT_VOL,8277,14.408876841331361,3.703539029934774,0.5491119971003987,119262.27361569968
1.5,ESG-GARCH(S),10,SHORT_VOL,6548,18.917645695783225,9.158416300202669,0.5789554062309102,123872.74401598856
1.5,ESG-GJR-GARCH,5,SHORT_VOL,8040,14.291657077431823,3.827059075572052,0.5519900497512438,114904.92290255186
1.5,ESG-GJR-GARCH,10,SHORT_VOL,6371,18.247667040768043,9.204202310083772,0.5824831266677131,116255.88671673319
1.5,ESG-GJR-GARCH(E),5,SHORT_VOL,8120,14.266427254390385,3.826156015735802,0.5522167487684729,115843.38930564992
1.5,ESG-GJR-GARCH(E),10,SHORT_VOL,6433,19.151126372973486,9.204202310083772,0.5824654127156847,123199.19595733844
1.5,ESG-GJR-GARCH(G),5,SHORT_VOL,7985,14.365774872684394,3.8060767683907835,0.5511584220413275,114710.71235838489
1.5,ESG-GJR-GARCH(G),10,SHORT_VOL,6317,18.999460121207633,9.14176237135013,0.5801804654107963,120019.58958566861
1.5,ESG-GJR-GARCH(S),5,SHORT_VOL,8049,14.732867209489132,3.8109388799060184,0.5517455584544664,118584.84816917803
1.5,ESG-GJR-GARCH(S),10,SHORT_VOL,6375,19.135872643693254,9.154317563590466,0.5814901960784313,121991.1881035445
1.5,GARCH,5,SHORT_VOL,7626,15.326339372111658,3.823032225538814,0.5496984002098085,116878.6640517235
1.5,GARCH,10,SHORT_VOL,5961,20.60415387243545,9.609506289840663,0.5801040093943969,122821.36123358771
1.5,GJR-GARCH,5,SHORT_VOL,7358,14.405598883413461,3.792967151150103,0.5485186191899973,105996.39658415625
1.5,GJR-GARCH,10,SHORT_VOL,5789,18.68003613148039,9.15432028265445,0.5802383831404387,108138.72916513997
1.5,EGARCH,20,SHORT_VOL,1973,26.200125961110015,11.12023100527449,0.5843892549417131,51692.84852127006
1.5,EGARCH,5,LONG_VOL,9254,5.778196651705823,2.402941879049492,0.5514372163388804,53471.431814885684
1.5,EGARCH,10,LONG_VOL,7976,3.958683160035054,2.3932574300059564,0.5313440320962889,31574.45688443959
1.5,EGARCH,20,LONG_VOL,2733,-0.3745065372327231,-1.0934620829598103,0.4888401024515185,-1023.5263662570322
1.5,ESG-EGARCH,5,LONG_VOL,8061,-0.6694568189384288,2.0049346350477686,0.5422404168217343,-5396.491417462675
1.5,ESG-EGARCH,10,LONG_VOL,6950,-5.801875896577893,1.7857000234860438,0.5231654676258993,-40323.03748121636
1.5,ESG-EGARCH,20,LONG_VOL,2368,-23.276896375630056,-0.16061014212259117,0.4978885135135135,-55119.69061749197
1.5,ESG-EGARCH,20,SHORT_VOL,2163,23.91071947578125,11.110130287877723,0.5834489135460009,51718.886226114846
1.5,ESG-EGARCH(E),5,LONG_VOL,8083,0.5617766388465139,2.1183951561370193,0.5450946430780651,4540.8405717963715
1.5,ESG-EGARCH(E),10,LONG_VOL,6975,-4.234570808392225,1.841726328847817,0.52415770609319,-29536.131388535767
1.5,ESG-EGARCH(E),20,LONG_VOL,2393,-23.419826237347277,-0.2956010044914592,0.49603008775595486,-56043.64418597203
1.5,ESG-EGARCH(E),20,SHORT_VOL,2170,22.742373271127384,10.910719549989178,0.5811059907834102,49350.94999834643
1.5,ESG-EGARCH(G),5,LONG_VOL,8173,-0.36627312560240427,2.1182067318236193,0.544720420898079,-2993.55025554845
1.5,ESG-EGARCH(G),10,LONG_VOL,7043,-5.246360320048783,1.9290090843184338,0.5252023285531734,-36950.11573410358
1.5,ESG-EGARCH(G),20,LONG_VOL,2402,-22.830338437852692,-0.08525069594656642,0.4995836802664446,-54838.47292772217
1.5,ESG-EGARCH(G),20,SHORT_VOL,2157,24.051597254589332,10.588355803838148,0.5799721835883171,51879.29527814919
1.5,ESG-EGARCH(S),5,LONG_VOL,8106,0.2523119620510684,1.9742805520872317,0.5429311621021465,2045.2407643859601
1.5,ESG-EGARCH(S),10,LONG_VOL,6988,-4.408798763503258,1.7835155533592837,0.523039496279336,-30808.685759360767
1.5,ESG-EGARCH(S),20,LONG_VOL,2384,-23.120730033838,-0.27241779544726086,0.4962248322147651,-55119.82040066979
1.5,ESG-EGARCH(S),20,SHORT_VOL,2163,22.465486703999368,9.972621132351723,0.5755894590846047,48592.84774075063
1.5,ESG-GARCH,20,SHORT_VOL,1827,24.440294970335394,10.592414364788958,0.5812807881773399,44652.418910802764
1.5,ESG-GARCH,5,LONG_VOL,9429,1.3058418344168414,2.014869821625396,0.5413087283911338,12312.782656716397
1.5,ESG-GARCH,10,LONG_VOL,8147,-2.3473943557965224,1.5892559615926416,0.5219099054866823,-19124.221816674268
1.5,ESG-GARCH,20,LONG_VOL,2784,-22.084946736655503,-1.319753180019326,0.4849137931034483,-61484.49171484892
1.5,ESG-GARCH(E),20,SHORT_VOL,1833,23.48978000337519,11.119459358505168,0.5821058374249863,43056.766746186724
1.5,ESG-GARCH(E),5,LONG_VOL,9458,1.6273502130235842,2.0171508143976746,0.5414463945865934,15391.47831477706
1.5,ESG-GARCH(E),10,LONG_VOL,8178,-2.0079772918164376,1.6130829429868148,0.5223771093176816,-16421.238292474827
1.5,ESG-GARCH(E),20,LONG_VOL,2808,-20.99381829343797,-1.3105827732538344,0.4853988603988604,-58950.641767973815
1.5,ESG-GARCH(G),20,SHORT_VOL,1810,24.437590626086514,10.575985435531553,0.580110497237569,44232.03903321659
1.5,ESG-GARCH(G),5,LONG_VOL,9575,1.7485407787254177,2.076935257423912,0.5424543080939948,16742.277956295875
1.5,ESG-GARCH(G),10,LONG_VOL,8266,-2.08462624184263,1.6932627696988627,0.5233486571497702,-17231.52051507118
1.5,ESG-GARCH(G),20,LONG_VOL,2830,-21.64131169506317,-1.2695996492470565,0.4865724381625442,-61244.91209702877
1.5,ESG-GARCH(S),20,SHORT_VOL,1834,23.690682628661136,10.422979655091924,0.5801526717557252,43448.711940964524
1.5,ESG-GARCH(S),5,LONG_VOL,9469,1.3447132865802394,1.98241476737095,0.5403949730700179,12733.090110628287
1.5,ESG-GARCH(S),10,LONG_VOL,8179,-2.4529204979204287,1.6009308889753768,0.5220687125565473,-20062.436752491187
1.5,ESG-GARCH(S),20,LONG_VOL,2798,-22.03436855965031,-1.2343947083278046,0.4867762687634024,-61652.16322990157
1.5,ESG-GJR-GARCH,20,SHORT_VOL,1802,22.83626727532768,9.901370017630821,0.5765815760266371,41150.95363014047
1.5,ESG-GJR-GARCH,5,LONG_VOL,9628,1.8110377814106615,2.407192666318033,0.5495429995845451,17436.67175942185
1.5,ESG-GJR-GARCH(E),20,SHORT_VOL,1812,22.15161807146846,10.147130006992633,0.5789183222958058,40138.73194550085
1.5,ESG-GJR-GARCH(E),5,LONG_VOL,9670,2.0894751528342628,2.378095364520135,0.5490175801447776,20205.22472790732
1.5,ESG-GJR-GARCH(G),20,SHORT_VOL,1780,22.99620990675373,9.559336830507874,0.5747191011235955,40933.25363402164
1.5,ESG-GJR-GARCH(G),5,LONG_VOL,9781,2.0704908375462234,2.380375696869912,0.5496370514262345,20251.47088203961
1.5,ESG-GJR-GARCH(S),20,SHORT_VOL,1801,22.441659976358686,9.219893936539862,0.572459744586341,40417.42961742199
1.5,ESG-GJR-GARCH(S),5,LONG_VOL,9682,1.9896227940226487,2.2786598219981005,0.5478206982028506,19263.527891727284
1.5,GARCH,20,SHORT_VOL,1653,27.384015665226492,11.262516482626964,0.5825771324863884,45265.777894619394
1.5,GARCH,5,LONG_VOL,10549,3.741274255044931,1.8346329562237806,0.5368281353682813,39466.70211646898
1.5,GARCH,10,LONG_VOL,9103,0.5738884390995136,1.5775246398111804,0.5200483357135011,5224.106461122872
1.5,GARCH,20,LONG_VOL,3177,-1.973115995416624,-4.21543930145441,0.46207113629209945,-6268.589517438614
1.5,GJR-GARCH,20,SHORT_VOL,1638,24.053573009354565,9.71599705142386,0.5763125763125763,39399.75258932278
1.5,ESG-GJR-GARCH(E),10,LONG_VOL,8302,-0.21857081602137626,2.4534278758389005,0.5344495302336786,-1814.5749146094656
1.5,ESG-GJR-GARCH(E),20,LONG_VOL,2889,-17.871438593625452,-0.03485915450893273,0.4994807892004154,-51630.58609698393
1.5,ESG-GJR-GARCH(G),10,LONG_VOL,8401,0.3153098376186407,2.642849109550525,0.5381502202118795,2648.9179458342005
1.5,ESG-GJR-GARCH(G),20,LONG_VOL,2912,-17.024306032826967,0.6252546380758872,0.5048076923076923,-49574.779167592125
1.5,ESG-GJR-GARCH(S),10,LONG_VOL,8304,-0.2418179492590046,2.506077614810332,0.5351637764932563,-2008.0562506467743
1.5,ESG-GJR-GARCH(S),20,LONG_VOL,2876,-17.509308483068644,-0.006908140504479299,0.5,-50356.77119730542
1.5,GJR-GARCH,5,LONG_VOL,10425,4.567086833182551,2.167051973462172,0.5429256594724221,47611.880235928096
1.5,GJR-GARCH,10,LONG_VOL,8953,2.709306311164563,1.9827939297770312,0.5248520049145537,24256.419403856333
1.5,GJR-GARCH,20,LONG_VOL,3131,0.8435768669591085,-3.109357894762021,0.46981794953688916,2641.2391704489687
1.5,ESG-GJR-GARCH,10,LONG_VOL,8262,-0.047299896286180636,2.6265812538091895,0.537279109174534,-390.7917431164244
1.5,ESG-GJR-GARCH,20,LONG_VOL,2863,-18.24431100368511,0.21335089758017034,0.5022703457911282,-52233.46240355047
2.0,ESG-GJR-GARCH,5,SHORT_VOL,4207,8.371544797408937,4.073079883028015,0.5509864511528405,35219.088962699396
2.0,ESG-GJR-GARCH,10,SHORT_VOL,3245,16.449467705129887,7.565779995479385,0.5661016949152542,53378.52270314649
2.0,ESG-GJR-GARCH(E),5,SHORT_VOL,4266,9.438475415544476,4.0951488340977145,0.5522737927801219,40264.536122712736
2.0,ESG-GJR-GARCH(E),10,SHORT_VOL,3283,17.141919074120512,7.882575480413834,0.5674687785561986,56276.920320337646
2.0,ESG-GJR-GARCH(G),5,SHORT_VOL,4167,9.013508514103421,4.010035996400603,0.5505159587233022,37559.28997826896
2.0,ESG-GJR-GARCH(G),10,SHORT_VOL,3209,16.419367894138237,7.607418327278879,0.564973511997507,52689.7515722896
2.0,ESG-GJR-GARCH(S),5,SHORT_VOL,4212,9.251325297880415,3.9409325227056065,0.5500949667616334,38966.58215467231
2.0,ESG-GJR-GARCH(S),10,SHORT_VOL,3238,16.75691839419993,7.790455708467508,0.5654725138974676,54258.90176041937
2.0,GJR-GARCH,5,SHORT_VOL,3845,8.091756965451522,3.7419907290107517,0.5440832249674903,31112.805532161103
2.0,GJR-GARCH,10,SHORT_VOL,2948,14.892704219834528,7.007917320671375,0.5576662143826323,43903.69204007219
2.0,EGARCH,5,LONG_VOL,4482,3.4116054006034937,2.4466891122136962,0.5506470325747435,15290.815405504858
2.0,EGARCH,5,SHORT_VOL,4592,8.819876300762886,3.860658256045542,0.5496515679442509,40500.871973103174
2.0,EGARCH,10,SHORT_VOL,3524,19.42640673025012,10.498261618648517,0.5828603859250852,68458.65731740143
2.0,EGARCH,20,SHORT_VOL,928,24.370944395878468,8.17711538081118,0.5668103448275862,22616.23639937522
2.0,ESG-EGARCH,5,LONG_VOL,3555,4.14817755656203,2.303686914957794,0.5552742616033756,14746.771213578015
2.0,ESG-EGARCH,5,SHORT_VOL,4927,10.111451254239098,3.9442897962609536,0.5530748934442866,49819.12032963604
2.0,ESG-EGARCH,10,SHORT_VOL,3837,20.91058627507829,10.130302764091596,0.5856137607505864,80233.9195374754
2.0,ESG-EGARCH,20,SHORT_VOL,1010,17.534191785247714,8.167231760257874,0.5643564356435643,17709.53370310019
2.0,ESG-EGARCH(E),5,LONG_VOL,3577,4.129904040508063,2.3111627992356807,0.5557729941291585,14772.666752897343
2.0,ESG-EGARCH(E),5,SHORT_VOL,4993,10.049517857326158,4.078391058033901,0.5551772481474063,50177.24266162951
2.0,ESG-EGARCH(E),10,SHORT_VOL,3881,21.65049712239863,10.009980736956571,0.5843854676629735,84025.57933202908
2.0,ESG-EGARCH(E),20,SHORT_VOL,1021,17.444467149786934,8.527461988911782,0.5680705190989226,17810.80095993246
2.0,ESG-EGARCH(G),5,LONG_VOL,3597,4.338139656483902,2.4097613420962283,0.5571309424520434,15604.288344372595
2.0,ESG-EGARCH(G),5,SHORT_VOL,4875,10.086566452310056,3.9981401379456827,0.5538461538461539,49172.01145501152
2.0,ESG-EGARCH(G),10,SHORT_VOL,3777,21.740462747132334,9.826745260085897,0.5822081016679904,82113.72779591882
2.0,ESG-EGARCH(G),20,SHORT_VOL,995,19.031779791856017,8.454384220471237,0.5688442211055277,18936.62089289674
2.0,ESG-EGARCH(S),5,LONG_VOL,3591,3.8785599322778435,2.3105465923712885,0.5561125034809246,13927.908716809736
2.0,ESG-EGARCH(S),5,SHORT_VOL,4924,11.282107333131988,3.992587115284171,0.5548334687246141,55553.09650834191
2.0,ESG-EGARCH(S),10,SHORT_VOL,3817,21.464840204327363,9.865896733104915,0.5834424941053183,81931.29505991754
2.0,ESG-EGARCH(S),20,SHORT_VOL,1013,16.93869048185635,7.206714758162832,0.5577492596248766,17158.893458120485
2.0,ESG-GARCH,5,LONG_VOL,4685,4.074963559598203,1.8276798400070424,0.5398078975453575,19091.20427671758
2.0,ESG-GARCH,5,SHORT_VOL,4283,6.7510106949439,3.4276783236167816,0.5468129815549848,28914.578806444722
2.0,ESG-GARCH,10,SHORT_VOL,3323,15.96928948139893,8.458662329132878,0.5708696960577792,53065.948946688644
2.0,ESG-GARCH,20,SHORT_VOL,844,12.960411346590645,7.625283267449886,0.5580568720379147,10938.587176522504
2.0,ESG-GARCH(E),5,LONG_VOL,4711,4.149341968188167,1.9199228044348153,0.5410740819358947,19547.550012134452
2.0,ESG-GARCH(E),5,SHORT_VOL,4356,7.507422968164286,3.4991931556568816,0.546831955922865,32702.33444932363
2.0,ESG-GARCH(E),10,SHORT_VOL,3378,15.902119380739359,8.427927436163202,0.5710479573712256,53717.35926813755
2.0,ESG-GARCH(E),20,SHORT_VOL,867,14.762393616043749,7.164570916749479,0.5547866205305652,12798.99526510993
2.0,ESG-GARCH(G),5,LONG_VOL,4743,2.8382437303542436,1.88849314671641,0.5414294750158127,13461.790013070176
2.0,ESG-GARCH(G),5,SHORT_VOL,4258,6.53964390303021,3.3650608545148453,0.5460310004697041,27845.803739102634
2.0,ESG-GARCH(G),10,SHORT_VOL,3293,15.551130840929984,7.971522422099852,0.5687822654114789,51209.87385918244
2.0,ESG-GARCH(G),20,SHORT_VOL,837,14.13115498484268,6.5707359811318575,0.5519713261648745,11827.776722313323
2.0,ESG-GARCH(S),5,LONG_VOL,4746,3.9828031661168692,1.871459788972412,0.5415086388537717,18902.383826390662
2.0,ESG-GARCH(S),5,SHORT_VOL,4300,7.351881213755364,3.3200763482668165,0.5444186046511628,31613.089219148067
2.0,ESG-GARCH(S),10,SHORT_VOL,3322,15.771839056893471,7.9438152251803675,0.5671282360024081,52394.04934700011
2.0,ESG-GARCH(S),20,SHORT_VOL,850,14.92805207792402,6.825214903169483,0.5517647058823529,12688.844266235417
2.0,ESG-GJR-GARCH,20,SHORT_VOL,856,13.261647499577363,5.839889363623251,0.5408878504672897,11351.970259638223
2.0,ESG-GJR-GARCH(E),20,SHORT_VOL,866,15.860882810790034,5.913680545735623,0.5427251732101617,13735.52451414417
2.0,ESG-GJR-GARCH(G),20,SHORT_VOL,849,16.728214812918115,6.244744828332401,0.5453474676089517,14202.25437616748
2.0,ESG-GJR-GARCH(S),20,SHORT_VOL,861,15.743867176379094,5.884682500056755,0.5400696864111498,13555.4696388624
2.0,GARCH,5,SHORT_VOL,3917,7.0870842310430655,2.8544961812854055,0.5374010722491703,27760.10893299569
2.0,GARCH,10,SHORT_VOL,3009,18.711562253782454,8.919618215466972,0.5722831505483549,56303.0908216314
2.0,GARCH,20,SHORT_VOL,767,21.777625917321792,8.758542387068161,0.5723598435462842,16703.439078585816
2.0,GARCH,5,LONG_VOL,5753,0.2705946709117255,1.9571214614499208,0.5397184077872414,1556.7311417551568
2.0,GARCH,10,LONG_VOL,4954,0.3812160496464178,1.8507530350854964,0.5240209931368591,1888.5443099483539
2.0,GARCH,20,LONG_VOL,1751,-27.843513478687544,-1.4197559191092353,0.48372358652198744,-48753.99210118189
2.0,GJR-GARCH,20,SHORT_VOL,784,19.37216294025761,7.396286625799771,0.5586734693877551,15187.775745161965
2.0,ESG-GARCH,10,LONG_VOL,4000,2.027771041842666,1.3068233349091916,0.51875,8111.084167370665
2.0,ESG-GARCH,20,LONG_VOL,1379,-13.851967033667997,2.528024989041983,0.5177664974619289,-19101.862539428166
2.0,ESG-GARCH(E),10,LONG_VOL,4033,2.6761969447102008,1.2511675171229673,0.5179766922886189,10793.10227801624
2.0,ESG-GARCH(E),20,LONG_VOL,1384,-12.488829376421945,2.348892992510165,0.5151734104046243,-17284.53985696797
2.0,ESG-GARCH(G),10,LONG_VOL,4054,2.2163734752344535,1.4128323907266127,0.5202269363591514,8985.178068600475
2.0,ESG-GARCH(G),20,LONG_VOL,1403,-25.242358638649407,2.3936491920703107,0.5146115466856735,-35415.02917002512
2.0,ESG-GARCH(S),10,LONG_VOL,4056,2.665606534017222,1.2022424000090424,0.5182445759368837,10811.700101973853
2.0,ESG-GARCH(S),20,LONG_VOL,1400,-12.362090264494377,1.7288568038610101,0.5135714285714286,-17306.926370292127
2.0,ESG-GJR-GARCH,5,LONG_VOL,4862,-0.4068355374740251,2.510078175842441,0.5518305224187577,-1978.0343831987102
2.0,ESG-GJR-GARCH,10,LONG_VOL,4173,-0.29367178389984105,2.4209197775549,0.5310328300982506,-1225.4923542140368
2.0,ESG-GJR-GARCH,20,LONG_VOL,1467,-27.31842170413114,1.414032968089522,0.50920245398773,-40076.124639960384
2.0,ESG-GJR-GARCH(G),5,LONG_VOL,4940,0.24506648468400022,2.596876030343218,0.5534412955465587,1210.6284343389611
2.0,ESG-GJR-GARCH(G),10,LONG_VOL,4243,0.2072457727365452,2.588814504064093,0.5340560923874617,879.3438137211613
2.0,ESG-GJR-GARCH(G),20,LONG_VOL,1488,-27.52018522921139,1.6638055766170865,0.5120967741935484,-40950.03562106655
2.0,GJR-GARCH,5,LONG_VOL,5793,-0.35908189291915293,2.2563320588788116,0.547039530467806,-2080.161405680653
2.0,GJR-GARCH,10,LONG_VOL,4966,0.4946237567462622,1.9950977406836194,0.5257752718485703,2456.301576001938
2.0,GJR-GARCH,20,LONG_VOL,1746,-29.451559923290873,-2.5728761225523193,0.4765177548682703,-51422.423626065865
2.0,ESG-GJR-GARCH(E),5,LONG_VOL,4889,-0.04687186689874761,2.5230075193681216,0.5518510942933115,-229.15655726797706
2.0,ESG-GJR-GARCH(E),10,LONG_VOL,4202,0.9394304934544004,2.3880177430308684,0.5306996668253213,3947.4869334953905
2.0,ESG-GJR-GARCH(E),20,LONG_VOL,1481,-27.619928335789485,0.875588397606748,0.5077650236326806,-40905.11386530423
2.0,ESG-GJR-GARCH(S),5,LONG_VOL,4941,1.6429404872143227,2.5230222145853105,0.5517101801254807,8117.768947325969
2.0,ESG-GJR-GARCH(S),10,LONG_VOL,4237,2.3189277167979436,2.528060109331882,0.5341043190936984,9825.296736072887
2.0,ESG-GJR-GARCH(S),20,LONG_VOL,1480,-27.7105087340457,1.4781083988118446,0.5094594594594595,-41011.55292638764
2.0,EGARCH,10,LONG_VOL,3842,3.1305832773457594,2.4096033526113,0.5325351379489849,12027.700951562407
2.0,EGARCH,20,LONG_VOL,1330,-30.791774620315643,-1.4142122702990325,0.4864661654135338,-40953.060245019806
2.0,ESG-EGARCH,10,LONG_VOL,3044,1.1741334070690956,2.5706127997085373,0.5348226018396847,3574.062091118327
2.0,ESG-EGARCH,20,LONG_VOL,1024,-9.282054676066235,2.6494327758121887,0.5166015625,-9504.823988291824
2.0,ESG-EGARCH(E),10,LONG_VOL,3058,1.2273775351836766,2.3777318176479496,0.5330281229561805,3753.320502591683
2.0,ESG-EGARCH(E),20,LONG_VOL,1032,-9.606247510610892,2.505148720859343,0.5135658914728682,-9913.647430950441
2.0,ESG-EGARCH(G),10,LONG_VOL,3081,1.4422827867331796,2.655239640258106,0.5368386887374229,4443.673265924926
2.0,ESG-EGARCH(G),20,LONG_VOL,1037,-8.645514863279256,2.623190194410377,0.5159112825458052,-8965.39891322059
2.0,ESG-EGARCH(S),10,LONG_VOL,3069,1.3411607710773183,2.5275272332252037,0.5340501792114696,4116.02240643629
2.0,ESG-EGARCH(S),20,LONG_VOL,1031,-8.116960995088093,2.951508762857907,0.518913676042677,-8368.586785935824
