ticker,rows,first_date,last_date,universe_source,status,RIC,price_obs,price_first,price_last,esg_first_date,esg_last_date,esg_obs,esg_first_year,esg_last_year,E_nonnull,S_nonnull,G_nonnull,first_year_with_lagged_esg,eligibility_status,price_method,esg_complete,final_status,exclusion_reason
CDNS,564406,19960104,20190628,raw_options,PENDING_LSEG_RECONCILIATION,CDNS.O,2640,2009-01-02,2019-06-28,2009-01-03,2018-12-29,11,2009.0,2018.0,11,11,11,2010.0,DIRECT_PRICE_ESG_OPTION,INITIAL_LSEG_RIC_TRDPRC_1,True,ELIGIBLE_PRELIM,
CELG,1895372,19960206,20190628,raw_options,PENDING_LSEG_RECONCILIATION,CELG.B^J07,0,,,2009-12-31,2017-12-31,9,2009.0,2017.0,9,9,9,2010.0,CHECK,UNRESOLVED_RIC,True,UNRESOLVED_PRICE,Mapped/historical RIC returned no TRDPRC_1 in 2009-2019 audit; corporate-action successor resolution required
CERN,766973,19960104,20190628,raw_options,PENDING_LSEG_RECONCILIATION,CERN.B^J07,0,,,2010-01-02,2019-12-28,11,2010.0,2019.0,11,11,11,2011.0,CHECK,UNRESOLVED_RIC,True,UNRESOLVED_PRICE,Mapped/historical RIC returned no TRDPRC_1 in 2009-2019 audit; corporate-action successor resolution required
CF,1930823,19960104,20190628,raw_options,PENDING_LSEG_RECONCILIATION,CF,2640,2009-01-02,2019-06-28,2010-12-31,2019-12-31,10,2010.0,2019.0,10,10,10,2011.0,DIRECT_PRICE_ESG_OPTION,INITIAL_LSEG_RIC_TRDPRC_1,True,ELIGIBLE_PRELIM,
CFG,85622,20141002,20190628,raw_options,PENDING_LSEG_RECONCILIATION,CFG,1199,2014-09-24,2019-06-28,2013-12-31,2018-12-31,6,2013.0,2018.0,5,5,5,2014.0,DIRECT_PRICE_ESG_OPTION,INITIAL_LSEG_RIC_TRDPRC_1,True,ELIGIBLE_PRELIM,
CHD,281967,20020610,20190628,raw_options,PENDING_LSEG_RECONCILIATION,CHD,2640,2009-01-02,2019-06-28,2010-12-31,2019-12-31,10,2010.0,2019.0,10,10,10,2011.0,DIRECT_PRICE_ESG_OPTION,INITIAL_LSEG_RIC_TRDPRC_1,True,ELIGIBLE_PRELIM,
CHK,1272185,19960108,20190628,raw_options,PENDING_LSEG_RECONCILIATION,CHK.PH^B09,0,,,2010-12-31,2019-12-31,10,2010.0,2019.0,10,10,10,2011.0,CHECK,UNRESOLVED_RIC,True,UNRESOLVED_PRICE,Mapped/historical RIC returned no TRDPRC_1 in 2009-2019 audit; corporate-action successor resolution required
CHRW,758487,19980302,20190628,raw_options,PENDING_LSEG_RECONCILIATION,CHRW.O,2640,2009-01-02,2019-06-28,2009-12-31,2018-12-31,10,2009.0,2018.0,10,10,10,2010.0,DIRECT_PRICE_ESG_OPTION,INITIAL_LSEG_RIC_TRDPRC_1,True,ELIGIBLE_PRELIM,
CHTR,1289170,20110727,20190628,raw_options,PENDING_LSEG_RECONCILIATION,CHTR.O,2384,2009-12-02,2019-06-28,2011-12-31,2019-12-31,9,2011.0,2019.0,9,9,9,2012.0,DIRECT_PRICE_ESG_OPTION,INITIAL_LSEG_RIC_TRDPRC_1,True,ELIGIBLE_PRELIM,
CI,1248713,19960104,20190628,raw_options,PENDING_LSEG_RECONCILIATION,CI,2640,2009-01-02,2019-06-28,2009-12-31,2018-12-31,10,2009.0,2018.0,9,9,9,2010.0,DIRECT_PRICE_ESG_OPTION,INITIAL_LSEG_RIC_TRDPRC_1,True,ELIGIBLE_PRELIM,
CINF,284942,19960104,20190628,raw_options,PENDING_LSEG_RECONCILIATION,CINF.O,2640,2009-01-02,2019-06-28,2009-12-31,2018-12-31,10,2009.0,2018.0,10,10,10,2010.0,DIRECT_PRICE_ESG_OPTION,INITIAL_LSEG_RIC_TRDPRC_1,True,ELIGIBLE_PRELIM,
CL,1490399,19960104,20190628,raw_options,PENDING_LSEG_RECONCILIATION,CL,2640,2009-01-02,2019-06-28,2009-12-31,2018-12-31,10,2009.0,2018.0,10,10,10,2010.0,DIRECT_PRICE_ESG_OPTION,INITIAL_LSEG_RIC_TRDPRC_1,True,ELIGIBLE_PRELIM,
CLX,892826,19960104,20190628,raw_options,PENDING_LSEG_RECONCILIATION,CLX,2640,2009-01-02,2019-06-28,2009-06-30,2018-06-30,10,2009.0,2018.0,10,10,10,2010.0,DIRECT_PRICE_ESG_OPTION,INITIAL_LSEG_RIC_TRDPRC_1,True,ELIGIBLE_PRELIM,
CMA,800244,19960104,20190628,raw_options,PENDING_LSEG_RECONCILIATION,CMA.B^J07,0,,,2008-12-31,2017-12-31,10,2008.0,2017.0,10,10,10,2009.0,CHECK,UNRESOLVED_RIC,True,UNRESOLVED_PRICE,Mapped/historical RIC returned no TRDPRC_1 in 2009-2019 audit; corporate-action successor resolution required
CMCSA,1459915,19960104,20190628,raw_options,PENDING_LSEG_RECONCILIATION,CMCSA.O,2640,2009-01-02,2019-06-28,2009-12-31,2018-12-31,10,2009.0,2018.0,10,10,10,2010.0,DIRECT_PRICE_ESG_OPTION,INITIAL_LSEG_RIC_TRDPRC_1,True,ELIGIBLE_PRELIM,
CME,2191016,20031118,20190628,raw_options,PENDING_LSEG_RECONCILIATION,CME.O,2640,2009-01-02,2019-06-28,2009-12-31,2018-12-31,10,2009.0,2018.0,10,10,10,2010.0,DIRECT_PRICE_ESG_OPTION,INITIAL_LSEG_RIC_TRDPRC_1,True,ELIGIBLE_PRELIM,
CMG,3572867,20060203,20190628,raw_options,PENDING_LSEG_RECONCILIATION,CMG,2640,2009-01-02,2019-06-28,2010-12-31,2019-12-31,10,2010.0,2019.0,10,10,10,2011.0,DIRECT_PRICE_ESG_OPTION,INITIAL_LSEG_RIC_TRDPRC_1,True,ELIGIBLE_PRELIM,
CMI,1850575,19960104,20190628,raw_options,PENDING_LSEG_RECONCILIATION,CMI,2640,2009-01-02,2019-06-28,2009-12-31,2018-12-31,10,2009.0,2018.0,10,10,10,2010.0,DIRECT_PRICE_ESG_OPTION,INITIAL_LSEG_RIC_TRDPRC_1,True,ELIGIBLE_PRELIM,
CMS,331393,19960104,20190628,raw_options,PENDING_LSEG_RECONCILIATION,CMS,2640,2009-01-02,2019-06-28,2009-12-31,2018-12-31,10,2009.0,2018.0,10,10,10,2010.0,DIRECT_PRICE_ESG_OPTION,INITIAL_LSEG_RIC_TRDPRC_1,True,ELIGIBLE_PRELIM,
CNC,499191,20041115,20190628,raw_options,PENDING_LSEG_RECONCILIATION,CNC,2640,2009-01-02,2019-06-28,2013-12-31,2018-12-31,6,2013.0,2018.0,5,5,5,2014.0,DIRECT_PRICE_ESG_OPTION,INITIAL_LSEG_RIC_TRDPRC_1,True,ELIGIBLE_PRELIM,
CNP,461994,19960104,20190628,raw_options,PENDING_LSEG_RECONCILIATION,CNP,2640,2009-01-02,2019-06-28,2009-12-31,2018-12-31,10,2009.0,2018.0,10,10,10,2010.0,DIRECT_PRICE_ESG_OPTION,INITIAL_LSEG_RIC_TRDPRC_1,True,ELIGIBLE_PRELIM,
COF,1729768,19960104,20190628,raw_options,PENDING_LSEG_RECONCILIATION,COF,2640,2009-01-02,2019-06-28,2009-12-31,2018-12-31,10,2009.0,2018.0,10,10,10,2010.0,DIRECT_PRICE_ESG_OPTION,INITIAL_LSEG_RIC_TRDPRC_1,True,ELIGIBLE_PRELIM,
COG,842161,19980901,20190628,raw_options,PENDING_LSEG_RECONCILIATION,COG.B^J07,0,,,2009-12-31,2018-12-31,10,2009.0,2018.0,10,10,10,2010.0,CHECK,UNRESOLVED_RIC,True,UNRESOLVED_PRICE,Mapped/historical RIC returned no TRDPRC_1 in 2009-2019 audit; corporate-action successor resolution required
COL,383165,20010702,20181126,raw_options,PENDING_LSEG_RECONCILIATION,OCL9SAJ8-J8,0,,,,,0,,,0,0,0,,CHECK,UNRESOLVED_RIC,False,UNRESOLVED_PRICE,Mapped/historical RIC returned no TRDPRC_1 in 2009-2019 audit; corporate-action successor resolution required
COO,631498,19960104,20190628,raw_options,PENDING_LSEG_RECONCILIATION,COO.O,2640,2009-01-02,2019-06-28,2009-10-31,2018-10-31,10,2009.0,2018.0,10,10,10,2010.0,DIRECT_PRICE_ESG_OPTION,INITIAL_LSEG_RIC_TRDPRC_1,True,ELIGIBLE_PRELIM,
COP,1731808,19960104,20190628,raw_options,PENDING_LSEG_RECONCILIATION,COP,2640,2009-01-02,2019-06-28,2009-12-31,2018-12-31,10,2009.0,2018.0,10,10,10,2010.0,DIRECT_PRICE_ESG_OPTION,INITIAL_LSEG_RIC_TRDPRC_1,True,ELIGIBLE_PRELIM,
COST,1801021,19960104,20190628,raw_options,PENDING_LSEG_RECONCILIATION,COST.O,2640,2009-01-02,2019-06-28,2010-08-29,2019-09-01,10,2010.0,2019.0,10,10,10,2011.0,DIRECT_PRICE_ESG_OPTION,INITIAL_LSEG_RIC_TRDPRC_1,True,ELIGIBLE_PRELIM,
COTY,516880,20130621,20190628,raw_options,PENDING_LSEG_RECONCILIATION,COTY.K,1522,2013-06-13,2019-06-28,2014-12-31,2018-06-30,5,2014.0,2018.0,4,4,4,2015.0,DIRECT_PRICE_ESG_OPTION,INITIAL_LSEG_RIC_TRDPRC_1,True,ELIGIBLE_PRELIM,
CPB,875531,19960104,20190628,raw_options,PENDING_LSEG_RECONCILIATION,CPB.O,2640,2009-01-02,2019-06-28,2009-08-02,2018-07-29,10,2009.0,2018.0,10,10,10,2010.0,DIRECT_PRICE_ESG_OPTION,INITIAL_LSEG_RIC_TRDPRC_1,True,ELIGIBLE_PRELIM,
CRM,1851284,20040722,20190628,raw_options,PENDING_LSEG_RECONCILIATION,CRM,2640,2009-01-02,2019-06-28,2009-01-31,2018-01-31,10,2009.0,2018.0,10,10,10,2010.0,DIRECT_PRICE_ESG_OPTION,INITIAL_LSEG_RIC_TRDPRC_1,True,ELIGIBLE_PRELIM,
CSCO,1955376,19960104,20190628,raw_options,PENDING_LSEG_RECONCILIATION,CSCO.O,2640,2009-01-02,2019-06-28,2009-07-25,2018-07-28,10,2009.0,2018.0,10,10,10,2010.0,DIRECT_PRICE_ESG_OPTION,INITIAL_LSEG_RIC_TRDPRC_1,True,ELIGIBLE_PRELIM,
CSRA,46012,20151201,20180403,raw_options,PENDING_LSEG_RECONCILIATION,CSRA.K,0,,,,,0,,,0,0,0,,CHECK,UNRESOLVED_RIC,False,UNRESOLVED_PRICE,Mapped/historical RIC returned no TRDPRC_1 in 2009-2019 audit; corporate-action successor resolution required
CSX,1033757,19960104,20190628,raw_options,PENDING_LSEG_RECONCILIATION,CSX.O,2640,2009-01-02,2019-06-28,2009-12-25,2018-12-31,10,2009.0,2018.0,10,10,10,2010.0,DIRECT_PRICE_ESG_OPTION,INITIAL_LSEG_RIC_TRDPRC_1,True,ELIGIBLE_PRELIM,
CTAS,487638,19960104,20190628,raw_options,PENDING_LSEG_RECONCILIATION,CTAS.O,2640,2009-01-02,2019-06-28,2009-05-31,2018-05-31,10,2009.0,2018.0,10,10,10,2010.0,DIRECT_PRICE_ESG_OPTION,INITIAL_LSEG_RIC_TRDPRC_1,True,ELIGIBLE_PRELIM,
CTL,920534,19960104,20190628,raw_options,PENDING_LSEG_RECONCILIATION,CTL.W^E14,1057,2009-01-05,2014-04-25,2009-12-31,2018-12-31,10,2009.0,2018.0,10,10,10,2010.0,DIRECT_PRICE_ESG_OPTION,INITIAL_LSEG_RIC_TRDPRC_1,True,ELIGIBLE_PRELIM,
CTSH,1502634,20020408,20190628,raw_options,PENDING_LSEG_RECONCILIATION,CTSH.O,2640,2009-01-02,2019-06-28,2010-12-31,2019-12-31,10,2010.0,2019.0,10,10,10,2011.0,DIRECT_PRICE_ESG_OPTION,INITIAL_LSEG_RIC_TRDPRC_1,True,ELIGIBLE_PRELIM,
CTXS,1093221,19960612,20190628,raw_options,PENDING_LSEG_RECONCILIATION,CTXS.B^J07,0,,,2009-12-31,2018-12-31,10,2009.0,2018.0,10,10,10,2010.0,CHECK,UNRESOLVED_RIC,True,UNRESOLVED_PRICE,Mapped/historical RIC returned no TRDPRC_1 in 2009-2019 audit; corporate-action successor resolution required
CVS,1641485,19960104,20190628,raw_options,PENDING_LSEG_RECONCILIATION,CVS,2640,2009-01-02,2019-06-28,2010-12-31,2019-12-31,10,2010.0,2019.0,10,10,10,2011.0,DIRECT_PRICE_ESG_OPTION,INITIAL_LSEG_RIC_TRDPRC_1,True,ELIGIBLE_PRELIM,
CVX,1891349,19960104,20190628,raw_options,PENDING_LSEG_RECONCILIATION,CVX,2640,2009-01-02,2019-06-28,2010-12-31,2019-12-31,10,2010.0,2019.0,10,10,10,2011.0,DIRECT_PRICE_ESG_OPTION,INITIAL_LSEG_RIC_TRDPRC_1,True,ELIGIBLE_PRELIM,
CXO,593647,20071025,20190628,raw_options,PENDING_LSEG_RECONCILIATION,CXO.PH^B09,0,,,2009-12-31,2018-12-31,10,2009.0,2018.0,10,10,10,2010.0,CHECK,UNRESOLVED_RIC,True,UNRESOLVED_PRICE,Mapped/historical RIC returned no TRDPRC_1 in 2009-2019 audit; corporate-action successor resolution required
D,633668,19960104,20190628,raw_options,PENDING_LSEG_RECONCILIATION,D,2640,2009-01-02,2019-06-28,2009-12-31,2018-12-31,10,2009.0,2018.0,10,10,10,2010.0,DIRECT_PRICE_ESG_OPTION,INITIAL_LSEG_RIC_TRDPRC_1,True,ELIGIBLE_PRELIM,
DAL,1306590,20070504,20190628,raw_options,PENDING_LSEG_RECONCILIATION,DAL,2640,2009-01-02,2019-06-28,2010-12-31,2019-12-31,10,2010.0,2019.0,10,10,10,2011.0,DIRECT_PRICE_ESG_OPTION,INITIAL_LSEG_RIC_TRDPRC_1,True,ELIGIBLE_PRELIM,
DE,1778482,19960104,20190628,raw_options,PENDING_LSEG_RECONCILIATION,DE,2640,2009-01-02,2019-06-28,2009-10-31,2018-10-28,10,2009.0,2018.0,10,10,10,2010.0,DIRECT_PRICE_ESG_OPTION,INITIAL_LSEG_RIC_TRDPRC_1,True,ELIGIBLE_PRELIM,
DFS,1211933,20070702,20190628,raw_options,PENDING_LSEG_RECONCILIATION,DFS.B^J07,0,,,2009-11-30,2018-12-31,10,2009.0,2018.0,10,10,10,2010.0,CHECK,UNRESOLVED_RIC,True,UNRESOLVED_PRICE,Mapped/historical RIC returned no TRDPRC_1 in 2009-2019 audit; corporate-action successor resolution required
DG,1418128,19960104,20190628,raw_options,PENDING_LSEG_RECONCILIATION,DG,2421,2009-11-13,2019-06-28,2008-12-31,2017-02-03,10,2008.0,2017.0,9,9,9,2009.0,DIRECT_PRICE_ESG_OPTION,INITIAL_LSEG_RIC_TRDPRC_1,True,ELIGIBLE_PRELIM,
DGX,603442,19970122,20190628,raw_options,PENDING_LSEG_RECONCILIATION,DGX,2640,2009-01-02,2019-06-28,2009-12-31,2018-12-31,10,2009.0,2018.0,10,10,10,2010.0,DIRECT_PRICE_ESG_OPTION,INITIAL_LSEG_RIC_TRDPRC_1,True,ELIGIBLE_PRELIM,
DHI,1451543,19970312,20190628,raw_options,PENDING_LSEG_RECONCILIATION,DHI,2640,2009-01-02,2019-06-28,2009-09-30,2018-09-30,10,2009.0,2018.0,10,10,10,2010.0,DIRECT_PRICE_ESG_OPTION,INITIAL_LSEG_RIC_TRDPRC_1,True,ELIGIBLE_PRELIM,
DHR,850508,19960104,20190628,raw_options,PENDING_LSEG_RECONCILIATION,DHR,2640,2009-01-02,2019-06-28,2010-12-31,2019-12-31,10,2010.0,2019.0,10,10,10,2011.0,DIRECT_PRICE_ESG_OPTION,INITIAL_LSEG_RIC_TRDPRC_1,True,ELIGIBLE_PRELIM,
DIS,1839342,19960104,20190628,raw_options,PENDING_LSEG_RECONCILIATION,DIS,2640,2009-01-02,2019-06-28,2009-10-03,2018-09-29,10,2009.0,2018.0,10,10,10,2010.0,DIRECT_PRICE_ESG_OPTION,INITIAL_LSEG_RIC_TRDPRC_1,True,ELIGIBLE_PRELIM,
DISCA,287553,20050722,20190628,raw_options,PENDING_LSEG_RECONCILIATION,DISCA.B^J07,0,,,2009-12-31,2018-12-31,10,2009.0,2018.0,10,10,10,2010.0,CHECK,UNRESOLVED_RIC,True,UNRESOLVED_PRICE,Mapped/historical RIC returned no TRDPRC_1 in 2009-2019 audit; corporate-action successor resolution required
DISCK,204264,20090828,20190628,raw_options,PENDING_LSEG_RECONCILIATION,DISCK.A^H14,493,2010-07-15,2014-07-31,2009-12-31,2018-12-31,10,2009.0,2018.0,10,10,10,2010.0,DIRECT_PRICE_ESG_OPTION,INITIAL_LSEG_RIC_TRDPRC_1,True,ELIGIBLE_PRELIM,
DISH,1771859,19960507,20190628,raw_options,PENDING_LSEG_RECONCILIATION,DISH.B^J07,0,,,2008-12-31,2017-12-31,10,2008.0,2017.0,10,10,10,2009.0,CHECK,UNRESOLVED_RIC,True,UNRESOLVED_PRICE,Mapped/historical RIC returned no TRDPRC_1 in 2009-2019 audit; corporate-action successor resolution required
DLR,361457,20061127,20190628,raw_options,PENDING_LSEG_RECONCILIATION,DLR,2640,2009-01-02,2019-06-28,2009-12-31,2018-12-31,10,2009.0,2018.0,10,10,10,2010.0,DIRECT_PRICE_ESG_OPTION,INITIAL_LSEG_RIC_TRDPRC_1,True,ELIGIBLE_PRELIM,
DLTR,1176543,19961023,20190628,raw_options,PENDING_LSEG_RECONCILIATION,DLTR.O,2640,2009-01-02,2019-06-28,2009-01-31,2018-02-03,10,2009.0,2018.0,10,10,10,2010.0,DIRECT_PRICE_ESG_OPTION,INITIAL_LSEG_RIC_TRDPRC_1,True,ELIGIBLE_PRELIM,
DOV,605958,19960104,20190628,raw_options,PENDING_LSEG_RECONCILIATION,DOV,2640,2009-01-02,2019-06-28,2009-12-31,2018-12-31,10,2009.0,2018.0,10,10,10,2010.0,DIRECT_PRICE_ESG_OPTION,INITIAL_LSEG_RIC_TRDPRC_1,True,ELIGIBLE_PRELIM,
DRE,290161,19980513,20190628,raw_options,PENDING_LSEG_RECONCILIATION,DRE.PH^B09,0,,,2010-12-31,2019-12-31,10,2010.0,2019.0,10,10,10,2011.0,CHECK,UNRESOLVED_RIC,True,UNRESOLVED_PRICE,Mapped/historical RIC returned no TRDPRC_1 in 2009-2019 audit; corporate-action successor resolution required
DRI,748302,19960104,20190628,raw_options,PENDING_LSEG_RECONCILIATION,DRI,2640,2009-01-02,2019-06-28,2009-05-31,2018-05-27,10,2009.0,2018.0,10,10,10,2010.0,DIRECT_PRICE_ESG_OPTION,INITIAL_LSEG_RIC_TRDPRC_1,True,ELIGIBLE_PRELIM,
DTE,382607,19960104,20190628,raw_options,PENDING_LSEG_RECONCILIATION,DTE,2640,2009-01-02,2019-06-28,2009-12-31,2018-12-31,10,2009.0,2018.0,10,10,10,2010.0,DIRECT_PRICE_ESG_OPTION,INITIAL_LSEG_RIC_TRDPRC_1,True,ELIGIBLE_PRELIM,
DUK,757776,19960104,20190628,raw_options,PENDING_LSEG_RECONCILIATION,DUK,2640,2009-01-02,2019-06-28,2009-12-31,2018-12-31,10,2009.0,2018.0,10,10,10,2010.0,DIRECT_PRICE_ESG_OPTION,INITIAL_LSEG_RIC_TRDPRC_1,True,ELIGIBLE_PRELIM,
DVA,555326,19971029,20190628,raw_options,PENDING_LSEG_RECONCILIATION,DVA,2640,2009-01-02,2019-06-28,2009-12-31,2018-12-31,10,2009.0,2018.0,10,10,10,2010.0,DIRECT_PRICE_ESG_OPTION,INITIAL_LSEG_RIC_TRDPRC_1,True,ELIGIBLE_PRELIM,
DVN,1529374,19960509,20190628,raw_options,PENDING_LSEG_RECONCILIATION,DVN,2640,2009-01-02,2019-06-28,2009-12-31,2018-12-31,10,2009.0,2018.0,10,10,10,2010.0,DIRECT_PRICE_ESG_OPTION,INITIAL_LSEG_RIC_TRDPRC_1,True,ELIGIBLE_PRELIM,
DXC,900013,19960104,20190628,raw_options,PENDING_LSEG_RECONCILIATION,DXC,2640,2009-01-02,2019-06-28,2009-04-03,2018-03-31,10,2009.0,2018.0,10,10,10,2010.0,DIRECT_PRICE_ESG_OPTION,INITIAL_LSEG_RIC_TRDPRC_1,True,ELIGIBLE_PRELIM,
EA,1791643,19960104,20190628,raw_options,PENDING_LSEG_RECONCILIATION,EA.W^E14,1104,2009-01-02,2014-04-29,2009-03-31,2018-03-31,10,2009.0,2018.0,10,10,10,2010.0,DIRECT_PRICE_ESG_OPTION,INITIAL_LSEG_RIC_TRDPRC_1,True,ELIGIBLE_PRELIM,
EBAY,1642807,19990201,20190628,raw_options,PENDING_LSEG_RECONCILIATION,EBAY.O,2640,2009-01-02,2019-06-28,2009-12-31,2018-12-31,10,2009.0,2018.0,10,10,10,2010.0,DIRECT_PRICE_ESG_OPTION,INITIAL_LSEG_RIC_TRDPRC_1,True,ELIGIBLE_PRELIM,
ECL,614646,19960104,20190628,raw_options,PENDING_LSEG_RECONCILIATION,ECL,2640,2009-01-02,2019-06-28,2009-12-31,2018-12-31,10,2009.0,2018.0,10,10,10,2010.0,DIRECT_PRICE_ESG_OPTION,INITIAL_LSEG_RIC_TRDPRC_1,True,ELIGIBLE_PRELIM,
ED,788069,19960104,20190628,raw_options,PENDING_LSEG_RECONCILIATION,ED,2640,2009-01-02,2019-06-28,2009-12-31,2018-12-31,10,2009.0,2018.0,10,10,10,2010.0,DIRECT_PRICE_ESG_OPTION,INITIAL_LSEG_RIC_TRDPRC_1,True,ELIGIBLE_PRELIM,
EFX,722327,19960104,20190628,raw_options,PENDING_LSEG_RECONCILIATION,EFX,2640,2009-01-02,2019-06-28,2010-12-31,2019-12-31,10,2010.0,2019.0,10,10,10,2011.0,DIRECT_PRICE_ESG_OPTION,INITIAL_LSEG_RIC_TRDPRC_1,True,ELIGIBLE_PRELIM,
EIX,583290,19960104,20190628,raw_options,PENDING_LSEG_RECONCILIATION,EIX,2640,2009-01-02,2019-06-28,2009-12-31,2018-12-31,10,2009.0,2018.0,10,10,10,2010.0,DIRECT_PRICE_ESG_OPTION,INITIAL_LSEG_RIC_TRDPRC_1,True,ELIGIBLE_PRELIM,
EL,700032,19960227,20190628,raw_options,PENDING_LSEG_RECONCILIATION,EL,2640,2009-01-02,2019-06-28,2009-06-30,2018-06-30,10,2009.0,2018.0,10,10,10,2010.0,DIRECT_PRICE_ESG_OPTION,INITIAL_LSEG_RIC_TRDPRC_1,True,ELIGIBLE_PRELIM,
EMN,789018,19960104,20190628,raw_options,PENDING_LSEG_RECONCILIATION,EMN,2640,2009-01-02,2019-06-28,2009-12-31,2018-12-31,10,2009.0,2018.0,10,10,10,2010.0,DIRECT_PRICE_ESG_OPTION,INITIAL_LSEG_RIC_TRDPRC_1,True,ELIGIBLE_PRELIM,
EMR,996311,19960104,20190628,raw_options,PENDING_LSEG_RECONCILIATION,EMR,2640,2009-01-02,2019-06-28,2010-09-30,2019-09-30,10,2010.0,2019.0,10,10,10,2011.0,DIRECT_PRICE_ESG_OPTION,INITIAL_LSEG_RIC_TRDPRC_1,True,ELIGIBLE_PRELIM,
EOG,1815765,19960104,20190628,raw_options,PENDING_LSEG_RECONCILIATION,EOG,2640,2009-01-02,2019-06-28,2009-12-31,2018-12-31,10,2009.0,2018.0,10,10,10,2010.0,DIRECT_PRICE_ESG_OPTION,INITIAL_LSEG_RIC_TRDPRC_1,True,ELIGIBLE_PRELIM,
EQIX,1013935,20060404,20190628,raw_options,PENDING_LSEG_RECONCILIATION,EQIX.O,2640,2009-01-02,2019-06-28,2010-12-31,2019-12-31,10,2010.0,2019.0,10,10,10,2011.0,DIRECT_PRICE_ESG_OPTION,INITIAL_LSEG_RIC_TRDPRC_1,True,ELIGIBLE_PRELIM,
EQR,451011,19970312,20190628,raw_options,PENDING_LSEG_RECONCILIATION,EQR.PH^B09,0,,,2009-12-31,2018-12-31,10,2009.0,2018.0,10,10,10,2010.0,CHECK,UNRESOLVED_RIC,True,UNRESOLVED_PRICE,Mapped/historical RIC returned no TRDPRC_1 in 2009-2019 audit; corporate-action successor resolution required
EQT,501951,19981007,20190628,raw_options,PENDING_LSEG_RECONCILIATION,EQT,2640,2009-01-02,2019-06-28,2009-12-31,2018-12-31,10,2009.0,2018.0,10,10,10,2010.0,DIRECT_PRICE_ESG_OPTION,INITIAL_LSEG_RIC_TRDPRC_1,True,ELIGIBLE_PRELIM,
ES,284657,19960129,20190628,raw_options,PENDING_LSEG_RECONCILIATION,ESc1,2642,2009-01-02,2019-06-28,,,0,,,0,0,0,,CHECK,INITIAL_LSEG_RIC_TRDPRC_1,False,EXCLUDE_NO_ESG,No complete E/S/G historical series from mapped LSEG RIC
ESRX,1630786,19980908,20181220,raw_options,PENDING_LSEG_RECONCILIATION,ESRX.B^J07,0,,,2009-12-31,2016-12-31,8,2009.0,2016.0,8,8,8,2010.0,CHECK,UNRESOLVED_RIC,True,UNRESOLVED_PRICE,Mapped/historical RIC returned no TRDPRC_1 in 2009-2019 audit; corporate-action successor resolution required
ESS,521413,19980219,20190628,raw_options,PENDING_LSEG_RECONCILIATION,ESS,2640,2009-01-02,2019-06-28,2009-12-31,2018-12-31,10,2009.0,2018.0,10,10,10,2010.0,DIRECT_PRICE_ESG_OPTION,INITIAL_LSEG_RIC_TRDPRC_1,True,ELIGIBLE_PRELIM,
ETFC,1312860,19961125,20190628,raw_options,PENDING_LSEG_RECONCILIATION,ETFC.B^J07,0,,,2009-12-31,2018-12-31,10,2009.0,2018.0,10,10,10,2010.0,CHECK,UNRESOLVED_RIC,True,UNRESOLVED_PRICE,Mapped/historical RIC returned no TRDPRC_1 in 2009-2019 audit; corporate-action successor resolution required
ETN,1457185,19960104,20190628,raw_options,PENDING_LSEG_RECONCILIATION,ETN,2640,2009-01-02,2019-06-28,2009-12-31,2018-12-31,10,2009.0,2018.0,10,10,10,2010.0,DIRECT_PRICE_ESG_OPTION,INITIAL_LSEG_RIC_TRDPRC_1,True,ELIGIBLE_PRELIM,
ETR,643793,19960104,20190628,raw_options,PENDING_LSEG_RECONCILIATION,ETR,2640,2009-01-02,2019-06-28,2010-12-31,2019-12-31,10,2010.0,2019.0,10,10,10,2011.0,DIRECT_PRICE_ESG_OPTION,INITIAL_LSEG_RIC_TRDPRC_1,True,ELIGIBLE_PRELIM,
EVHC,249783,20010719,20181010,raw_options,PENDING_LSEG_RECONCILIATION,EVHC.W^E14,137,2013-08-28,2014-04-30,2013-12-31,2014-12-31,2,2013.0,2014.0,1,1,1,2014.0,DIRECT_PRICE_ESG_OPTION,INITIAL_LSEG_RIC_TRDPRC_1,True,ELIGIBLE_PRELIM,
EW,1060522,20000403,20190628,raw_options,PENDING_LSEG_RECONCILIATION,EW,2640,2009-01-02,2019-06-28,2010-12-31,2019-12-31,10,2010.0,2019.0,10,10,10,2011.0,DIRECT_PRICE_ESG_OPTION,INITIAL_LSEG_RIC_TRDPRC_1,True,ELIGIBLE_PRELIM,
EXC,815081,19960104,20190628,raw_options,PENDING_LSEG_RECONCILIATION,EXC.O,2640,2009-01-02,2019-06-28,2009-12-31,2018-12-31,10,2009.0,2018.0,10,10,10,2010.0,DIRECT_PRICE_ESG_OPTION,INITIAL_LSEG_RIC_TRDPRC_1,True,ELIGIBLE_PRELIM,
EXPD,645992,19961024,20190628,raw_options,PENDING_LSEG_RECONCILIATION,EXPD.K,2640,2009-01-02,2019-06-28,2010-12-31,2019-12-31,10,2010.0,2019.0,10,10,10,2011.0,DIRECT_PRICE_ESG_OPTION,INITIAL_LSEG_RIC_TRDPRC_1,True,ELIGIBLE_PRELIM,
EXPE,1460997,20050810,20190628,raw_options,PENDING_LSEG_RECONCILIATION,EXPE.O,2640,2009-01-02,2019-06-28,2010-12-31,2019-12-31,10,2010.0,2019.0,10,10,10,2011.0,DIRECT_PRICE_ESG_OPTION,INITIAL_LSEG_RIC_TRDPRC_1,True,ELIGIBLE_PRELIM,
EXR,234409,20080512,20190628,raw_options,PENDING_LSEG_RECONCILIATION,EXR,2640,2009-01-02,2019-06-28,2014-12-31,2019-12-31,6,2014.0,2019.0,6,6,6,2015.0,DIRECT_PRICE_ESG_OPTION,INITIAL_LSEG_RIC_TRDPRC_1,True,ELIGIBLE_PRELIM,
F,1519696,19960104,20190628,raw_options,PENDING_LSEG_RECONCILIATION,F,2640,2009-01-02,2019-06-28,2010-12-31,2019-12-31,10,2010.0,2019.0,10,10,10,2011.0,DIRECT_PRICE_ESG_OPTION,INITIAL_LSEG_RIC_TRDPRC_1,True,ELIGIBLE_PRELIM,
FAST,812671,19960104,20190628,raw_options,PENDING_LSEG_RECONCILIATION,FAST.O,2640,2009-01-02,2019-06-28,2009-12-31,2018-12-31,10,2009.0,2018.0,10,10,10,2010.0,DIRECT_PRICE_ESG_OPTION,INITIAL_LSEG_RIC_TRDPRC_1,True,ELIGIBLE_PRELIM,
FB,1877463,20120529,20190628,raw_options,PENDING_LSEG_RECONCILIATION,FB,0,,,,,0,,,0,0,0,,CHECK,UNRESOLVED_RIC,False,UNRESOLVED_PRICE,Mapped/historical RIC returned no TRDPRC_1 in 2009-2019 audit; corporate-action successor resolution required
FBHS,172137,20111005,20190628,raw_options,PENDING_LSEG_RECONCILIATION,FBHS.W^E14,534,2011-10-05,2014-04-30,2010-12-31,2018-12-31,9,2010.0,2018.0,8,8,8,2011.0,DIRECT_PRICE_ESG_OPTION,INITIAL_LSEG_RIC_TRDPRC_1,True,ELIGIBLE_PRELIM,
FCX,1814832,19960104,20190628,raw_options,PENDING_LSEG_RECONCILIATION,FCX,2640,2009-01-02,2019-06-28,2010-12-31,2019-12-31,10,2010.0,2019.0,10,10,10,2011.0,DIRECT_PRICE_ESG_OPTION,INITIAL_LSEG_RIC_TRDPRC_1,True,ELIGIBLE_PRELIM,
FDX,1794359,19960104,20190628,raw_options,PENDING_LSEG_RECONCILIATION,FDX,2640,2009-01-02,2019-06-28,2008-05-31,2017-05-31,10,2008.0,2017.0,10,10,10,2009.0,DIRECT_PRICE_ESG_OPTION,INITIAL_LSEG_RIC_TRDPRC_1,True,ELIGIBLE_PRELIM,
FE,671666,19960104,20190628,raw_options,PENDING_LSEG_RECONCILIATION,FE,2640,2009-01-02,2019-06-28,2009-12-31,2018-12-31,10,2009.0,2018.0,10,10,10,2010.0,DIRECT_PRICE_ESG_OPTION,INITIAL_LSEG_RIC_TRDPRC_1,True,ELIGIBLE_PRELIM,
FFIV,1662875,19991209,20190628,raw_options,PENDING_LSEG_RECONCILIATION,FFIV.O,2640,2009-01-02,2019-06-28,2010-09-30,2019-09-30,10,2010.0,2019.0,10,10,10,2011.0,DIRECT_PRICE_ESG_OPTION,INITIAL_LSEG_RIC_TRDPRC_1,True,ELIGIBLE_PRELIM,
FIS,437463,20010709,20190628,raw_options,PENDING_LSEG_RECONCILIATION,FIS,2640,2009-01-02,2019-06-28,2009-12-31,2018-12-31,10,2009.0,2018.0,10,10,10,2010.0,DIRECT_PRICE_ESG_OPTION,INITIAL_LSEG_RIC_TRDPRC_1,True,ELIGIBLE_PRELIM,
FISV,493053,19960104,20190628,raw_options,PENDING_LSEG_RECONCILIATION,FISV.O,2640,2009-01-02,2019-06-28,2009-12-31,2018-12-31,10,2009.0,2018.0,10,10,10,2010.0,DIRECT_PRICE_ESG_OPTION,INITIAL_LSEG_RIC_TRDPRC_1,True,ELIGIBLE_PRELIM,
FITB,753530,19960104,20190628,raw_options,PENDING_LSEG_RECONCILIATION,FITB.K,2640,2009-01-02,2019-06-28,2009-12-31,2018-12-31,10,2009.0,2018.0,10,10,10,2010.0,DIRECT_PRICE_ESG_OPTION,INITIAL_LSEG_RIC_TRDPRC_1,True,ELIGIBLE_PRELIM,
FL,890476,19960104,20190628,raw_options,PENDING_LSEG_RECONCILIATION,FLc1,0,,,,,0,,,0,0,0,,CHECK,UNRESOLVED_RIC,False,UNRESOLVED_PRICE,Mapped/historical RIC returned no TRDPRC_1 in 2009-2019 audit; corporate-action successor resolution required
FLIR,565337,20011008,20190628,raw_options,PENDING_LSEG_RECONCILIATION,FLIR.B^J07,0,,,2009-12-31,2018-12-31,10,2009.0,2018.0,10,10,10,2010.0,CHECK,UNRESOLVED_RIC,True,UNRESOLVED_PRICE,Mapped/historical RIC returned no TRDPRC_1 in 2009-2019 audit; corporate-action successor resolution required
FLR,1390343,20001222,20190628,raw_options,PENDING_LSEG_RECONCILIATION,FLR,2640,2009-01-02,2019-06-28,2009-12-31,2018-12-31,10,2009.0,2018.0,10,10,10,2010.0,DIRECT_PRICE_ESG_OPTION,INITIAL_LSEG_RIC_TRDPRC_1,True,ELIGIBLE_PRELIM,
FLS,457665,19960904,20190628,raw_options,PENDING_LSEG_RECONCILIATION,FLS,2640,2009-01-02,2019-06-28,2009-12-31,2018-12-31,10,2009.0,2018.0,10,10,10,2010.0,DIRECT_PRICE_ESG_OPTION,INITIAL_LSEG_RIC_TRDPRC_1,True,ELIGIBLE_PRELIM,
FMC,449509,19960104,20190628,raw_options,PENDING_LSEG_RECONCILIATION,FMC,2640,2009-01-02,2019-06-28,2010-12-31,2019-12-31,10,2010.0,2019.0,10,10,10,2011.0,DIRECT_PRICE_ESG_OPTION,INITIAL_LSEG_RIC_TRDPRC_1,True,ELIGIBLE_PRELIM,
FOXA,41086,20190320,20190628,raw_options,PENDING_LSEG_RECONCILIATION,FOXA.O,77,2019-03-12,2019-06-28,,,0,,,0,0,0,,CHECK,INITIAL_LSEG_RIC_TRDPRC_1,False,EXCLUDE_NO_ESG,No complete E/S/G historical series from mapped LSEG RIC
FRT,344311,20080911,20190628,raw_options,PENDING_LSEG_RECONCILIATION,FRT,2640,2009-01-02,2019-06-28,2009-12-31,2018-12-31,10,2009.0,2018.0,10,10,10,2010.0,DIRECT_PRICE_ESG_OPTION,INITIAL_LSEG_RIC_TRDPRC_1,True,ELIGIBLE_PRELIM,
FTI,143876,20170117,20190628,raw_options,PENDING_LSEG_RECONCILIATION,FTI,617,2017-01-17,2019-06-28,2017-12-31,2019-12-31,3,2017.0,2019.0,3,3,3,2018.0,DIRECT_PRICE_ESG_OPTION,INITIAL_LSEG_RIC_TRDPRC_1,True,ELIGIBLE_PRELIM,
FTV,183839,20160706,20190628,raw_options,PENDING_LSEG_RECONCILIATION,FTV,764,2016-06-13,2019-06-28,2015-12-31,2017-12-31,4,2015.0,2017.0,2,2,2,2016.0,DIRECT_PRICE_ESG_OPTION,INITIAL_LSEG_RIC_TRDPRC_1,True,ELIGIBLE_PRELIM,
GD,1204712,19960104,20190628,raw_options,PENDING_LSEG_RECONCILIATION,GD,2640,2009-01-02,2019-06-28,2009-12-31,2018-12-31,10,2009.0,2018.0,10,10,10,2010.0,DIRECT_PRICE_ESG_OPTION,INITIAL_LSEG_RIC_TRDPRC_1,True,ELIGIBLE_PRELIM,
GE,1783401,19960104,20190628,raw_options,PENDING_LSEG_RECONCILIATION,GE,2640,2009-01-02,2019-06-28,2010-12-31,2019-12-31,10,2010.0,2019.0,10,10,10,2011.0,DIRECT_PRICE_ESG_OPTION,INITIAL_LSEG_RIC_TRDPRC_1,True,ELIGIBLE_PRELIM,
GILD,2001075,19960104,20190628,raw_options,PENDING_LSEG_RECONCILIATION,GILD.O,2640,2009-01-02,2019-06-28,2009-12-31,2018-12-31,10,2009.0,2018.0,10,10,10,2010.0,DIRECT_PRICE_ESG_OPTION,INITIAL_LSEG_RIC_TRDPRC_1,True,ELIGIBLE_PRELIM,
GIS,751989,19960104,20190628,raw_options,PENDING_LSEG_RECONCILIATION,GIS,2640,2009-01-02,2019-06-28,2008-05-25,2017-05-28,10,2008.0,2017.0,10,10,10,2009.0,DIRECT_PRICE_ESG_OPTION,INITIAL_LSEG_RIC_TRDPRC_1,True,ELIGIBLE_PRELIM,
GLW,1634049,19960104,20190628,raw_options,PENDING_LSEG_RECONCILIATION,GLW,2640,2009-01-02,2019-06-28,2010-12-31,2019-12-31,10,2010.0,2019.0,10,10,10,2011.0,DIRECT_PRICE_ESG_OPTION,INITIAL_LSEG_RIC_TRDPRC_1,True,ELIGIBLE_PRELIM,
GM,1303623,20101129,20190628,raw_options,PENDING_LSEG_RECONCILIATION,GM,2166,2010-11-18,2019-06-28,2009-12-31,2018-12-31,10,2009.0,2018.0,9,9,9,2010.0,DIRECT_PRICE_ESG_OPTION,INITIAL_LSEG_RIC_TRDPRC_1,True,ELIGIBLE_PRELIM,
GOOG,3415085,20140403,20190628,raw_options,PENDING_LSEG_RECONCILIATION,GOOG.O,1324,2014-03-27,2019-06-28,2009-12-31,2018-12-31,10,2009.0,2018.0,10,10,10,2010.0,DIRECT_PRICE_ESG_OPTION,INITIAL_LSEG_RIC_TRDPRC_1,True,ELIGIBLE_PRELIM,
GOOGL,6772887,20040827,20190628,raw_options,PENDING_LSEG_RECONCILIATION,GOOGL.O,2640,2009-01-02,2019-06-28,2009-12-31,2018-12-31,10,2009.0,2018.0,10,10,10,2010.0,DIRECT_PRICE_ESG_OPTION,INITIAL_LSEG_RIC_TRDPRC_1,True,ELIGIBLE_PRELIM,
GPC,589944,19960104,20190628,raw_options,PENDING_LSEG_RECONCILIATION,GPC,2640,2009-01-02,2019-06-28,2009-12-31,2018-12-31,10,2009.0,2018.0,10,10,10,2010.0,DIRECT_PRICE_ESG_OPTION,INITIAL_LSEG_RIC_TRDPRC_1,True,ELIGIBLE_PRELIM,
GPN,373646,20020328,20190628,raw_options,PENDING_LSEG_RECONCILIATION,GPN,2640,2009-01-02,2019-06-28,2009-05-31,2018-12-31,10,2009.0,2018.0,10,10,10,2010.0,DIRECT_PRICE_ESG_OPTION,INITIAL_LSEG_RIC_TRDPRC_1,True,ELIGIBLE_PRELIM,
GPS,1590307,19960104,20190628,raw_options,PENDING_LSEG_RECONCILIATION,1GPSZ1m,0,,,,,0,,,0,0,0,,CHECK,UNRESOLVED_RIC,False,UNRESOLVED_PRICE,Mapped/historical RIC returned no TRDPRC_1 in 2009-2019 audit; corporate-action successor resolution required
GRMN,1085049,20010315,20190628,raw_options,PENDING_LSEG_RECONCILIATION,GRMN.K,2640,2009-01-02,2019-06-28,2010-12-25,2019-12-28,10,2010.0,2019.0,10,10,10,2011.0,DIRECT_PRICE_ESG_OPTION,INITIAL_LSEG_RIC_TRDPRC_1,True,ELIGIBLE_PRELIM,
GS,2337096,19990811,20190628,raw_options,PENDING_LSEG_RECONCILIATION,GS,2640,2009-01-02,2019-06-28,2009-12-31,2018-12-31,10,2009.0,2018.0,10,10,10,2010.0,DIRECT_PRICE_ESG_OPTION,INITIAL_LSEG_RIC_TRDPRC_1,True,ELIGIBLE_PRELIM,
GT,1347024,19960104,20190628,raw_options,PENDING_LSEG_RECONCILIATION,GT.O,2640,2009-01-02,2019-06-28,2010-12-31,2019-12-31,10,2010.0,2019.0,10,10,10,2011.0,DIRECT_PRICE_ESG_OPTION,INITIAL_LSEG_RIC_TRDPRC_1,True,ELIGIBLE_PRELIM,
GWW,990672,19960104,20190628,raw_options,PENDING_LSEG_RECONCILIATION,GWW,2640,2009-01-02,2019-06-28,2009-12-31,2018-12-31,10,2009.0,2018.0,10,10,10,2010.0,DIRECT_PRICE_ESG_OPTION,INITIAL_LSEG_RIC_TRDPRC_1,True,ELIGIBLE_PRELIM,
HAL,1782712,19960104,20190628,raw_options,PENDING_LSEG_RECONCILIATION,HAL,2640,2009-01-02,2019-06-28,2010-12-31,2019-12-31,10,2010.0,2019.0,10,10,10,2011.0,DIRECT_PRICE_ESG_OPTION,INITIAL_LSEG_RIC_TRDPRC_1,True,ELIGIBLE_PRELIM,
HAS,1130207,19960104,20190628,raw_options,PENDING_LSEG_RECONCILIATION,HAS.O,2640,2009-01-02,2019-06-28,2009-12-27,2018-12-30,10,2009.0,2018.0,10,10,10,2010.0,DIRECT_PRICE_ESG_OPTION,INITIAL_LSEG_RIC_TRDPRC_1,True,ELIGIBLE_PRELIM,
HBAN,482139,19960104,20190628,raw_options,PENDING_LSEG_RECONCILIATION,HBAN.O,2640,2009-01-02,2019-06-28,2009-12-31,2018-12-31,10,2009.0,2018.0,10,10,10,2010.0,DIRECT_PRICE_ESG_OPTION,INITIAL_LSEG_RIC_TRDPRC_1,True,ELIGIBLE_PRELIM,
HBI,358372,20060906,20190628,raw_options,PENDING_LSEG_RECONCILIATION,01HIBQ5,0,,,,,0,,,0,0,0,,CHECK,UNRESOLVED_RIC,False,UNRESOLVED_PRICE,Mapped/historical RIC returned no TRDPRC_1 in 2009-2019 audit; corporate-action successor resolution required
HCA,1580693,19960104,20190628,raw_options,PENDING_LSEG_RECONCILIATION,HCA,2090,2011-03-10,2019-06-28,2009-12-31,2018-12-31,10,2009.0,2018.0,10,10,10,2010.0,DIRECT_PRICE_ESG_OPTION,INITIAL_LSEG_RIC_TRDPRC_1,True,ELIGIBLE_PRELIM,
HCP,340084,19991105,20190628,raw_options,PENDING_LSEG_RECONCILIATION,HCP.B^J07,0,,,2010-12-31,2019-12-31,10,2010.0,2019.0,10,10,10,2011.0,CHECK,UNRESOLVED_RIC,True,UNRESOLVED_PRICE,Mapped/historical RIC returned no TRDPRC_1 in 2009-2019 audit; corporate-action successor resolution required
HD,1940770,19960104,20190628,raw_options,PENDING_LSEG_RECONCILIATION,HD,2640,2009-01-02,2019-06-28,2009-02-01,2018-01-28,10,2009.0,2018.0,10,10,10,2010.0,DIRECT_PRICE_ESG_OPTION,INITIAL_LSEG_RIC_TRDPRC_1,True,ELIGIBLE_PRELIM,
HES,1784058,19960104,20190628,raw_options,PENDING_LSEG_RECONCILIATION,HES.PH^B09,0,,,2010-12-31,2019-12-31,10,2010.0,2019.0,10,10,10,2011.0,CHECK,UNRESOLVED_RIC,True,UNRESOLVED_PRICE,Mapped/historical RIC returned no TRDPRC_1 in 2009-2019 audit; corporate-action successor resolution required
HIG,1432927,19960104,20190628,raw_options,PENDING_LSEG_RECONCILIATION,HIG,2640,2009-01-02,2019-06-28,2009-12-31,2018-12-31,10,2009.0,2018.0,10,10,10,2010.0,DIRECT_PRICE_ESG_OPTION,INITIAL_LSEG_RIC_TRDPRC_1,True,ELIGIBLE_PRELIM,
HII,311447,19960104,20190628,raw_options,PENDING_LSEG_RECONCILIATION,HII,2082,2011-03-22,2019-06-28,2010-12-31,2018-12-31,9,2010.0,2018.0,8,8,8,2011.0,DIRECT_PRICE_ESG_OPTION,INITIAL_LSEG_RIC_TRDPRC_1,True,ELIGIBLE_PRELIM,
HLT,536164,19960104,20190628,raw_options,PENDING_LSEG_RECONCILIATION,HLT,1395,2013-12-12,2019-06-28,2013-12-31,2018-12-31,6,2013.0,2018.0,5,5,5,2014.0,DIRECT_PRICE_ESG_OPTION,INITIAL_LSEG_RIC_TRDPRC_1,True,ELIGIBLE_PRELIM,
HOG,1202903,19960104,20190628,raw_options,PENDING_LSEG_RECONCILIATION,HOG,2640,2009-01-02,2019-06-28,2009-12-31,2018-12-31,10,2009.0,2018.0,10,10,10,2010.0,DIRECT_PRICE_ESG_OPTION,INITIAL_LSEG_RIC_TRDPRC_1,True,ELIGIBLE_PRELIM,
HOLX,716805,19960329,20190628,raw_options,PENDING_LSEG_RECONCILIATION,HOLX.B^J07,0,,,2009-09-26,2018-09-29,10,2009.0,2018.0,10,10,10,2010.0,CHECK,UNRESOLVED_RIC,True,UNRESOLVED_PRICE,Mapped/historical RIC returned no TRDPRC_1 in 2009-2019 audit; corporate-action successor resolution required
HON,1351393,19960104,20190628,raw_options,PENDING_LSEG_RECONCILIATION,HON.O,2640,2009-01-02,2019-06-28,2009-12-31,2018-12-31,10,2009.0,2018.0,10,10,10,2010.0,DIRECT_PRICE_ESG_OPTION,INITIAL_LSEG_RIC_TRDPRC_1,True,ELIGIBLE_PRELIM,
HP,795930,19960104,20190628,raw_options,PENDING_LSEG_RECONCILIATION,HP,2640,2009-01-02,2019-06-28,2010-09-30,2019-09-30,10,2010.0,2019.0,10,10,10,2011.0,DIRECT_PRICE_ESG_OPTION,INITIAL_LSEG_RIC_TRDPRC_1,True,ELIGIBLE_PRELIM,
HPE,543522,20151103,20190628,raw_options,PENDING_LSEG_RECONCILIATION,HPE,930,2015-10-19,2019-06-28,2014-12-31,2018-10-31,5,2014.0,2018.0,4,4,4,2015.0,DIRECT_PRICE_ESG_OPTION,INITIAL_LSEG_RIC_TRDPRC_1,True,ELIGIBLE_PRELIM,
HPQ,1656443,19960104,20190628,raw_options,PENDING_LSEG_RECONCILIATION,HPQ,2640,2009-01-02,2019-06-28,2009-10-31,2018-10-31,10,2009.0,2018.0,10,10,10,2010.0,DIRECT_PRICE_ESG_OPTION,INITIAL_LSEG_RIC_TRDPRC_1,True,ELIGIBLE_PRELIM,
HRB,776495,19960104,20190628,raw_options,PENDING_LSEG_RECONCILIATION,HRB,2640,2009-01-02,2019-06-28,2009-04-30,2018-04-30,10,2009.0,2018.0,10,10,10,2010.0,DIRECT_PRICE_ESG_OPTION,INITIAL_LSEG_RIC_TRDPRC_1,True,ELIGIBLE_PRELIM,
HRL,461751,19960104,20190628,raw_options,PENDING_LSEG_RECONCILIATION,HRL,2640,2009-01-02,2019-06-28,2009-10-25,2018-10-28,10,2009.0,2018.0,10,10,10,2010.0,DIRECT_PRICE_ESG_OPTION,INITIAL_LSEG_RIC_TRDPRC_1,True,ELIGIBLE_PRELIM,
HSIC,467161,19960904,20190628,raw_options,PENDING_LSEG_RECONCILIATION,HSIC.O,2640,2009-01-02,2019-06-28,2009-12-26,2018-12-29,10,2009.0,2018.0,10,10,10,2010.0,DIRECT_PRICE_ESG_OPTION,INITIAL_LSEG_RIC_TRDPRC_1,True,ELIGIBLE_PRELIM,
HST,581885,19960104,20190628,raw_options,PENDING_LSEG_RECONCILIATION,HST.O,2640,2009-01-02,2019-06-28,2009-12-31,2018-12-31,10,2009.0,2018.0,10,10,10,2010.0,DIRECT_PRICE_ESG_OPTION,INITIAL_LSEG_RIC_TRDPRC_1,True,ELIGIBLE_PRELIM,
HSY,1035377,19960104,20190628,raw_options,PENDING_LSEG_RECONCILIATION,HSY,2640,2009-01-02,2019-06-28,2009-12-31,2018-12-31,10,2009.0,2018.0,10,10,10,2010.0,DIRECT_PRICE_ESG_OPTION,INITIAL_LSEG_RIC_TRDPRC_1,True,ELIGIBLE_PRELIM,
HUM,1781774,19960104,20190628,raw_options,PENDING_LSEG_RECONCILIATION,HUM,2640,2009-01-02,2019-06-28,2009-12-31,2018-12-31,10,2009.0,2018.0,10,10,10,2010.0,DIRECT_PRICE_ESG_OPTION,INITIAL_LSEG_RIC_TRDPRC_1,True,ELIGIBLE_PRELIM,
IBM,2395834,19960104,20190628,raw_options,PENDING_LSEG_RECONCILIATION,IBM,2640,2009-01-02,2019-06-28,2010-12-31,2019-12-31,10,2010.0,2019.0,10,10,10,2011.0,DIRECT_PRICE_ESG_OPTION,INITIAL_LSEG_RIC_TRDPRC_1,True,ELIGIBLE_PRELIM,
ICE,909714,20051128,20190628,raw_options,PENDING_LSEG_RECONCILIATION,ICE,2640,2009-01-02,2019-06-28,2009-12-31,2018-12-31,10,2009.0,2018.0,10,10,10,2010.0,DIRECT_PRICE_ESG_OPTION,INITIAL_LSEG_RIC_TRDPRC_1,True,ELIGIBLE_PRELIM,
IDXX,471758,19960104,20190628,raw_options,PENDING_LSEG_RECONCILIATION,IDXX.O,2640,2009-01-02,2019-06-28,2009-12-31,2018-12-31,10,2009.0,2018.0,10,10,10,2010.0,DIRECT_PRICE_ESG_OPTION,INITIAL_LSEG_RIC_TRDPRC_1,True,ELIGIBLE_PRELIM,
IFF,444345,19960104,20190628,raw_options,PENDING_LSEG_RECONCILIATION,IFF,2640,2009-01-02,2019-06-28,2009-12-31,2018-12-31,10,2009.0,2018.0,10,10,10,2010.0,DIRECT_PRICE_ESG_OPTION,INITIAL_LSEG_RIC_TRDPRC_1,True,ELIGIBLE_PRELIM,
ILMN,1682482,20031218,20190628,raw_options,PENDING_LSEG_RECONCILIATION,ILMN.O,2640,2009-01-02,2019-06-28,2010-01-03,2019-12-29,11,2010.0,2019.0,11,11,11,2011.0,DIRECT_PRICE_ESG_OPTION,INITIAL_LSEG_RIC_TRDPRC_1,True,ELIGIBLE_PRELIM,
INCY,797680,19960926,20190628,raw_options,PENDING_LSEG_RECONCILIATION,INCY.O,2640,2009-01-02,2019-06-28,2013-12-31,2018-12-31,6,2013.0,2018.0,5,5,5,2014.0,DIRECT_PRICE_ESG_OPTION,INITIAL_LSEG_RIC_TRDPRC_1,True,ELIGIBLE_PRELIM,
INFO,95160,20140627,20190628,raw_options,PENDING_LSEG_RECONCILIATION,INFO.K,0,,,,,0,,,0,0,0,,CHECK,UNRESOLVED_RIC,False,UNRESOLVED_PRICE,Mapped/historical RIC returned no TRDPRC_1 in 2009-2019 audit; corporate-action successor resolution required
INTC,1974206,19960104,20190628,raw_options,PENDING_LSEG_RECONCILIATION,INTC.O,2640,2009-01-02,2019-06-28,2009-12-26,2018-12-29,10,2009.0,2018.0,10,10,10,2010.0,DIRECT_PRICE_ESG_OPTION,INITIAL_LSEG_RIC_TRDPRC_1,True,ELIGIBLE_PRELIM,
INTU,957255,19960104,20190628,raw_options,PENDING_LSEG_RECONCILIATION,INTU.O,2640,2009-01-02,2019-06-28,2010-07-31,2019-07-31,10,2010.0,2019.0,10,10,10,2011.0,DIRECT_PRICE_ESG_OPTION,INITIAL_LSEG_RIC_TRDPRC_1,True,ELIGIBLE_PRELIM,
IP,1485148,19960104,20190628,raw_options,PENDING_LSEG_RECONCILIATION,IP,2640,2009-01-02,2019-06-28,2010-12-31,2019-12-31,10,2010.0,2019.0,10,10,10,2011.0,DIRECT_PRICE_ESG_OPTION,INITIAL_LSEG_RIC_TRDPRC_1,True,ELIGIBLE_PRELIM,
IPG,583316,19960104,20190628,raw_options,PENDING_LSEG_RECONCILIATION,IPG.PH^B09,0,,,2009-12-31,2018-12-31,10,2009.0,2018.0,10,10,10,2010.0,CHECK,UNRESOLVED_RIC,True,UNRESOLVED_PRICE,Mapped/historical RIC returned no TRDPRC_1 in 2009-2019 audit; corporate-action successor resolution required
IPGP,376662,20070425,20190628,raw_options,PENDING_LSEG_RECONCILIATION,IPGP.O,2640,2009-01-02,2019-06-28,2009-12-31,2018-12-31,10,2009.0,2018.0,9,9,9,2010.0,DIRECT_PRICE_ESG_OPTION,INITIAL_LSEG_RIC_TRDPRC_1,True,ELIGIBLE_PRELIM,
IQV,226223,20130606,20190628,raw_options,PENDING_LSEG_RECONCILIATION,IQV,1546,2013-05-09,2019-06-28,2014-12-31,2019-12-31,6,2014.0,2019.0,6,6,6,2015.0,DIRECT_PRICE_ESG_OPTION,INITIAL_LSEG_RIC_TRDPRC_1,True,ELIGIBLE_PRELIM,
IR,912674,19960104,20190628,raw_options,PENDING_LSEG_RECONCILIATION,IR,536,2017-05-12,2019-06-28,2016-12-31,2018-12-31,3,2016.0,2018.0,2,2,2,2017.0,DIRECT_PRICE_ESG_OPTION,INITIAL_LSEG_RIC_TRDPRC_1,True,ELIGIBLE_PRELIM,
IRM,495760,19980514,20190628,raw_options,PENDING_LSEG_RECONCILIATION,IRM,2640,2009-01-02,2019-06-28,2009-12-31,2018-12-31,10,2009.0,2018.0,10,10,10,2010.0,DIRECT_PRICE_ESG_OPTION,INITIAL_LSEG_RIC_TRDPRC_1,True,ELIGIBLE_PRELIM,
ISRG,3533410,20010724,20190628,raw_options,PENDING_LSEG_RECONCILIATION,ISRG.O,2640,2009-01-02,2019-06-28,2009-12-31,2018-12-31,10,2009.0,2018.0,10,10,10,2010.0,DIRECT_PRICE_ESG_OPTION,INITIAL_LSEG_RIC_TRDPRC_1,True,ELIGIBLE_PRELIM,
IT,360768,19960104,20190628,raw_options,PENDING_LSEG_RECONCILIATION,IT,2640,2009-01-02,2019-06-28,2009-12-31,2018-12-31,10,2009.0,2018.0,9,9,9,2010.0,DIRECT_PRICE_ESG_OPTION,INITIAL_LSEG_RIC_TRDPRC_1,True,ELIGIBLE_PRELIM,
ITW,985121,19960104,20190628,raw_options,PENDING_LSEG_RECONCILIATION,ITW,2640,2009-01-02,2019-06-28,2009-12-31,2018-12-31,10,2009.0,2018.0,10,10,10,2010.0,DIRECT_PRICE_ESG_OPTION,INITIAL_LSEG_RIC_TRDPRC_1,True,ELIGIBLE_PRELIM,
IVZ,440221,20070221,20190628,raw_options,PENDING_LSEG_RECONCILIATION,IVZ,2640,2009-01-02,2019-06-28,2009-12-31,2018-12-31,10,2009.0,2018.0,10,10,10,2010.0,DIRECT_PRICE_ESG_OPTION,INITIAL_LSEG_RIC_TRDPRC_1,True,ELIGIBLE_PRELIM,
JBHT,476675,19960104,20190628,raw_options,PENDING_LSEG_RECONCILIATION,JBHT.O,2640,2009-01-02,2019-06-28,2009-12-31,2018-12-31,10,2009.0,2018.0,10,10,10,2010.0,DIRECT_PRICE_ESG_OPTION,INITIAL_LSEG_RIC_TRDPRC_1,True,ELIGIBLE_PRELIM,
JCI,1154708,19960104,20190628,raw_options,PENDING_LSEG_RECONCILIATION,JCI,2640,2009-01-02,2019-06-28,2010-09-24,2019-09-30,10,2010.0,2019.0,10,10,10,2011.0,DIRECT_PRICE_ESG_OPTION,INITIAL_LSEG_RIC_TRDPRC_1,True,ELIGIBLE_PRELIM,
JEC,578964,19990107,20190628,raw_options,PENDING_LSEG_RECONCILIATION,JEC.B^J07,0,,,2010-10-01,2019-09-27,10,2010.0,2019.0,10,10,10,2011.0,CHECK,UNRESOLVED_RIC,True,UNRESOLVED_PRICE,Mapped/historical RIC returned no TRDPRC_1 in 2009-2019 audit; corporate-action successor resolution required
JEF,494849,19970604,20190628,raw_options,PENDING_LSEG_RECONCILIATION,JEF,2640,2009-01-02,2019-06-28,2009-12-31,2018-11-30,10,2009.0,2018.0,10,10,10,2010.0,DIRECT_PRICE_ESG_OPTION,INITIAL_LSEG_RIC_TRDPRC_1,True,ELIGIBLE_PRELIM,
JNJ,1778893,19960104,20190628,raw_options,PENDING_LSEG_RECONCILIATION,JNJ,2640,2009-01-02,2019-06-28,2008-12-28,2018-12-30,11,2008.0,2018.0,11,11,11,2009.0,DIRECT_PRICE_ESG_OPTION,INITIAL_LSEG_RIC_TRDPRC_1,True,ELIGIBLE_PRELIM,
JNPR,1608058,19991007,20190628,raw_options,PENDING_LSEG_RECONCILIATION,JNPR.W^E14,1136,2009-01-02,2014-04-30,2009-12-31,2018-12-31,10,2009.0,2018.0,10,10,10,2010.0,DIRECT_PRICE_ESG_OPTION,INITIAL_LSEG_RIC_TRDPRC_1,True,ELIGIBLE_PRELIM,
JPM,2253051,19960104,20190628,raw_options,PENDING_LSEG_RECONCILIATION,JPM,2640,2009-01-02,2019-06-28,2009-12-31,2018-12-31,10,2009.0,2018.0,10,10,10,2010.0,DIRECT_PRICE_ESG_OPTION,INITIAL_LSEG_RIC_TRDPRC_1,True,ELIGIBLE_PRELIM,
JWN,906390,19960104,20190628,raw_options,PENDING_LSEG_RECONCILIATION,JWN.PH^B09,0,,,2009-01-31,2018-02-03,10,2009.0,2018.0,10,10,10,2010.0,CHECK,UNRESOLVED_RIC,True,UNRESOLVED_PRICE,Mapped/historical RIC returned no TRDPRC_1 in 2009-2019 audit; corporate-action successor resolution required
K,714059,19960104,20190628,raw_options,PENDING_LSEG_RECONCILIATION,K.B^J07,0,,,2010-01-02,2019-12-28,11,2010.0,2019.0,11,11,11,2011.0,CHECK,UNRESOLVED_RIC,True,UNRESOLVED_PRICE,Mapped/historical RIC returned no TRDPRC_1 in 2009-2019 audit; corporate-action successor resolution required
KEY,824397,19960104,20190628,raw_options,PENDING_LSEG_RECONCILIATION,KEY,2640,2009-01-02,2019-06-28,2009-12-31,2018-12-31,10,2009.0,2018.0,10,10,10,2010.0,DIRECT_PRICE_ESG_OPTION,INITIAL_LSEG_RIC_TRDPRC_1,True,ELIGIBLE_PRELIM,
KHC,309819,20150707,20190628,raw_options,PENDING_LSEG_RECONCILIATION,KHC.O,1004,2015-07-06,2019-06-28,2015-12-31,2018-12-29,5,2015.0,2018.0,4,4,4,2016.0,DIRECT_PRICE_ESG_OPTION,INITIAL_LSEG_RIC_TRDPRC_1,True,ELIGIBLE_PRELIM,
KIM,249109,19980608,20190628,raw_options,PENDING_LSEG_RECONCILIATION,KIM,2640,2009-01-02,2019-06-28,2010-12-31,2019-12-31,10,2010.0,2019.0,10,10,10,2011.0,DIRECT_PRICE_ESG_OPTION,INITIAL_LSEG_RIC_TRDPRC_1,True,ELIGIBLE_PRELIM,
KLAC,1081974,19960104,20190628,raw_options,PENDING_LSEG_RECONCILIATION,KLAC.O,2640,2009-01-02,2019-06-28,2008-06-30,2017-06-30,10,2008.0,2017.0,10,10,10,2009.0,DIRECT_PRICE_ESG_OPTION,INITIAL_LSEG_RIC_TRDPRC_1,True,ELIGIBLE_PRELIM,
KMB,1072914,19960104,20190628,raw_options,PENDING_LSEG_RECONCILIATION,KMB.O,2640,2009-01-02,2019-06-28,2009-12-31,2018-12-31,10,2009.0,2018.0,10,10,10,2010.0,DIRECT_PRICE_ESG_OPTION,INITIAL_LSEG_RIC_TRDPRC_1,True,ELIGIBLE_PRELIM,
KMI,1111329,19970409,20190628,raw_options,PENDING_LSEG_RECONCILIATION,KMI,2108,2011-02-11,2019-06-28,2010-12-31,2018-12-31,9,2010.0,2018.0,8,8,8,2011.0,DIRECT_PRICE_ESG_OPTION,INITIAL_LSEG_RIC_TRDPRC_1,True,ELIGIBLE_PRELIM,
KMX,995511,19970512,20190628,raw_options,PENDING_LSEG_RECONCILIATION,KMX,2640,2009-01-02,2019-06-28,2009-02-28,2018-02-28,10,2009.0,2018.0,10,10,10,2010.0,DIRECT_PRICE_ESG_OPTION,INITIAL_LSEG_RIC_TRDPRC_1,True,ELIGIBLE_PRELIM,
KO,1681071,19960104,20190628,raw_options,PENDING_LSEG_RECONCILIATION,KO,2640,2009-01-02,2019-06-28,2009-12-31,2018-12-31,10,2009.0,2018.0,10,10,10,2010.0,DIRECT_PRICE_ESG_OPTION,INITIAL_LSEG_RIC_TRDPRC_1,True,ELIGIBLE_PRELIM,
KR,922547,19960104,20190628,raw_options,PENDING_LSEG_RECONCILIATION,KR,2640,2009-01-02,2019-06-28,2009-01-31,2018-02-03,10,2009.0,2018.0,10,10,10,2010.0,DIRECT_PRICE_ESG_OPTION,INITIAL_LSEG_RIC_TRDPRC_1,True,ELIGIBLE_PRELIM,
KSS,1228816,19960104,20190628,raw_options,PENDING_LSEG_RECONCILIATION,KSS,2640,2009-01-02,2019-06-28,2008-02-02,2017-01-28,10,2008.0,2017.0,10,10,10,2009.0,DIRECT_PRICE_ESG_OPTION,INITIAL_LSEG_RIC_TRDPRC_1,True,ELIGIBLE_PRELIM,
KSU,1322117,19960104,20190628,raw_options,PENDING_LSEG_RECONCILIATION,KSU.B^J07,0,,,2008-12-31,2017-12-31,10,2008.0,2017.0,10,10,10,2009.0,CHECK,UNRESOLVED_RIC,True,UNRESOLVED_PRICE,Mapped/historical RIC returned no TRDPRC_1 in 2009-2019 audit; corporate-action successor resolution required
L,566012,19960104,20190628,raw_options,PENDING_LSEG_RECONCILIATION,L,2640,2009-01-02,2019-06-28,2010-12-31,2019-12-31,10,2010.0,2019.0,10,10,10,2011.0,DIRECT_PRICE_ESG_OPTION,INITIAL_LSEG_RIC_TRDPRC_1,True,ELIGIBLE_PRELIM,
LB,1154605,19960104,20190628,raw_options,PENDING_LSEG_RECONCILIATION,LB,0,,,,,0,,,0,0,0,,CHECK,UNRESOLVED_RIC,False,UNRESOLVED_PRICE,Mapped/historical RIC returned no TRDPRC_1 in 2009-2019 audit; corporate-action successor resolution required
LEG,277449,19960104,20190628,raw_options,PENDING_LSEG_RECONCILIATION,LEG.PH^B09,0,,,2009-12-31,2018-12-31,10,2009.0,2018.0,10,10,10,2010.0,CHECK,UNRESOLVED_RIC,True,UNRESOLVED_PRICE,Mapped/historical RIC returned no TRDPRC_1 in 2009-2019 audit; corporate-action successor resolution required
LEN,1002721,19960104,20190628,raw_options,PENDING_LSEG_RECONCILIATION,LEN,2640,2009-01-02,2019-06-28,2010-11-30,2019-11-30,10,2010.0,2019.0,10,10,10,2011.0,DIRECT_PRICE_ESG_OPTION,INITIAL_LSEG_RIC_TRDPRC_1,True,ELIGIBLE_PRELIM,
LH,720131,19960104,20190628,raw_options,PENDING_LSEG_RECONCILIATION,LH,2640,2009-01-02,2019-06-28,2009-12-31,2018-12-31,10,2009.0,2018.0,10,10,10,2010.0,DIRECT_PRICE_ESG_OPTION,INITIAL_LSEG_RIC_TRDPRC_1,True,ELIGIBLE_PRELIM,
LKQ,234192,20071112,20190628,raw_options,PENDING_LSEG_RECONCILIATION,LKQ.O,2640,2009-01-02,2019-06-28,2009-12-31,2018-12-31,10,2009.0,2018.0,10,10,10,2010.0,DIRECT_PRICE_ESG_OPTION,INITIAL_LSEG_RIC_TRDPRC_1,True,ELIGIBLE_PRELIM,
LLY,1732827,19960104,20190628,raw_options,PENDING_LSEG_RECONCILIATION,LLY,2640,2009-01-02,2019-06-28,2009-12-31,2018-12-31,10,2009.0,2018.0,10,10,10,2010.0,DIRECT_PRICE_ESG_OPTION,INITIAL_LSEG_RIC_TRDPRC_1,True,ELIGIBLE_PRELIM,
LMT,1532512,19960104,20190628,raw_options,PENDING_LSEG_RECONCILIATION,LMT,2640,2009-01-02,2019-06-28,2009-12-31,2018-12-31,10,2009.0,2018.0,10,10,10,2010.0,DIRECT_PRICE_ESG_OPTION,INITIAL_LSEG_RIC_TRDPRC_1,True,ELIGIBLE_PRELIM,
LNC,700498,19960104,20190628,raw_options,PENDING_LSEG_RECONCILIATION,LNC,2640,2009-01-02,2019-06-28,2009-12-31,2018-12-31,10,2009.0,2018.0,10,10,10,2010.0,DIRECT_PRICE_ESG_OPTION,INITIAL_LSEG_RIC_TRDPRC_1,True,ELIGIBLE_PRELIM,
LNT,212962,19960610,20190628,raw_options,PENDING_LSEG_RECONCILIATION,LNT.O,2640,2009-01-02,2019-06-28,2009-12-31,2018-12-31,10,2009.0,2018.0,10,10,10,2010.0,DIRECT_PRICE_ESG_OPTION,INITIAL_LSEG_RIC_TRDPRC_1,True,ELIGIBLE_PRELIM,
LOW,1445730,19960104,20190628,raw_options,PENDING_LSEG_RECONCILIATION,LOW,2640,2009-01-02,2019-06-28,2009-01-30,2018-02-02,10,2009.0,2018.0,10,10,10,2010.0,DIRECT_PRICE_ESG_OPTION,INITIAL_LSEG_RIC_TRDPRC_1,True,ELIGIBLE_PRELIM,
LRCX,1493215,19960104,20190628,raw_options,PENDING_LSEG_RECONCILIATION,LRCX.O,2640,2009-01-02,2019-06-28,2008-06-29,2017-06-25,10,2008.0,2017.0,10,10,10,2009.0,DIRECT_PRICE_ESG_OPTION,INITIAL_LSEG_RIC_TRDPRC_1,True,ELIGIBLE_PRELIM,
LUV,1375699,19960104,20190628,raw_options,PENDING_LSEG_RECONCILIATION,LUV,2640,2009-01-02,2019-06-28,2009-12-31,2018-12-31,10,2009.0,2018.0,10,10,10,2010.0,DIRECT_PRICE_ESG_OPTION,INITIAL_LSEG_RIC_TRDPRC_1,True,ELIGIBLE_PRELIM,
LYB,990586,20101018,20190628,raw_options,PENDING_LSEG_RECONCILIATION,LYB,2309,2010-04-28,2019-06-28,2009-12-31,2018-12-31,10,2009.0,2018.0,9,9,9,2010.0,DIRECT_PRICE_ESG_OPTION,INITIAL_LSEG_RIC_TRDPRC_1,True,ELIGIBLE_PRELIM,
MA,2487737,20060605,20190628,raw_options,PENDING_LSEG_RECONCILIATION,MA,2640,2009-01-02,2019-06-28,2009-12-31,2018-12-31,10,2009.0,2018.0,10,10,10,2010.0,DIRECT_PRICE_ESG_OPTION,INITIAL_LSEG_RIC_TRDPRC_1,True,ELIGIBLE_PRELIM,
MAA,337007,20040116,20190628,raw_options,PENDING_LSEG_RECONCILIATION,MAA,2640,2009-01-02,2019-06-28,2014-12-31,2018-12-31,5,2014.0,2018.0,4,4,4,2015.0,DIRECT_PRICE_ESG_OPTION,INITIAL_LSEG_RIC_TRDPRC_1,True,ELIGIBLE_PRELIM,
MAC,361836,20030218,20190628,raw_options,PENDING_LSEG_RECONCILIATION,MAC,2640,2009-01-02,2019-06-28,2009-12-31,2018-12-31,10,2009.0,2018.0,10,10,10,2010.0,DIRECT_PRICE_ESG_OPTION,INITIAL_LSEG_RIC_TRDPRC_1,True,ELIGIBLE_PRELIM,
MAR,1284770,19970818,20190628,raw_options,PENDING_LSEG_RECONCILIATION,MAR.O,2640,2009-01-02,2019-06-28,2009-01-02,2018-12-31,11,2009.0,2018.0,11,11,11,2010.0,DIRECT_PRICE_ESG_OPTION,INITIAL_LSEG_RIC_TRDPRC_1,True,ELIGIBLE_PRELIM,
MAS,672039,19960104,20190628,raw_options,PENDING_LSEG_RECONCILIATION,MAS,2640,2009-01-02,2019-06-28,2009-12-31,2018-12-31,10,2009.0,2018.0,10,10,10,2010.0,DIRECT_PRICE_ESG_OPTION,INITIAL_LSEG_RIC_TRDPRC_1,True,ELIGIBLE_PRELIM,
MAT,1062647,19960104,20190628,raw_options,PENDING_LSEG_RECONCILIATION,MAT.O,2640,2009-01-02,2019-06-28,2009-12-31,2018-12-31,10,2009.0,2018.0,10,10,10,2010.0,DIRECT_PRICE_ESG_OPTION,INITIAL_LSEG_RIC_TRDPRC_1,True,ELIGIBLE_PRELIM,
MCD,1727092,19960104,20190628,raw_options,PENDING_LSEG_RECONCILIATION,MCD,2640,2009-01-02,2019-06-28,2009-12-31,2018-12-31,10,2009.0,2018.0,10,10,10,2010.0,DIRECT_PRICE_ESG_OPTION,INITIAL_LSEG_RIC_TRDPRC_1,True,ELIGIBLE_PRELIM,
MCHP,800440,19960104,20190628,raw_options,PENDING_LSEG_RECONCILIATION,MCHP.O,2640,2009-01-02,2019-06-28,2009-03-31,2018-03-31,10,2009.0,2018.0,10,10,10,2010.0,DIRECT_PRICE_ESG_OPTION,INITIAL_LSEG_RIC_TRDPRC_1,True,ELIGIBLE_PRELIM,
MCK,1438750,19960104,20190628,raw_options,PENDING_LSEG_RECONCILIATION,MCK,2640,2009-01-02,2019-06-28,2009-03-31,2018-03-31,10,2009.0,2018.0,10,10,10,2010.0,DIRECT_PRICE_ESG_OPTION,INITIAL_LSEG_RIC_TRDPRC_1,True,ELIGIBLE_PRELIM,
MCO,770771,20000320,20190628,raw_options,PENDING_LSEG_RECONCILIATION,MCO,2640,2009-01-02,2019-06-28,2009-12-31,2018-12-31,10,2009.0,2018.0,10,10,10,2010.0,DIRECT_PRICE_ESG_OPTION,INITIAL_LSEG_RIC_TRDPRC_1,True,ELIGIBLE_PRELIM,
MDLZ,1167689,20010627,20190628,raw_options,PENDING_LSEG_RECONCILIATION,MDLZ.O,2640,2009-01-02,2019-06-28,2010-12-31,2019-12-31,10,2010.0,2019.0,10,10,10,2011.0,DIRECT_PRICE_ESG_OPTION,INITIAL_LSEG_RIC_TRDPRC_1,True,ELIGIBLE_PRELIM,
MDT,1820864,19960104,20190628,raw_options,PENDING_LSEG_RECONCILIATION,MDT,2640,2009-01-02,2019-06-28,2009-04-24,2018-04-27,10,2009.0,2018.0,10,10,10,2010.0,DIRECT_PRICE_ESG_OPTION,INITIAL_LSEG_RIC_TRDPRC_1,True,ELIGIBLE_PRELIM,
MET,1551044,19970321,20190628,raw_options,PENDING_LSEG_RECONCILIATION,MET,2640,2009-01-02,2019-06-28,2009-12-31,2018-12-31,10,2009.0,2018.0,10,10,10,2010.0,DIRECT_PRICE_ESG_OPTION,INITIAL_LSEG_RIC_TRDPRC_1,True,ELIGIBLE_PRELIM,
MGM,1488983,19960104,20190628,raw_options,PENDING_LSEG_RECONCILIATION,MGM,2640,2009-01-02,2019-06-28,2009-12-31,2018-12-31,10,2009.0,2018.0,10,10,10,2010.0,DIRECT_PRICE_ESG_OPTION,INITIAL_LSEG_RIC_TRDPRC_1,True,ELIGIBLE_PRELIM,
MHK,791348,19960104,20190628,raw_options,PENDING_LSEG_RECONCILIATION,MHK,2640,2009-01-02,2019-06-28,2009-12-31,2018-12-31,10,2009.0,2018.0,10,10,10,2010.0,DIRECT_PRICE_ESG_OPTION,INITIAL_LSEG_RIC_TRDPRC_1,True,ELIGIBLE_PRELIM,
MKC,346031,19960104,20190628,raw_options,PENDING_LSEG_RECONCILIATION,MKC,2640,2009-01-02,2019-06-28,2009-11-30,2018-11-30,10,2009.0,2018.0,10,10,10,2010.0,DIRECT_PRICE_ESG_OPTION,INITIAL_LSEG_RIC_TRDPRC_1,True,ELIGIBLE_PRELIM,
MLM,761284,19970923,20190628,raw_options,PENDING_LSEG_RECONCILIATION,MLM,2640,2009-01-02,2019-06-28,2010-12-31,2019-12-31,10,2010.0,2019.0,10,10,10,2011.0,DIRECT_PRICE_ESG_OPTION,INITIAL_LSEG_RIC_TRDPRC_1,True,ELIGIBLE_PRELIM,
MMC,596937,19960104,20190628,raw_options,PENDING_LSEG_RECONCILIATION,0#MCM:,0,,,,,0,,,0,0,0,,CHECK,UNRESOLVED_RIC,False,UNRESOLVED_PRICE,Mapped/historical RIC returned no TRDPRC_1 in 2009-2019 audit; corporate-action successor resolution required
MMM,1830319,19960104,20190628,raw_options,PENDING_LSEG_RECONCILIATION,MMM,2640,2009-01-02,2019-06-28,2009-12-31,2018-12-31,10,2009.0,2018.0,10,10,10,2010.0,DIRECT_PRICE_ESG_OPTION,INITIAL_LSEG_RIC_TRDPRC_1,True,ELIGIBLE_PRELIM,
MNST,1309537,20060725,20190628,raw_options,PENDING_LSEG_RECONCILIATION,MNST.O,2640,2009-01-02,2019-06-28,2009-12-31,2018-12-31,10,2009.0,2018.0,10,10,10,2010.0,DIRECT_PRICE_ESG_OPTION,INITIAL_LSEG_RIC_TRDPRC_1,True,ELIGIBLE_PRELIM,
MO,1772661,19960104,20190628,raw_options,PENDING_LSEG_RECONCILIATION,MO,2640,2009-01-02,2019-06-28,2009-12-31,2018-12-31,10,2009.0,2018.0,10,10,10,2010.0,DIRECT_PRICE_ESG_OPTION,INITIAL_LSEG_RIC_TRDPRC_1,True,ELIGIBLE_PRELIM,
MON,1457458,19960104,20180606,raw_options,PENDING_LSEG_RECONCILIATION,MON.PH^B09,0,,,2002-12-31,2009-08-31,8,2002.0,2009.0,8,8,8,2003.0,CHECK,UNRESOLVED_RIC,True,UNRESOLVED_PRICE,Mapped/historical RIC returned no TRDPRC_1 in 2009-2019 audit; corporate-action successor resolution required
MOS,1562075,19960104,20190628,raw_options,PENDING_LSEG_RECONCILIATION,MOS,2640,2009-01-02,2019-06-28,2009-05-31,2018-12-31,10,2009.0,2018.0,10,10,10,2010.0,DIRECT_PRICE_ESG_OPTION,INITIAL_LSEG_RIC_TRDPRC_1,True,ELIGIBLE_PRELIM,
MPC,1272026,20110705,20190628,raw_options,PENDING_LSEG_RECONCILIATION,MPC,2017,2011-06-23,2019-06-28,2010-12-31,2018-12-31,9,2010.0,2018.0,8,8,8,2011.0,DIRECT_PRICE_ESG_OPTION,INITIAL_LSEG_RIC_TRDPRC_1,True,ELIGIBLE_PRELIM,
MRK,1804497,19960104,20190628,raw_options,PENDING_LSEG_RECONCILIATION,MRK,2640,2009-01-02,2019-06-28,2009-12-31,2018-12-31,10,2009.0,2018.0,10,10,10,2010.0,DIRECT_PRICE_ESG_OPTION,INITIAL_LSEG_RIC_TRDPRC_1,True,ELIGIBLE_PRELIM,
MRO,1456879,19960104,20190628,raw_options,PENDING_LSEG_RECONCILIATION,MRO.PH^B09,0,,,2010-12-31,2019-12-31,10,2010.0,2019.0,10,10,10,2011.0,CHECK,UNRESOLVED_RIC,True,UNRESOLVED_PRICE,Mapped/historical RIC returned no TRDPRC_1 in 2009-2019 audit; corporate-action successor resolution required
MS,1737928,19960104,20190628,raw_options,PENDING_LSEG_RECONCILIATION,MS,2640,2009-01-02,2019-06-28,2009-12-31,2018-12-31,10,2009.0,2018.0,10,10,10,2010.0,DIRECT_PRICE_ESG_OPTION,INITIAL_LSEG_RIC_TRDPRC_1,True,ELIGIBLE_PRELIM,
MSFT,2350128,19960104,20190628,raw_options,PENDING_LSEG_RECONCILIATION,MSFT.O,2640,2009-01-02,2019-06-28,2009-06-30,2018-06-30,10,2009.0,2018.0,10,10,10,2010.0,DIRECT_PRICE_ESG_OPTION,INITIAL_LSEG_RIC_TRDPRC_1,True,ELIGIBLE_PRELIM,
MSI,973196,19960104,20190628,raw_options,PENDING_LSEG_RECONCILIATION,MSI,2640,2009-01-02,2019-06-28,2009-12-31,2018-12-31,10,2009.0,2018.0,10,10,10,2010.0,DIRECT_PRICE_ESG_OPTION,INITIAL_LSEG_RIC_TRDPRC_1,True,ELIGIBLE_PRELIM,
MTB,626001,19970818,20190628,raw_options,PENDING_LSEG_RECONCILIATION,MTB,2640,2009-01-02,2019-06-28,2009-12-31,2018-12-31,10,2009.0,2018.0,10,10,10,2010.0,DIRECT_PRICE_ESG_OPTION,INITIAL_LSEG_RIC_TRDPRC_1,True,ELIGIBLE_PRELIM,
MTD,435609,19980908,20190628,raw_options,PENDING_LSEG_RECONCILIATION,MTD,2640,2009-01-02,2019-06-28,2010-12-31,2019-12-31,10,2010.0,2019.0,10,10,10,2011.0,DIRECT_PRICE_ESG_OPTION,INITIAL_LSEG_RIC_TRDPRC_1,True,ELIGIBLE_PRELIM,
MU,1863199,19960104,20190628,raw_options,PENDING_LSEG_RECONCILIATION,MU.O,2640,2009-01-02,2019-06-28,2010-09-02,2019-08-29,10,2010.0,2019.0,10,10,10,2011.0,DIRECT_PRICE_ESG_OPTION,INITIAL_LSEG_RIC_TRDPRC_1,True,ELIGIBLE_PRELIM,
MYL,1226543,19960104,20190628,raw_options,PENDING_LSEG_RECONCILIATION,MYL.TH^L08,0,,,2010-12-31,2019-12-31,10,2010.0,2019.0,10,10,10,2011.0,CHECK,UNRESOLVED_RIC,True,UNRESOLVED_PRICE,Mapped/historical RIC returned no TRDPRC_1 in 2009-2019 audit; corporate-action successor resolution required
NAVI,139815,20000413,20190628,raw_options,PENDING_LSEG_RECONCILIATION,NAVI.O,1309,2014-04-17,2019-06-28,2013-12-31,2018-12-31,6,2013.0,2018.0,5,5,5,2014.0,DIRECT_PRICE_ESG_OPTION,INITIAL_LSEG_RIC_TRDPRC_1,True,ELIGIBLE_PRELIM,
NBL,772899,19960104,20190628,raw_options,PENDING_LSEG_RECONCILIATION,NBL.PH^B09,0,,,2009-12-31,2018-12-31,10,2009.0,2018.0,10,10,10,2010.0,CHECK,UNRESOLVED_RIC,True,UNRESOLVED_PRICE,Mapped/historical RIC returned no TRDPRC_1 in 2009-2019 audit; corporate-action successor resolution required
NCLH,225178,20130204,20190628,raw_options,PENDING_LSEG_RECONCILIATION,NCLH.K,1622,2013-01-18,2019-06-28,2013-12-31,2018-12-31,6,2013.0,2018.0,5,5,5,2014.0,DIRECT_PRICE_ESG_OPTION,INITIAL_LSEG_RIC_TRDPRC_1,True,ELIGIBLE_PRELIM,
NDAQ,609025,20050426,20190628,raw_options,PENDING_LSEG_RECONCILIATION,NDAQ.O,2640,2009-01-02,2019-06-28,2009-12-31,2018-12-31,10,2009.0,2018.0,10,10,10,2010.0,DIRECT_PRICE_ESG_OPTION,INITIAL_LSEG_RIC_TRDPRC_1,True,ELIGIBLE_PRELIM,
NEE,743996,19960104,20190628,raw_options,PENDING_LSEG_RECONCILIATION,NEE,2640,2009-01-02,2019-06-28,2009-12-31,2018-12-31,10,2009.0,2018.0,10,10,10,2010.0,DIRECT_PRICE_ESG_OPTION,INITIAL_LSEG_RIC_TRDPRC_1,True,ELIGIBLE_PRELIM,
NEM,1788583,19960104,20190628,raw_options,PENDING_LSEG_RECONCILIATION,NEM,2640,2009-01-02,2019-06-28,2010-12-31,2019-12-31,10,2010.0,2019.0,10,10,10,2011.0,DIRECT_PRICE_ESG_OPTION,INITIAL_LSEG_RIC_TRDPRC_1,True,ELIGIBLE_PRELIM,
NFLX,3638234,20021119,20190628,raw_options,PENDING_LSEG_RECONCILIATION,NFLX.O,2640,2009-01-02,2019-06-28,2010-12-31,2019-12-31,10,2010.0,2019.0,10,10,10,2011.0,DIRECT_PRICE_ESG_OPTION,INITIAL_LSEG_RIC_TRDPRC_1,True,ELIGIBLE_PRELIM,
NFX,817235,19970214,20190213,raw_options,PENDING_LSEG_RECONCILIATION,NFX,0,,,,,0,,,0,0,0,,CHECK,UNRESOLVED_RIC,False,UNRESOLVED_PRICE,Mapped/historical RIC returned no TRDPRC_1 in 2009-2019 audit; corporate-action successor resolution required
NI,491228,19970127,20190628,raw_options,PENDING_LSEG_RECONCILIATION,NI,2640,2009-01-02,2019-06-28,2009-12-31,2018-12-31,10,2009.0,2018.0,10,10,10,2010.0,DIRECT_PRICE_ESG_OPTION,INITIAL_LSEG_RIC_TRDPRC_1,True,ELIGIBLE_PRELIM,
NKE,1754328,19960104,20190628,raw_options,PENDING_LSEG_RECONCILIATION,NKE,2640,2009-01-02,2019-06-28,2008-05-31,2017-05-31,10,2008.0,2017.0,10,10,10,2009.0,DIRECT_PRICE_ESG_OPTION,INITIAL_LSEG_RIC_TRDPRC_1,True,ELIGIBLE_PRELIM,
NLSN,335431,20110203,20190628,raw_options,PENDING_LSEG_RECONCILIATION,NLSN.W^E14,513,2011-02-08,2014-04-29,2008-12-31,2017-12-31,10,2008.0,2017.0,8,8,8,2009.0,DIRECT_PRICE_ESG_OPTION,INITIAL_LSEG_RIC_TRDPRC_1,True,ELIGIBLE_PRELIM,
NOC,1471651,19960104,20190628,raw_options,PENDING_LSEG_RECONCILIATION,NOC,2640,2009-01-02,2019-06-28,2010-12-31,2019-12-31,10,2010.0,2019.0,10,10,10,2011.0,DIRECT_PRICE_ESG_OPTION,INITIAL_LSEG_RIC_TRDPRC_1,True,ELIGIBLE_PRELIM,
NOV,1598285,19971003,20190628,raw_options,PENDING_LSEG_RECONCILIATION,NOV,2640,2009-01-02,2019-06-28,2010-12-31,2019-12-31,10,2010.0,2019.0,10,10,10,2011.0,DIRECT_PRICE_ESG_OPTION,INITIAL_LSEG_RIC_TRDPRC_1,True,ELIGIBLE_PRELIM,
NRG,907348,20000908,20190628,raw_options,PENDING_LSEG_RECONCILIATION,NRG,2640,2009-01-02,2019-06-28,2009-12-31,2018-12-31,10,2009.0,2018.0,10,10,10,2010.0,DIRECT_PRICE_ESG_OPTION,INITIAL_LSEG_RIC_TRDPRC_1,True,ELIGIBLE_PRELIM,
NSC,1597833,19960104,20190628,raw_options,PENDING_LSEG_RECONCILIATION,NSC,2640,2009-01-02,2019-06-28,2010-12-31,2019-12-31,10,2010.0,2019.0,10,10,10,2011.0,DIRECT_PRICE_ESG_OPTION,INITIAL_LSEG_RIC_TRDPRC_1,True,ELIGIBLE_PRELIM,
NTAP,1840776,19961107,20190628,raw_options,PENDING_LSEG_RECONCILIATION,NTAP.O,2640,2009-01-02,2019-06-28,2009-04-24,2018-04-27,10,2009.0,2018.0,10,10,10,2010.0,DIRECT_PRICE_ESG_OPTION,INITIAL_LSEG_RIC_TRDPRC_1,True,ELIGIBLE_PRELIM,
NTRS,506388,19960104,20190628,raw_options,PENDING_LSEG_RECONCILIATION,NTRS.O,2640,2009-01-02,2019-06-28,2009-12-31,2018-12-31,10,2009.0,2018.0,10,10,10,2010.0,DIRECT_PRICE_ESG_OPTION,INITIAL_LSEG_RIC_TRDPRC_1,True,ELIGIBLE_PRELIM,
NUE,1623884,19960104,20190628,raw_options,PENDING_LSEG_RECONCILIATION,NUE,2640,2009-01-02,2019-06-28,2009-12-31,2018-12-31,10,2009.0,2018.0,10,10,10,2010.0,DIRECT_PRICE_ESG_OPTION,INITIAL_LSEG_RIC_TRDPRC_1,True,ELIGIBLE_PRELIM,
NVDA,2051672,19990728,20190628,raw_options,PENDING_LSEG_RECONCILIATION,NVDA.O,2640,2009-01-02,2019-06-28,2009-01-25,2018-01-28,10,2009.0,2018.0,10,10,10,2010.0,DIRECT_PRICE_ESG_OPTION,INITIAL_LSEG_RIC_TRDPRC_1,True,ELIGIBLE_PRELIM,
NWL,707339,19960104,20190628,raw_options,PENDING_LSEG_RECONCILIATION,NWL.O,2640,2009-01-02,2019-06-28,2009-12-31,2018-12-31,10,2009.0,2018.0,10,10,10,2010.0,DIRECT_PRICE_ESG_OPTION,INITIAL_LSEG_RIC_TRDPRC_1,True,ELIGIBLE_PRELIM,
NWSA,217994,20130701,20190628,raw_options,PENDING_LSEG_RECONCILIATION,NWSA.O,1518,2013-06-19,2019-06-28,2011-12-31,2017-06-30,7,2011.0,2017.0,5,5,5,2012.0,DIRECT_PRICE_ESG_OPTION,INITIAL_LSEG_RIC_TRDPRC_1,True,ELIGIBLE_PRELIM,
O,288682,20070927,20190628,raw_options,PENDING_LSEG_RECONCILIATION,O,2640,2009-01-02,2019-06-28,2009-12-31,2018-12-31,10,2009.0,2018.0,10,10,10,2010.0,DIRECT_PRICE_ESG_OPTION,INITIAL_LSEG_RIC_TRDPRC_1,True,ELIGIBLE_PRELIM,
OKE,880843,19960104,20190628,raw_options,PENDING_LSEG_RECONCILIATION,OKE,2640,2009-01-02,2019-06-28,2009-12-31,2018-12-31,10,2009.0,2018.0,10,10,10,2010.0,DIRECT_PRICE_ESG_OPTION,INITIAL_LSEG_RIC_TRDPRC_1,True,ELIGIBLE_PRELIM,
OMC,649599,19960104,20190628,raw_options,PENDING_LSEG_RECONCILIATION,OMC,2640,2009-01-02,2019-06-28,2009-12-31,2018-12-31,10,2009.0,2018.0,10,10,10,2010.0,DIRECT_PRICE_ESG_OPTION,INITIAL_LSEG_RIC_TRDPRC_1,True,ELIGIBLE_PRELIM,
ORCL,1815868,19960104,20190628,raw_options,PENDING_LSEG_RECONCILIATION,ORCL.K,2640,2009-01-02,2019-06-28,2009-05-31,2018-05-31,10,2009.0,2018.0,10,10,10,2010.0,DIRECT_PRICE_ESG_OPTION,INITIAL_LSEG_RIC_TRDPRC_1,True,ELIGIBLE_PRELIM,
ORLY,636849,19980202,20190628,raw_options,PENDING_LSEG_RECONCILIATION,ORLY.O,2640,2009-01-02,2019-06-28,2009-12-31,2018-12-31,10,2009.0,2018.0,10,10,10,2010.0,DIRECT_PRICE_ESG_OPTION,INITIAL_LSEG_RIC_TRDPRC_1,True,ELIGIBLE_PRELIM,
OXY,1859406,19960104,20190628,raw_options,PENDING_LSEG_RECONCILIATION,OXY,2640,2009-01-02,2019-06-28,2009-12-31,2018-12-31,10,2009.0,2018.0,10,10,10,2010.0,DIRECT_PRICE_ESG_OPTION,INITIAL_LSEG_RIC_TRDPRC_1,True,ELIGIBLE_PRELIM,
PAYX,802621,19960104,20190628,raw_options,PENDING_LSEG_RECONCILIATION,PAYX.O,2640,2009-01-02,2019-06-28,2009-05-31,2018-05-31,10,2009.0,2018.0,10,10,10,2010.0,DIRECT_PRICE_ESG_OPTION,INITIAL_LSEG_RIC_TRDPRC_1,True,ELIGIBLE_PRELIM,
PBCT,406620,19960104,20190628,raw_options,PENDING_LSEG_RECONCILIATION,PBCT.B^J07,0,,,2009-12-31,2018-12-31,10,2009.0,2018.0,10,10,10,2010.0,CHECK,UNRESOLVED_RIC,True,UNRESOLVED_PRICE,Mapped/historical RIC returned no TRDPRC_1 in 2009-2019 audit; corporate-action successor resolution required
PCAR,905582,19960104,20190628,raw_options,PENDING_LSEG_RECONCILIATION,PCAR.O,2640,2009-01-02,2019-06-28,2009-12-31,2018-12-31,10,2009.0,2018.0,10,10,10,2010.0,DIRECT_PRICE_ESG_OPTION,INITIAL_LSEG_RIC_TRDPRC_1,True,ELIGIBLE_PRELIM,
PCG,661835,19960104,20190628,raw_options,PENDING_LSEG_RECONCILIATION,PCG,2640,2009-01-02,2019-06-28,2009-12-31,2018-12-31,10,2009.0,2018.0,10,10,10,2010.0,DIRECT_PRICE_ESG_OPTION,INITIAL_LSEG_RIC_TRDPRC_1,True,ELIGIBLE_PRELIM,
PDCO,545402,19970829,20190628,raw_options,PENDING_LSEG_RECONCILIATION,PDCO.B^J07,0,,,2009-04-25,2018-04-28,10,2009.0,2018.0,10,10,10,2010.0,CHECK,UNRESOLVED_RIC,True,UNRESOLVED_PRICE,Mapped/historical RIC returned no TRDPRC_1 in 2009-2019 audit; corporate-action successor resolution required
PEG,292601,19960104,20190628,raw_options,PENDING_LSEG_RECONCILIATION,PEG,2640,2009-01-02,2019-06-28,2009-12-31,2018-12-31,10,2009.0,2018.0,10,10,10,2010.0,DIRECT_PRICE_ESG_OPTION,INITIAL_LSEG_RIC_TRDPRC_1,True,ELIGIBLE_PRELIM,
PEP,1579512,19960104,20190628,raw_options,PENDING_LSEG_RECONCILIATION,PEP.O,2640,2009-01-02,2019-06-28,2009-12-26,2018-12-29,10,2009.0,2018.0,10,10,10,2010.0,DIRECT_PRICE_ESG_OPTION,INITIAL_LSEG_RIC_TRDPRC_1,True,ELIGIBLE_PRELIM,
PFE,1836536,19960104,20190628,raw_options,PENDING_LSEG_RECONCILIATION,PFE,2640,2009-01-02,2019-06-28,2010-12-31,2019-12-31,10,2010.0,2019.0,10,10,10,2011.0,DIRECT_PRICE_ESG_OPTION,INITIAL_LSEG_RIC_TRDPRC_1,True,ELIGIBLE_PRELIM,
PFG,515185,20020123,20190628,raw_options,PENDING_LSEG_RECONCILIATION,PFG.O,2640,2009-01-02,2019-06-28,2009-12-31,2018-12-31,10,2009.0,2018.0,10,10,10,2010.0,DIRECT_PRICE_ESG_OPTION,INITIAL_LSEG_RIC_TRDPRC_1,True,ELIGIBLE_PRELIM,
PG,1824941,19960104,20190628,raw_options,PENDING_LSEG_RECONCILIATION,PG,2640,2009-01-02,2019-06-28,2008-06-30,2017-06-30,10,2008.0,2017.0,10,10,10,2009.0,DIRECT_PRICE_ESG_OPTION,INITIAL_LSEG_RIC_TRDPRC_1,True,ELIGIBLE_PRELIM,
PGR,645069,19960104,20190628,raw_options,PENDING_LSEG_RECONCILIATION,PGR,2640,2009-01-02,2019-06-28,2009-12-31,2018-12-31,10,2009.0,2018.0,10,10,10,2010.0,DIRECT_PRICE_ESG_OPTION,INITIAL_LSEG_RIC_TRDPRC_1,True,ELIGIBLE_PRELIM,
PH,718123,19960104,20190628,raw_options,PENDING_LSEG_RECONCILIATION,PH,2640,2009-01-02,2019-06-28,2010-06-30,2019-06-30,10,2010.0,2019.0,10,10,10,2011.0,DIRECT_PRICE_ESG_OPTION,INITIAL_LSEG_RIC_TRDPRC_1,True,ELIGIBLE_PRELIM,
PHM,1323037,19960104,20190628,raw_options,PENDING_LSEG_RECONCILIATION,PHM,2640,2009-01-02,2019-06-28,2009-12-31,2018-12-31,10,2009.0,2018.0,10,10,10,2010.0,DIRECT_PRICE_ESG_OPTION,INITIAL_LSEG_RIC_TRDPRC_1,True,ELIGIBLE_PRELIM,
PKG,423784,20010709,20190628,raw_options,PENDING_LSEG_RECONCILIATION,PKG,2640,2009-01-02,2019-06-28,2009-12-31,2018-12-31,10,2009.0,2018.0,10,10,10,2010.0,DIRECT_PRICE_ESG_OPTION,INITIAL_LSEG_RIC_TRDPRC_1,True,ELIGIBLE_PRELIM,
PKI,423196,19960104,20190628,raw_options,PENDING_LSEG_RECONCILIATION,PKI.B^J07,0,,,2008-12-28,2018-12-30,11,2008.0,2018.0,11,11,11,2009.0,CHECK,UNRESOLVED_RIC,True,UNRESOLVED_PRICE,Mapped/historical RIC returned no TRDPRC_1 in 2009-2019 audit; corporate-action successor resolution required
PLD,415888,19980513,20190628,raw_options,PENDING_LSEG_RECONCILIATION,PLD,2640,2009-01-02,2019-06-28,2010-12-31,2019-12-31,10,2010.0,2019.0,10,10,10,2011.0,DIRECT_PRICE_ESG_OPTION,INITIAL_LSEG_RIC_TRDPRC_1,True,ELIGIBLE_PRELIM,
PM,1395623,20080401,20190628,raw_options,PENDING_LSEG_RECONCILIATION,PM,2640,2009-01-02,2019-06-28,2010-12-31,2019-12-31,10,2010.0,2019.0,10,10,10,2011.0,DIRECT_PRICE_ESG_OPTION,INITIAL_LSEG_RIC_TRDPRC_1,True,ELIGIBLE_PRELIM,
PNC,1192594,19960104,20190628,raw_options,PENDING_LSEG_RECONCILIATION,PNC,2640,2009-01-02,2019-06-28,2009-12-31,2018-12-31,10,2009.0,2018.0,10,10,10,2010.0,DIRECT_PRICE_ESG_OPTION,INITIAL_LSEG_RIC_TRDPRC_1,True,ELIGIBLE_PRELIM,
PNR,298044,19990611,20190628,raw_options,PENDING_LSEG_RECONCILIATION,PNR,2640,2009-01-02,2019-06-28,2010-12-31,2019-12-31,10,2010.0,2019.0,10,10,10,2011.0,DIRECT_PRICE_ESG_OPTION,INITIAL_LSEG_RIC_TRDPRC_1,True,ELIGIBLE_PRELIM,
PNW,340313,19960104,20190628,raw_options,PENDING_LSEG_RECONCILIATION,PNW,2640,2009-01-02,2019-06-28,2009-12-31,2018-12-31,10,2009.0,2018.0,10,10,10,2010.0,DIRECT_PRICE_ESG_OPTION,INITIAL_LSEG_RIC_TRDPRC_1,True,ELIGIBLE_PRELIM,
PPG,945578,19960104,20190628,raw_options,PENDING_LSEG_RECONCILIATION,PPG,2640,2009-01-02,2019-06-28,2009-12-31,2018-12-31,10,2009.0,2018.0,10,10,10,2010.0,DIRECT_PRICE_ESG_OPTION,INITIAL_LSEG_RIC_TRDPRC_1,True,ELIGIBLE_PRELIM,
PPL,598262,19960827,20190628,raw_options,PENDING_LSEG_RECONCILIATION,PPL,2640,2009-01-02,2019-06-28,2010-12-31,2019-12-31,10,2010.0,2019.0,9,9,9,2011.0,DIRECT_PRICE_ESG_OPTION,INITIAL_LSEG_RIC_TRDPRC_1,True,ELIGIBLE_PRELIM,
PRGO,1299933,19960104,20190628,raw_options,PENDING_LSEG_RECONCILIATION,PRGO.K,2640,2009-01-02,2019-06-28,2009-06-27,2018-12-31,10,2009.0,2018.0,10,10,10,2010.0,DIRECT_PRICE_ESG_OPTION,INITIAL_LSEG_RIC_TRDPRC_1,True,ELIGIBLE_PRELIM,
PRU,1024939,20020314,20190628,raw_options,PENDING_LSEG_RECONCILIATION,PRU,2640,2009-01-02,2019-06-28,2009-12-31,2018-12-31,10,2009.0,2018.0,10,10,10,2010.0,DIRECT_PRICE_ESG_OPTION,INITIAL_LSEG_RIC_TRDPRC_1,True,ELIGIBLE_PRELIM,
PSA,564020,19961224,20190628,raw_options,PENDING_LSEG_RECONCILIATION,PSA,2640,2009-01-02,2019-06-28,2009-12-31,2018-12-31,10,2009.0,2018.0,10,10,10,2010.0,DIRECT_PRICE_ESG_OPTION,INITIAL_LSEG_RIC_TRDPRC_1,True,ELIGIBLE_PRELIM,
PSX,1256477,19960104,20190628,raw_options,PENDING_LSEG_RECONCILIATION,PSX,1815,2012-04-12,2019-06-28,2012-12-31,2018-12-31,7,2012.0,2018.0,6,6,6,2013.0,DIRECT_PRICE_ESG_OPTION,INITIAL_LSEG_RIC_TRDPRC_1,True,ELIGIBLE_PRELIM,
PVH,634400,19960104,20190628,raw_options,PENDING_LSEG_RECONCILIATION,PVH,2640,2009-01-02,2019-06-28,2009-02-01,2018-02-04,10,2009.0,2018.0,10,10,10,2010.0,DIRECT_PRICE_ESG_OPTION,INITIAL_LSEG_RIC_TRDPRC_1,True,ELIGIBLE_PRELIM,
PWR,622221,20000511,20190628,raw_options,PENDING_LSEG_RECONCILIATION,PWR,2640,2009-01-02,2019-06-28,2009-12-31,2018-12-31,10,2009.0,2018.0,10,10,10,2010.0,DIRECT_PRICE_ESG_OPTION,INITIAL_LSEG_RIC_TRDPRC_1,True,ELIGIBLE_PRELIM,
PXD,1783154,19960104,20190628,raw_options,PENDING_LSEG_RECONCILIATION,PXD.PH^B09,0,,,2009-12-31,2018-12-31,10,2009.0,2018.0,10,10,10,2010.0,CHECK,UNRESOLVED_RIC,True,UNRESOLVED_PRICE,Mapped/historical RIC returned no TRDPRC_1 in 2009-2019 audit; corporate-action successor resolution required
PYPL,797938,20150720,20190628,raw_options,PENDING_LSEG_RECONCILIATION,PYPL.O,1004,2015-07-06,2019-06-28,2015-12-31,2019-12-31,5,2015.0,2019.0,5,5,5,2016.0,DIRECT_PRICE_ESG_OPTION,INITIAL_LSEG_RIC_TRDPRC_1,True,ELIGIBLE_PRELIM,
QCOM,1978796,19960104,20190628,raw_options,PENDING_LSEG_RECONCILIATION,QCOM.O,2640,2009-01-02,2019-06-28,2010-09-26,2019-09-29,10,2010.0,2019.0,10,10,10,2011.0,DIRECT_PRICE_ESG_OPTION,INITIAL_LSEG_RIC_TRDPRC_1,True,ELIGIBLE_PRELIM,
QRVO,338876,20150102,20190628,raw_options,PENDING_LSEG_RECONCILIATION,QRVO.O,2640,2009-01-02,2019-06-28,2014-12-31,2018-03-31,5,2014.0,2018.0,4,4,4,2015.0,DIRECT_PRICE_ESG_OPTION,INITIAL_LSEG_RIC_TRDPRC_1,True,ELIGIBLE_PRELIM,
RCL,1264702,19960104,20190628,raw_options,PENDING_LSEG_RECONCILIATION,RCL,2640,2009-01-02,2019-06-28,2009-12-31,2018-12-31,10,2009.0,2018.0,10,10,10,2010.0,DIRECT_PRICE_ESG_OPTION,INITIAL_LSEG_RIC_TRDPRC_1,True,ELIGIBLE_PRELIM,
RE,537256,19960110,20190628,raw_options,PENDING_LSEG_RECONCILIATION,0RCK8,0,,,,,0,,,0,0,0,,CHECK,UNRESOLVED_RIC,False,UNRESOLVED_PRICE,Mapped/historical RIC returned no TRDPRC_1 in 2009-2019 audit; corporate-action successor resolution required
REG,288093,20031014,20190628,raw_options,PENDING_LSEG_RECONCILIATION,REG.O,2640,2009-01-02,2019-06-28,2009-12-31,2018-12-31,10,2009.0,2018.0,10,10,10,2010.0,DIRECT_PRICE_ESG_OPTION,INITIAL_LSEG_RIC_TRDPRC_1,True,ELIGIBLE_PRELIM,
REGN,2627032,19960104,20190628,raw_options,PENDING_LSEG_RECONCILIATION,REGN.O,2639,2009-01-02,2019-06-28,2010-12-31,2019-12-31,10,2010.0,2019.0,10,10,10,2011.0,DIRECT_PRICE_ESG_OPTION,INITIAL_LSEG_RIC_TRDPRC_1,True,ELIGIBLE_PRELIM,
RF,584798,19970310,20190628,raw_options,PENDING_LSEG_RECONCILIATION,RF,2640,2009-01-02,2019-06-28,2009-12-31,2018-12-31,10,2009.0,2018.0,10,10,10,2010.0,DIRECT_PRICE_ESG_OPTION,INITIAL_LSEG_RIC_TRDPRC_1,True,ELIGIBLE_PRELIM,
RHI,315138,19960104,20190628,raw_options,PENDING_LSEG_RECONCILIATION,RHI,2640,2009-01-02,2019-06-28,2009-12-31,2018-12-31,10,2009.0,2018.0,10,10,10,2010.0,DIRECT_PRICE_ESG_OPTION,INITIAL_LSEG_RIC_TRDPRC_1,True,ELIGIBLE_PRELIM,
RHT,1348044,20000118,20190628,raw_options,PENDING_LSEG_RECONCILIATION,RHT.PH^B09,0,,,2009-02-28,2018-02-28,10,2009.0,2018.0,10,10,10,2010.0,CHECK,UNRESOLVED_RIC,True,UNRESOLVED_PRICE,Mapped/historical RIC returned no TRDPRC_1 in 2009-2019 audit; corporate-action successor resolution required
RJF,404681,19960104,20190628,raw_options,PENDING_LSEG_RECONCILIATION,RJF,2640,2009-01-02,2019-06-28,2010-09-30,2019-09-30,10,2010.0,2019.0,10,10,10,2011.0,DIRECT_PRICE_ESG_OPTION,INITIAL_LSEG_RIC_TRDPRC_1,True,ELIGIBLE_PRELIM,
RL,1276473,19970919,20190628,raw_options,PENDING_LSEG_RECONCILIATION,RL,2640,2009-01-02,2019-06-28,2009-03-28,2018-03-31,10,2009.0,2018.0,10,10,10,2010.0,DIRECT_PRICE_ESG_OPTION,INITIAL_LSEG_RIC_TRDPRC_1,True,ELIGIBLE_PRELIM,
RMD,368435,19981124,20190628,raw_options,PENDING_LSEG_RECONCILIATION,RMD,2640,2009-01-02,2019-06-28,2009-06-30,2018-06-30,10,2009.0,2018.0,10,10,10,2010.0,DIRECT_PRICE_ESG_OPTION,INITIAL_LSEG_RIC_TRDPRC_1,True,ELIGIBLE_PRELIM,
ROK,565063,19960104,20190628,raw_options,PENDING_LSEG_RECONCILIATION,ROK,2640,2009-01-02,2019-06-28,2010-09-30,2019-09-30,10,2010.0,2019.0,10,10,10,2011.0,DIRECT_PRICE_ESG_OPTION,INITIAL_LSEG_RIC_TRDPRC_1,True,ELIGIBLE_PRELIM,
ROP,493022,19960311,20190628,raw_options,PENDING_LSEG_RECONCILIATION,ROP.O,2640,2009-01-02,2019-06-28,2009-12-31,2018-12-31,10,2009.0,2018.0,10,10,10,2010.0,DIRECT_PRICE_ESG_OPTION,INITIAL_LSEG_RIC_TRDPRC_1,True,ELIGIBLE_PRELIM,
ROST,864727,19960104,20190628,raw_options,PENDING_LSEG_RECONCILIATION,ROST.O,2640,2009-01-02,2019-06-28,2009-01-31,2018-02-03,10,2009.0,2018.0,10,10,10,2010.0,DIRECT_PRICE_ESG_OPTION,INITIAL_LSEG_RIC_TRDPRC_1,True,ELIGIBLE_PRELIM,
RRC,997859,19960509,20190628,raw_options,PENDING_LSEG_RECONCILIATION,RRC,2640,2009-01-02,2019-06-28,2009-12-31,2018-12-31,10,2009.0,2018.0,10,10,10,2010.0,DIRECT_PRICE_ESG_OPTION,INITIAL_LSEG_RIC_TRDPRC_1,True,ELIGIBLE_PRELIM,
RSG,346723,19980716,20190628,raw_options,PENDING_LSEG_RECONCILIATION,RSG,2640,2009-01-02,2019-06-28,2009-12-31,2018-12-31,10,2009.0,2018.0,10,10,10,2010.0,DIRECT_PRICE_ESG_OPTION,INITIAL_LSEG_RIC_TRDPRC_1,True,ELIGIBLE_PRELIM,
RTN,1066888,19960104,20190628,raw_options,PENDING_LSEG_RECONCILIATION,RTN.B^J07,0,,,2009-12-31,2017-12-31,9,2009.0,2017.0,9,9,9,2010.0,CHECK,UNRESOLVED_RIC,True,UNRESOLVED_PRICE,Mapped/historical RIC returned no TRDPRC_1 in 2009-2019 audit; corporate-action successor resolution required
SBAC,433618,20000308,20190628,raw_options,PENDING_LSEG_RECONCILIATION,SBAC.O,2640,2009-01-02,2019-06-28,2009-12-31,2018-12-31,10,2009.0,2018.0,10,10,10,2010.0,DIRECT_PRICE_ESG_OPTION,INITIAL_LSEG_RIC_TRDPRC_1,True,ELIGIBLE_PRELIM,
SBUX,1523010,19960104,20190628,raw_options,PENDING_LSEG_RECONCILIATION,SBUX.O,2640,2009-01-02,2019-06-28,2009-09-27,2018-09-30,10,2009.0,2018.0,10,10,10,2010.0,DIRECT_PRICE_ESG_OPTION,INITIAL_LSEG_RIC_TRDPRC_1,True,ELIGIBLE_PRELIM,
SCG,272811,19960104,20181231,raw_options,PENDING_LSEG_RECONCILIATION,SCG.W^E14,763,2009-01-12,2014-04-16,2009-12-31,2016-12-31,8,2009.0,2016.0,8,8,8,2010.0,DIRECT_PRICE_ESG_OPTION,INITIAL_LSEG_RIC_TRDPRC_1,True,ELIGIBLE_PRELIM,
SCHW,1271233,19960104,20190628,raw_options,PENDING_LSEG_RECONCILIATION,SCHW.K,2640,2009-01-02,2019-06-28,2010-12-31,2019-12-31,10,2010.0,2019.0,10,10,10,2011.0,DIRECT_PRICE_ESG_OPTION,INITIAL_LSEG_RIC_TRDPRC_1,True,ELIGIBLE_PRELIM,
SEE,664342,19960104,20190628,raw_options,PENDING_LSEG_RECONCILIATION,SEE.PH^B09,0,,,2009-12-31,2018-12-31,10,2009.0,2018.0,10,10,10,2010.0,CHECK,UNRESOLVED_RIC,True,UNRESOLVED_PRICE,Mapped/historical RIC returned no TRDPRC_1 in 2009-2019 audit; corporate-action successor resolution required
SHW,974567,19960104,20190628,raw_options,PENDING_LSEG_RECONCILIATION,SHW,2640,2009-01-02,2019-06-28,2010-12-31,2019-12-31,10,2010.0,2019.0,10,10,10,2011.0,DIRECT_PRICE_ESG_OPTION,INITIAL_LSEG_RIC_TRDPRC_1,True,ELIGIBLE_PRELIM,
SIG,495895,20090716,20190628,raw_options,PENDING_LSEG_RECONCILIATION,SIG,2640,2009-01-02,2019-06-28,2009-01-31,2018-02-03,10,2009.0,2018.0,10,10,10,2010.0,DIRECT_PRICE_ESG_OPTION,INITIAL_LSEG_RIC_TRDPRC_1,True,ELIGIBLE_PRELIM,
SJM,454168,20020610,20190628,raw_options,PENDING_LSEG_RECONCILIATION,SJM,2640,2009-01-02,2019-06-28,2009-04-30,2018-04-30,10,2009.0,2018.0,10,10,10,2010.0,DIRECT_PRICE_ESG_OPTION,INITIAL_LSEG_RIC_TRDPRC_1,True,ELIGIBLE_PRELIM,
SLB,2056926,19960104,20190628,raw_options,PENDING_LSEG_RECONCILIATION,SLB,2640,2009-01-02,2019-06-28,2010-12-31,2019-12-31,10,2010.0,2019.0,10,10,10,2011.0,DIRECT_PRICE_ESG_OPTION,INITIAL_LSEG_RIC_TRDPRC_1,True,ELIGIBLE_PRELIM,
SLG,380176,20070130,20190628,raw_options,PENDING_LSEG_RECONCILIATION,SLG,2640,2009-01-02,2019-06-28,2009-12-31,2018-12-31,10,2009.0,2018.0,10,10,10,2010.0,DIRECT_PRICE_ESG_OPTION,INITIAL_LSEG_RIC_TRDPRC_1,True,ELIGIBLE_PRELIM,
SNA,423645,19960104,20190628,raw_options,PENDING_LSEG_RECONCILIATION,SNA,2640,2009-01-02,2019-06-28,2010-01-02,2019-12-28,11,2010.0,2019.0,11,11,11,2011.0,DIRECT_PRICE_ESG_OPTION,INITIAL_LSEG_RIC_TRDPRC_1,True,ELIGIBLE_PRELIM,
SNPS,380726,19960104,20190628,raw_options,PENDING_LSEG_RECONCILIATION,SNPS.O,2640,2009-01-02,2019-06-28,2009-10-31,2018-10-31,10,2009.0,2018.0,10,10,10,2010.0,DIRECT_PRICE_ESG_OPTION,INITIAL_LSEG_RIC_TRDPRC_1,True,ELIGIBLE_PRELIM,
SO,881029,19960104,20190628,raw_options,PENDING_LSEG_RECONCILIATION,SO,2640,2009-01-02,2019-06-28,2009-12-31,2018-12-31,10,2009.0,2018.0,10,10,10,2010.0,DIRECT_PRICE_ESG_OPTION,INITIAL_LSEG_RIC_TRDPRC_1,True,ELIGIBLE_PRELIM,
SPG,963590,19960104,20190628,raw_options,PENDING_LSEG_RECONCILIATION,SPG,2640,2009-01-02,2019-06-28,2009-12-31,2018-12-31,10,2009.0,2018.0,10,10,10,2010.0,DIRECT_PRICE_ESG_OPTION,INITIAL_LSEG_RIC_TRDPRC_1,True,ELIGIBLE_PRELIM,
SPGI,961809,19960104,20190628,raw_options,PENDING_LSEG_RECONCILIATION,SPGI.K,2639,2009-01-02,2019-06-28,2010-12-31,2019-12-31,10,2010.0,2019.0,10,10,10,2011.0,DIRECT_PRICE_ESG_OPTION,INITIAL_LSEG_RIC_TRDPRC_1,True,ELIGIBLE_PRELIM,
SPX,17369353,19960104,20190628,raw_options,PENDING_LSEG_RECONCILIATION,SPOc1,0,,,,,0,,,0,0,0,,CHECK,UNRESOLVED_RIC,False,UNRESOLVED_PRICE,Mapped/historical RIC returned no TRDPRC_1 in 2009-2019 audit; corporate-action successor resolution required
SRCL,483474,19990309,20190628,raw_options,PENDING_LSEG_RECONCILIATION,SRCL.B^J07,0,,,2009-12-31,2018-12-31,10,2009.0,2018.0,10,10,10,2010.0,CHECK,UNRESOLVED_RIC,True,UNRESOLVED_PRICE,Mapped/historical RIC returned no TRDPRC_1 in 2009-2019 audit; corporate-action successor resolution required
SRE,438633,19960104,20190628,raw_options,PENDING_LSEG_RECONCILIATION,SRE,2640,2009-01-02,2019-06-28,2009-12-31,2018-12-31,10,2009.0,2018.0,10,10,10,2010.0,DIRECT_PRICE_ESG_OPTION,INITIAL_LSEG_RIC_TRDPRC_1,True,ELIGIBLE_PRELIM,
STI,850616,19960104,20190628,raw_options,PENDING_LSEG_RECONCILIATION,STI.O,0,,,,,0,,,0,0,0,,CHECK,UNRESOLVED_RIC,False,UNRESOLVED_PRICE,Mapped/historical RIC returned no TRDPRC_1 in 2009-2019 audit; corporate-action successor resolution required
STT,1021671,19960104,20190628,raw_options,PENDING_LSEG_RECONCILIATION,STT,2640,2009-01-02,2019-06-28,2010-12-31,2019-12-31,10,2010.0,2019.0,10,10,10,2011.0,DIRECT_PRICE_ESG_OPTION,INITIAL_LSEG_RIC_TRDPRC_1,True,ELIGIBLE_PRELIM,
STX,1570064,20030121,20190628,raw_options,PENDING_LSEG_RECONCILIATION,STX.O,2640,2009-01-02,2019-06-28,2009-07-03,2018-06-29,10,2009.0,2018.0,10,10,10,2010.0,DIRECT_PRICE_ESG_OPTION,INITIAL_LSEG_RIC_TRDPRC_1,True,ELIGIBLE_PRELIM,
STZ,914553,19960104,20190628,raw_options,PENDING_LSEG_RECONCILIATION,STZ,2640,2009-01-02,2019-06-28,2009-02-28,2018-02-28,10,2009.0,2018.0,10,10,10,2010.0,DIRECT_PRICE_ESG_OPTION,INITIAL_LSEG_RIC_TRDPRC_1,True,ELIGIBLE_PRELIM,
SWK,956259,19960104,20190628,raw_options,PENDING_LSEG_RECONCILIATION,SWK,2640,2009-01-02,2019-06-28,2009-01-03,2018-12-29,11,2009.0,2018.0,11,11,11,2010.0,DIRECT_PRICE_ESG_OPTION,INITIAL_LSEG_RIC_TRDPRC_1,True,ELIGIBLE_PRELIM,
SWKS,1675195,19961009,20190628,raw_options,PENDING_LSEG_RECONCILIATION,SWKS.O,2640,2009-01-02,2019-06-28,2009-12-31,2018-09-28,10,2009.0,2018.0,9,9,9,2010.0,DIRECT_PRICE_ESG_OPTION,INITIAL_LSEG_RIC_TRDPRC_1,True,ELIGIBLE_PRELIM,
SYF,696624,20140812,20190628,raw_options,PENDING_LSEG_RECONCILIATION,SYF,1237,2014-07-31,2019-06-28,2013-12-31,2018-12-31,6,2013.0,2018.0,5,5,5,2014.0,DIRECT_PRICE_ESG_OPTION,INITIAL_LSEG_RIC_TRDPRC_1,True,ELIGIBLE_PRELIM,
SYK,787591,19960104,20190628,raw_options,PENDING_LSEG_RECONCILIATION,SYK,2640,2009-01-02,2019-06-28,2009-12-31,2018-12-31,10,2009.0,2018.0,10,10,10,2010.0,DIRECT_PRICE_ESG_OPTION,INITIAL_LSEG_RIC_TRDPRC_1,True,ELIGIBLE_PRELIM,
SYMC,1171481,19960104,20190628,raw_options,PENDING_LSEG_RECONCILIATION,SYMC.B^J07,0,,,2009-04-03,2018-03-30,10,2009.0,2018.0,10,10,10,2010.0,CHECK,UNRESOLVED_RIC,True,UNRESOLVED_PRICE,Mapped/historical RIC returned no TRDPRC_1 in 2009-2019 audit; corporate-action successor resolution required
SYY,893773,19960104,20190628,raw_options,PENDING_LSEG_RECONCILIATION,SYY,2640,2009-01-02,2019-06-28,2008-06-28,2017-07-01,10,2008.0,2017.0,10,10,10,2009.0,DIRECT_PRICE_ESG_OPTION,INITIAL_LSEG_RIC_TRDPRC_1,True,ELIGIBLE_PRELIM,
T,2199291,19960104,20190628,raw_options,PENDING_LSEG_RECONCILIATION,T,2640,2009-01-02,2019-06-28,2010-12-31,2019-12-31,10,2010.0,2019.0,10,10,10,2011.0,DIRECT_PRICE_ESG_OPTION,INITIAL_LSEG_RIC_TRDPRC_1,True,ELIGIBLE_PRELIM,
TAP,1128876,19960104,20190628,raw_options,PENDING_LSEG_RECONCILIATION,TAP,2640,2009-01-02,2019-06-28,2009-12-26,2018-12-31,10,2009.0,2018.0,10,10,10,2010.0,DIRECT_PRICE_ESG_OPTION,INITIAL_LSEG_RIC_TRDPRC_1,True,ELIGIBLE_PRELIM,
TDG,627345,20070503,20190628,raw_options,PENDING_LSEG_RECONCILIATION,TDG,2640,2009-01-02,2019-06-28,2010-09-30,2019-09-30,10,2010.0,2019.0,10,10,10,2011.0,DIRECT_PRICE_ESG_OPTION,INITIAL_LSEG_RIC_TRDPRC_1,True,ELIGIBLE_PRELIM,
TEL,249999,20070702,20190628,raw_options,PENDING_LSEG_RECONCILIATION,TEL,2640,2009-01-02,2019-06-28,2009-09-25,2018-09-28,10,2009.0,2018.0,10,10,10,2010.0,DIRECT_PRICE_ESG_OPTION,INITIAL_LSEG_RIC_TRDPRC_1,True,ELIGIBLE_PRELIM,
TGT,1649618,19960104,20190628,raw_options,PENDING_LSEG_RECONCILIATION,TGT,2640,2009-01-02,2019-06-28,2009-01-31,2018-02-03,10,2009.0,2018.0,10,10,10,2010.0,DIRECT_PRICE_ESG_OPTION,INITIAL_LSEG_RIC_TRDPRC_1,True,ELIGIBLE_PRELIM,
TIF,1543596,19960104,20190628,raw_options,PENDING_LSEG_RECONCILIATION,TIF.PH^B09,0,,,2008-01-31,2017-01-31,10,2008.0,2017.0,10,10,10,2009.0,CHECK,UNRESOLVED_RIC,True,UNRESOLVED_PRICE,Mapped/historical RIC returned no TRDPRC_1 in 2009-2019 audit; corporate-action successor resolution required
TJX,707828,19960104,20190628,raw_options,PENDING_LSEG_RECONCILIATION,TJX,2640,2009-01-02,2019-06-28,2009-01-31,2018-02-03,10,2009.0,2018.0,10,10,10,2010.0,DIRECT_PRICE_ESG_OPTION,INITIAL_LSEG_RIC_TRDPRC_1,True,ELIGIBLE_PRELIM,
TMO,663874,19960104,20190628,raw_options,PENDING_LSEG_RECONCILIATION,TMO,2640,2009-01-02,2019-06-28,2009-12-31,2018-12-31,10,2009.0,2018.0,10,10,10,2010.0,DIRECT_PRICE_ESG_OPTION,INITIAL_LSEG_RIC_TRDPRC_1,True,ELIGIBLE_PRELIM,
TPR,1512906,20001030,20190628,raw_options,PENDING_LSEG_RECONCILIATION,TPR,2640,2009-01-02,2019-06-28,2010-07-03,2019-06-29,10,2010.0,2019.0,10,10,10,2011.0,DIRECT_PRICE_ESG_OPTION,INITIAL_LSEG_RIC_TRDPRC_1,True,ELIGIBLE_PRELIM,
TRIP,1282248,20111222,20190628,raw_options,PENDING_LSEG_RECONCILIATION,TRIP.O,1901,2011-12-07,2019-06-28,2011-12-31,2019-12-31,9,2011.0,2019.0,9,9,9,2012.0,DIRECT_PRICE_ESG_OPTION,INITIAL_LSEG_RIC_TRDPRC_1,True,ELIGIBLE_PRELIM,
TROW,623777,19960104,20190628,raw_options,PENDING_LSEG_RECONCILIATION,TROW.O,2640,2009-01-02,2019-06-28,2009-12-31,2018-12-31,10,2009.0,2018.0,10,10,10,2010.0,DIRECT_PRICE_ESG_OPTION,INITIAL_LSEG_RIC_TRDPRC_1,True,ELIGIBLE_PRELIM,
TRV,712753,19960104,20190628,raw_options,PENDING_LSEG_RECONCILIATION,TRV,2640,2009-01-02,2019-06-28,2009-12-31,2018-12-31,10,2009.0,2018.0,10,10,10,2010.0,DIRECT_PRICE_ESG_OPTION,INITIAL_LSEG_RIC_TRDPRC_1,True,ELIGIBLE_PRELIM,
TSCO,731384,20020823,20190628,raw_options,PENDING_LSEG_RECONCILIATION,TSCO.O,2640,2009-01-02,2019-06-28,2009-12-26,2018-12-29,10,2009.0,2018.0,10,10,10,2010.0,DIRECT_PRICE_ESG_OPTION,INITIAL_LSEG_RIC_TRDPRC_1,True,ELIGIBLE_PRELIM,
TSN,1142923,19960104,20190628,raw_options,PENDING_LSEG_RECONCILIATION,TSN,2640,2009-01-02,2019-06-28,2010-10-02,2019-09-28,10,2010.0,2019.0,10,10,10,2011.0,DIRECT_PRICE_ESG_OPTION,INITIAL_LSEG_RIC_TRDPRC_1,True,ELIGIBLE_PRELIM,
TSS,315993,19960718,20190628,raw_options,PENDING_LSEG_RECONCILIATION,TSS.W^E14,726,2009-05-04,2014-04-25,2009-12-31,2017-12-31,9,2009.0,2017.0,9,9,9,2010.0,DIRECT_PRICE_ESG_OPTION,INITIAL_LSEG_RIC_TRDPRC_1,True,ELIGIBLE_PRELIM,
TWX,1994963,19960104,20180614,raw_options,PENDING_LSEG_RECONCILIATION,TWX.N^F18,2379,2009-01-02,2018-06-14,2008-12-31,2014-12-31,7,2008.0,2014.0,7,7,7,2009.0,DIRECT_PRICE_ESG_OPTION,INITIAL_LSEG_RIC_TRDPRC_1,True,ELIGIBLE_PRELIM,
TXN,1742777,19960104,20190628,raw_options,PENDING_LSEG_RECONCILIATION,TXN.O,2640,2009-01-02,2019-06-28,2009-12-31,2018-12-31,10,2009.0,2018.0,10,10,10,2010.0,DIRECT_PRICE_ESG_OPTION,INITIAL_LSEG_RIC_TRDPRC_1,True,ELIGIBLE_PRELIM,
TXT,837331,19960104,20190628,raw_options,PENDING_LSEG_RECONCILIATION,TXT,2640,2009-01-02,2019-06-28,2009-01-03,2017-12-30,10,2009.0,2017.0,10,10,10,2010.0,DIRECT_PRICE_ESG_OPTION,INITIAL_LSEG_RIC_TRDPRC_1,True,ELIGIBLE_PRELIM,
UAA,1331237,20051130,20190628,raw_options,PENDING_LSEG_RECONCILIATION,UAA,2640,2009-01-02,2019-06-28,2009-12-31,2018-12-31,10,2009.0,2018.0,9,9,9,2010.0,DIRECT_PRICE_ESG_OPTION,INITIAL_LSEG_RIC_TRDPRC_1,True,ELIGIBLE_PRELIM,
UAL,1465174,20060210,20190628,raw_options,PENDING_LSEG_RECONCILIATION,UAL.O,2640,2009-01-02,2019-06-28,2009-12-31,2018-12-31,10,2009.0,2018.0,10,10,10,2010.0,DIRECT_PRICE_ESG_OPTION,INITIAL_LSEG_RIC_TRDPRC_1,True,ELIGIBLE_PRELIM,
UDR,220648,19980608,20190628,raw_options,PENDING_LSEG_RECONCILIATION,UDR,2640,2009-01-02,2019-06-28,2009-12-31,2018-12-31,10,2009.0,2018.0,10,10,10,2010.0,DIRECT_PRICE_ESG_OPTION,INITIAL_LSEG_RIC_TRDPRC_1,True,ELIGIBLE_PRELIM,
UHS,460959,19960104,20190628,raw_options,PENDING_LSEG_RECONCILIATION,UHS,2640,2009-01-02,2019-06-28,2009-12-31,2018-12-31,10,2009.0,2018.0,10,10,10,2010.0,DIRECT_PRICE_ESG_OPTION,INITIAL_LSEG_RIC_TRDPRC_1,True,ELIGIBLE_PRELIM,
ULTA,1220392,20071109,20190628,raw_options,PENDING_LSEG_RECONCILIATION,ULTA.O,2640,2009-01-02,2019-06-28,2010-01-30,2019-02-02,10,2010.0,2019.0,10,10,10,2011.0,DIRECT_PRICE_ESG_OPTION,INITIAL_LSEG_RIC_TRDPRC_1,True,ELIGIBLE_PRELIM,
UNH,1881026,19960104,20190628,raw_options,PENDING_LSEG_RECONCILIATION,UNH,2640,2009-01-02,2019-06-28,2009-12-31,2018-12-31,10,2009.0,2018.0,10,10,10,2010.0,DIRECT_PRICE_ESG_OPTION,INITIAL_LSEG_RIC_TRDPRC_1,True,ELIGIBLE_PRELIM,
UNM,554560,19960104,20190628,raw_options,PENDING_LSEG_RECONCILIATION,UNM,2640,2009-01-02,2019-06-28,2009-12-31,2018-12-31,10,2009.0,2018.0,10,10,10,2010.0,DIRECT_PRICE_ESG_OPTION,INITIAL_LSEG_RIC_TRDPRC_1,True,ELIGIBLE_PRELIM,
UNP,1907674,19960104,20190628,raw_options,PENDING_LSEG_RECONCILIATION,UNP,2640,2009-01-02,2019-06-28,2009-12-31,2018-12-31,10,2009.0,2018.0,10,10,10,2010.0,DIRECT_PRICE_ESG_OPTION,INITIAL_LSEG_RIC_TRDPRC_1,True,ELIGIBLE_PRELIM,
UPS,1517449,20000217,20190628,raw_options,PENDING_LSEG_RECONCILIATION,UPS,2640,2009-01-02,2019-06-28,2010-12-31,2019-12-31,10,2010.0,2019.0,10,10,10,2011.0,DIRECT_PRICE_ESG_OPTION,INITIAL_LSEG_RIC_TRDPRC_1,True,ELIGIBLE_PRELIM,
URI,1714188,19980730,20190628,raw_options,PENDING_LSEG_RECONCILIATION,URI,2640,2009-01-02,2019-06-28,2013-12-31,2018-12-31,6,2013.0,2018.0,5,5,5,2014.0,DIRECT_PRICE_ESG_OPTION,INITIAL_LSEG_RIC_TRDPRC_1,True,ELIGIBLE_PRELIM,
USB,1644280,19960104,20190628,raw_options,PENDING_LSEG_RECONCILIATION,USB,2640,2009-01-02,2019-06-28,2009-12-31,2018-12-31,10,2009.0,2018.0,10,10,10,2010.0,DIRECT_PRICE_ESG_OPTION,INITIAL_LSEG_RIC_TRDPRC_1,True,ELIGIBLE_PRELIM,
UTX,1851883,19960104,20190628,raw_options,PENDING_LSEG_RECONCILIATION,UTX.PH^B09,0,,,2010-12-31,2019-12-31,10,2010.0,2019.0,10,10,10,2011.0,CHECK,UNRESOLVED_RIC,True,UNRESOLVED_PRICE,Mapped/historical RIC returned no TRDPRC_1 in 2009-2019 audit; corporate-action successor resolution required
V,1855809,19960104,20190628,raw_options,PENDING_LSEG_RECONCILIATION,V,2640,2009-01-02,2019-06-28,2009-09-30,2018-09-30,10,2009.0,2018.0,10,10,10,2010.0,DIRECT_PRICE_ESG_OPTION,INITIAL_LSEG_RIC_TRDPRC_1,True,ELIGIBLE_PRELIM,
VAR,501680,19960104,20190628,raw_options,PENDING_LSEG_RECONCILIATION,VAR.B^J07,0,,,2008-09-26,2017-09-29,10,2008.0,2017.0,10,10,10,2009.0,CHECK,UNRESOLVED_RIC,True,UNRESOLVED_PRICE,Mapped/historical RIC returned no TRDPRC_1 in 2009-2019 audit; corporate-action successor resolution required
VFC,876256,19960104,20190628,raw_options,PENDING_LSEG_RECONCILIATION,VFC,2640,2009-01-02,2019-06-28,2009-01-03,2018-03-31,11,2009.0,2018.0,11,11,11,2010.0,DIRECT_PRICE_ESG_OPTION,INITIAL_LSEG_RIC_TRDPRC_1,True,ELIGIBLE_PRELIM,
VIAB,1103862,20060103,20190628,raw_options,PENDING_LSEG_RECONCILIATION,VIAB.W^E14,587,2010-02-25,2014-04-09,2010-09-30,2019-09-30,10,2010.0,2019.0,10,10,10,2011.0,DIRECT_PRICE_ESG_OPTION,INITIAL_LSEG_RIC_TRDPRC_1,True,ELIGIBLE_PRELIM,
VLO,1886819,19960104,20190628,raw_options,PENDING_LSEG_RECONCILIATION,VLO,2640,2009-01-02,2019-06-28,2009-12-31,2018-12-31,10,2009.0,2018.0,10,10,10,2010.0,DIRECT_PRICE_ESG_OPTION,INITIAL_LSEG_RIC_TRDPRC_1,True,ELIGIBLE_PRELIM,
VMC,898054,19980715,20190628,raw_options,PENDING_LSEG_RECONCILIATION,VMC,2640,2009-01-02,2019-06-28,2009-12-31,2018-12-31,10,2009.0,2018.0,10,10,10,2010.0,DIRECT_PRICE_ESG_OPTION,INITIAL_LSEG_RIC_TRDPRC_1,True,ELIGIBLE_PRELIM,
VNO,556508,19971217,20190628,raw_options,PENDING_LSEG_RECONCILIATION,VNO,2640,2009-01-02,2019-06-28,2009-12-31,2018-12-31,10,2009.0,2018.0,10,10,10,2010.0,DIRECT_PRICE_ESG_OPTION,INITIAL_LSEG_RIC_TRDPRC_1,True,ELIGIBLE_PRELIM,
VRSK,236832,20091015,20190628,raw_options,PENDING_LSEG_RECONCILIATION,VRSK.O,2448,2009-10-07,2019-06-28,2009-12-31,2018-12-31,10,2009.0,2018.0,10,10,10,2010.0,DIRECT_PRICE_ESG_OPTION,INITIAL_LSEG_RIC_TRDPRC_1,True,ELIGIBLE_PRELIM,
VRSN,1066575,19980805,20190628,raw_options,PENDING_LSEG_RECONCILIATION,VRSN.O,2640,2009-01-02,2019-06-28,2010-12-31,2019-12-31,10,2010.0,2019.0,10,10,10,2011.0,DIRECT_PRICE_ESG_OPTION,INITIAL_LSEG_RIC_TRDPRC_1,True,ELIGIBLE_PRELIM,
VRTX,2005413,19960104,20190628,raw_options,PENDING_LSEG_RECONCILIATION,VRTX.O,2638,2009-01-02,2019-06-28,2010-12-31,2019-12-31,10,2010.0,2019.0,10,10,10,2011.0,DIRECT_PRICE_ESG_OPTION,INITIAL_LSEG_RIC_TRDPRC_1,True,ELIGIBLE_PRELIM,
VTR,333164,19971124,20190628,raw_options,PENDING_LSEG_RECONCILIATION,VTR,2640,2009-01-02,2019-06-28,2009-12-31,2018-12-31,10,2009.0,2018.0,10,10,10,2010.0,DIRECT_PRICE_ESG_OPTION,INITIAL_LSEG_RIC_TRDPRC_1,True,ELIGIBLE_PRELIM,
VZ,1891703,19960104,20190628,raw_options,PENDING_LSEG_RECONCILIATION,VZ,2640,2009-01-02,2019-06-28,2009-12-31,2018-12-31,10,2009.0,2018.0,10,10,10,2010.0,DIRECT_PRICE_ESG_OPTION,INITIAL_LSEG_RIC_TRDPRC_1,True,ELIGIBLE_PRELIM,
WAT,610676,19960223,20190628,raw_options,PENDING_LSEG_RECONCILIATION,WAT,2640,2009-01-02,2019-06-28,2009-12-31,2018-12-31,10,2009.0,2018.0,10,10,10,2010.0,DIRECT_PRICE_ESG_OPTION,INITIAL_LSEG_RIC_TRDPRC_1,True,ELIGIBLE_PRELIM,
WBA,1706046,19960104,20190628,raw_options,PENDING_LSEG_RECONCILIATION,WBA.AX^B20,2318,2009-01-02,2019-06-28,2014-12-31,2017-09-30,4,2014.0,2017.0,3,3,3,2015.0,DIRECT_PRICE_ESG_OPTION,INITIAL_LSEG_RIC_TRDPRC_1,True,ELIGIBLE_PRELIM,
WDC,1719454,19960104,20190628,raw_options,PENDING_LSEG_RECONCILIATION,WDC.O,2640,2009-01-02,2019-06-28,2009-07-03,2018-06-29,10,2009.0,2018.0,10,10,10,2010.0,DIRECT_PRICE_ESG_OPTION,INITIAL_LSEG_RIC_TRDPRC_1,True,ELIGIBLE_PRELIM,
WEC,271522,19970602,20190628,raw_options,PENDING_LSEG_RECONCILIATION,WEC,2640,2009-01-02,2019-06-28,2009-12-31,2018-12-31,10,2009.0,2018.0,10,10,10,2010.0,DIRECT_PRICE_ESG_OPTION,INITIAL_LSEG_RIC_TRDPRC_1,True,ELIGIBLE_PRELIM,
WELL,506920,19980715,20190628,raw_options,PENDING_LSEG_RECONCILIATION,WELL.K,2640,2009-01-02,2019-06-28,2009-12-31,2018-12-31,10,2009.0,2018.0,10,10,10,2010.0,DIRECT_PRICE_ESG_OPTION,INITIAL_LSEG_RIC_TRDPRC_1,True,ELIGIBLE_PRELIM,
WFC,1760019,19960104,20190628,raw_options,PENDING_LSEG_RECONCILIATION,WFC,2640,2009-01-02,2019-06-28,2009-12-31,2018-12-31,10,2009.0,2018.0,10,10,10,2010.0,DIRECT_PRICE_ESG_OPTION,INITIAL_LSEG_RIC_TRDPRC_1,True,ELIGIBLE_PRELIM,
WHR,1544392,19960104,20190628,raw_options,PENDING_LSEG_RECONCILIATION,WHR,2640,2009-01-02,2019-06-28,2009-12-31,2018-12-31,10,2009.0,2018.0,10,10,10,2010.0,DIRECT_PRICE_ESG_OPTION,INITIAL_LSEG_RIC_TRDPRC_1,True,ELIGIBLE_PRELIM,
WLTW,301343,20011004,20190628,raw_options,PENDING_LSEG_RECONCILIATION,WTW.O,2640,2009-01-02,2019-06-28,2009-12-31,2018-12-31,10,2009.0,2018.0,10,10,10,2010.0,DIRECT_PRICE_ESG_OPTION,INITIAL_LSEG_RIC_TRDPRC_1,True,ELIGIBLE_PRELIM,
WM,830350,19960104,20190628,raw_options,PENDING_LSEG_RECONCILIATION,WM,2640,2009-01-02,2019-06-28,2009-12-31,2018-12-31,10,2009.0,2018.0,10,10,10,2010.0,DIRECT_PRICE_ESG_OPTION,INITIAL_LSEG_RIC_TRDPRC_1,True,ELIGIBLE_PRELIM,
WMB,1718380,19960104,20190628,raw_options,PENDING_LSEG_RECONCILIATION,WMB,2640,2009-01-02,2019-06-28,2009-12-31,2018-12-31,10,2009.0,2018.0,10,10,10,2010.0,DIRECT_PRICE_ESG_OPTION,INITIAL_LSEG_RIC_TRDPRC_1,True,ELIGIBLE_PRELIM,
WMT,1856590,19960104,20190628,raw_options,PENDING_LSEG_RECONCILIATION,WMT.O,2640,2009-01-02,2019-06-28,2009-01-31,2018-01-31,10,2009.0,2018.0,10,10,10,2010.0,DIRECT_PRICE_ESG_OPTION,INITIAL_LSEG_RIC_TRDPRC_1,True,ELIGIBLE_PRELIM,
WRK,139035,20150707,20190628,raw_options,PENDING_LSEG_RECONCILIATION,01WRKH3^1,0,,,,,0,,,0,0,0,,CHECK,UNRESOLVED_RIC,False,UNRESOLVED_PRICE,Mapped/historical RIC returned no TRDPRC_1 in 2009-2019 audit; corporate-action successor resolution required
WU,517481,20061002,20190628,raw_options,PENDING_LSEG_RECONCILIATION,WU,2640,2009-01-02,2019-06-28,2010-12-31,2019-12-31,10,2010.0,2019.0,10,10,10,2011.0,DIRECT_PRICE_ESG_OPTION,INITIAL_LSEG_RIC_TRDPRC_1,True,ELIGIBLE_PRELIM,
WY,1329767,19960104,20190628,raw_options,PENDING_LSEG_RECONCILIATION,WY,2640,2009-01-02,2019-06-28,2009-12-31,2018-12-31,10,2009.0,2018.0,10,10,10,2010.0,DIRECT_PRICE_ESG_OPTION,INITIAL_LSEG_RIC_TRDPRC_1,True,ELIGIBLE_PRELIM,
WYND,609688,20060801,20190628,raw_options,PENDING_LSEG_RECONCILIATION,WYNDZ3^1,0,,,,,0,,,0,0,0,,CHECK,UNRESOLVED_RIC,False,UNRESOLVED_PRICE,Mapped/historical RIC returned no TRDPRC_1 in 2009-2019 audit; corporate-action successor resolution required
WYNN,2312106,20030203,20190628,raw_options,PENDING_LSEG_RECONCILIATION,WYNN.O,2640,2009-01-02,2019-06-28,2009-12-31,2018-12-31,10,2009.0,2018.0,10,10,10,2010.0,DIRECT_PRICE_ESG_OPTION,INITIAL_LSEG_RIC_TRDPRC_1,True,ELIGIBLE_PRELIM,
XEC,607324,20021002,20190628,raw_options,PENDING_LSEG_RECONCILIATION,XEC.W^E14,855,2009-01-02,2014-04-25,2009-12-31,2018-12-31,10,2009.0,2018.0,10,10,10,2010.0,DIRECT_PRICE_ESG_OPTION,INITIAL_LSEG_RIC_TRDPRC_1,True,ELIGIBLE_PRELIM,
XEL,319876,19970527,20190628,raw_options,PENDING_LSEG_RECONCILIATION,XEL.O,2640,2009-01-02,2019-06-28,2009-12-31,2018-12-31,10,2009.0,2018.0,10,10,10,2010.0,DIRECT_PRICE_ESG_OPTION,INITIAL_LSEG_RIC_TRDPRC_1,True,ELIGIBLE_PRELIM,
XL,686453,19970609,20180911,raw_options,PENDING_LSEG_RECONCILIATION,0#XLW+,0,,,,,0,,,0,0,0,,CHECK,UNRESOLVED_RIC,False,UNRESOLVED_PRICE,Mapped/historical RIC returned no TRDPRC_1 in 2009-2019 audit; corporate-action successor resolution required
XLNX,1540512,19960104,20190628,raw_options,PENDING_LSEG_RECONCILIATION,XLNX.B^J07,0,,,2005-04-02,2014-03-29,10,2005.0,2014.0,10,10,10,2006.0,CHECK,UNRESOLVED_RIC,True,UNRESOLVED_PRICE,Mapped/historical RIC returned no TRDPRC_1 in 2009-2019 audit; corporate-action successor resolution required
XOM,1929840,19960104,20190628,raw_options,PENDING_LSEG_RECONCILIATION,XOM,2640,2009-01-02,2019-06-28,2010-12-31,2019-12-31,10,2010.0,2019.0,10,10,10,2011.0,DIRECT_PRICE_ESG_OPTION,INITIAL_LSEG_RIC_TRDPRC_1,True,ELIGIBLE_PRELIM,
XRAY,366028,19960104,20190628,raw_options,PENDING_LSEG_RECONCILIATION,XRAY.O,2640,2009-01-02,2019-06-28,2009-12-31,2018-12-31,10,2009.0,2018.0,10,10,10,2010.0,DIRECT_PRICE_ESG_OPTION,INITIAL_LSEG_RIC_TRDPRC_1,True,ELIGIBLE_PRELIM,
XRX,802853,19960104,20190628,raw_options,PENDING_LSEG_RECONCILIATION,XRX.O,2640,2009-01-02,2019-06-28,2009-12-31,2018-12-31,10,2009.0,2018.0,10,10,10,2010.0,DIRECT_PRICE_ESG_OPTION,INITIAL_LSEG_RIC_TRDPRC_1,True,ELIGIBLE_PRELIM,
XYL,158272,20111101,20190628,raw_options,PENDING_LSEG_RECONCILIATION,XYL,1939,2011-10-13,2019-06-28,2011-12-31,2019-12-31,9,2011.0,2019.0,9,9,9,2012.0,DIRECT_PRICE_ESG_OPTION,INITIAL_LSEG_RIC_TRDPRC_1,True,ELIGIBLE_PRELIM,
YUM,1512429,19971007,20190628,raw_options,PENDING_LSEG_RECONCILIATION,YUM,2640,2009-01-02,2019-06-28,2010-12-25,2019-12-31,10,2010.0,2019.0,10,10,10,2011.0,DIRECT_PRICE_ESG_OPTION,INITIAL_LSEG_RIC_TRDPRC_1,True,ELIGIBLE_PRELIM,
ZBH,587772,20010807,20190628,raw_options,PENDING_LSEG_RECONCILIATION,ZBH,2640,2009-01-02,2019-06-28,2010-12-31,2019-12-31,10,2010.0,2019.0,10,10,10,2011.0,DIRECT_PRICE_ESG_OPTION,INITIAL_LSEG_RIC_TRDPRC_1,True,ELIGIBLE_PRELIM,
ZION,810205,19970603,20190628,raw_options,PENDING_LSEG_RECONCILIATION,ZION.O,2640,2009-01-02,2019-06-28,2009-12-31,2018-12-31,10,2009.0,2018.0,10,10,10,2010.0,DIRECT_PRICE_ESG_OPTION,INITIAL_LSEG_RIC_TRDPRC_1,True,ELIGIBLE_PRELIM,
ZTS,1059261,20130219,20190628,raw_options,PENDING_LSEG_RECONCILIATION,ZTS,1613,2013-02-01,2019-06-28,2013-12-31,2019-12-31,7,2013.0,2019.0,7,7,7,2014.0,DIRECT_PRICE_ESG_OPTION,INITIAL_LSEG_RIC_TRDPRC_1,True,ELIGIBLE_PRELIM,
