ticker,rows,first_date,last_date,RIC,price_first,price_last,esg_first_date,esg_last_date,esg_obs,E_nonnull,S_nonnull,G_nonnull,first_year_with_lagged_esg,option_first,option_last,backtest_start,backtest_end,eligibility
CDNS,564406,19960104,20190628,CDNS.O,2009-01-02,2019-06-28,2009-01-03,2018-12-29,11,11,11,11,2010.0,1996-01-04,2019-06-28,2010-01-01,2019-06-28,ELIGIBLE_345
CF,1930823,19960104,20190628,CF,2009-01-02,2019-06-28,2010-12-31,2019-12-31,10,10,10,10,2011.0,1996-01-04,2019-06-28,2011-01-01,2019-06-28,ELIGIBLE_345
CFG,85622,20141002,20190628,CFG,2014-09-24,2019-06-28,2013-12-31,2018-12-31,6,5,5,5,2014.0,2014-10-02,2019-06-28,2014-10-02,2019-06-28,ELIGIBLE_345
CHD,281967,20020610,20190628,CHD,2009-01-02,2019-06-28,2010-12-31,2019-12-31,10,10,10,10,2011.0,2002-06-10,2019-06-28,2011-01-01,2019-06-28,ELIGIBLE_345
CHRW,758487,19980302,20190628,CHRW.O,2009-01-02,2019-06-28,2009-12-31,2018-12-31,10,10,10,10,2010.0,1998-03-02,2019-06-28,2010-01-01,2019-06-28,ELIGIBLE_345
CHTR,1289170,20110727,20190628,CHTR.O,2009-12-02,2019-06-28,2011-12-31,2019-12-31,9,9,9,9,2012.0,2011-07-27,2019-06-28,2012-01-01,2019-06-28,ELIGIBLE_345
CI,1248713,19960104,20190628,CI,2009-01-02,2019-06-28,2009-12-31,2018-12-31,10,9,9,9,2010.0,1996-01-04,2019-06-28,2010-01-01,2019-06-28,ELIGIBLE_345
CINF,284942,19960104,20190628,CINF.O,2009-01-02,2019-06-28,2009-12-31,2018-12-31,10,10,10,10,2010.0,1996-01-04,2019-06-28,2010-01-01,2019-06-28,ELIGIBLE_345
CL,1490399,19960104,20190628,CL,2009-01-02,2019-06-28,2009-12-31,2018-12-31,10,10,10,10,2010.0,1996-01-04,2019-06-28,2010-01-01,2019-06-28,ELIGIBLE_345
CLX,892826,19960104,20190628,CLX,2009-01-02,2019-06-28,2009-06-30,2018-06-30,10,10,10,10,2010.0,1996-01-04,2019-06-28,2010-01-01,2019-06-28,ELIGIBLE_345
CMCSA,1459915,19960104,20190628,CMCSA.O,2009-01-02,2019-06-28,2009-12-31,2018-12-31,10,10,10,10,2010.0,1996-01-04,2019-06-28,2010-01-01,2019-06-28,ELIGIBLE_345
CME,2191016,20031118,20190628,CME.O,2009-01-02,2019-06-28,2009-12-31,2018-12-31,10,10,10,10,2010.0,2003-11-18,2019-06-28,2010-01-01,2019-06-28,ELIGIBLE_345
CMG,3572867,20060203,20190628,CMG,2009-01-02,2019-06-28,2010-12-31,2019-12-31,10,10,10,10,2011.0,2006-02-03,2019-06-28,2011-01-01,2019-06-28,ELIGIBLE_345
CMI,1850575,19960104,20190628,CMI,2009-01-02,2019-06-28,2009-12-31,2018-12-31,10,10,10,10,2010.0,1996-01-04,2019-06-28,2010-01-01,2019-06-28,ELIGIBLE_345
CMS,331393,19960104,20190628,CMS,2009-01-02,2019-06-28,2009-12-31,2018-12-31,10,10,10,10,2010.0,1996-01-04,2019-06-28,2010-01-01,2019-06-28,ELIGIBLE_345
CNC,499191,20041115,20190628,CNC,2009-01-02,2019-06-28,2013-12-31,2018-12-31,6,5,5,5,2014.0,2004-11-15,2019-06-28,2014-01-01,2019-06-28,ELIGIBLE_345
CNP,461994,19960104,20190628,CNP,2009-01-02,2019-06-28,2009-12-31,2018-12-31,10,10,10,10,2010.0,1996-01-04,2019-06-28,2010-01-01,2019-06-28,ELIGIBLE_345
COF,1729768,19960104,20190628,COF,2009-01-02,2019-06-28,2009-12-31,2018-12-31,10,10,10,10,2010.0,1996-01-04,2019-06-28,2010-01-01,2019-06-28,ELIGIBLE_345
COO,631498,19960104,20190628,COO.O,2009-01-02,2019-06-28,2009-10-31,2018-10-31,10,10,10,10,2010.0,1996-01-04,2019-06-28,2010-01-01,2019-06-28,ELIGIBLE_345
COP,1731808,19960104,20190628,COP,2009-01-02,2019-06-28,2009-12-31,2018-12-31,10,10,10,10,2010.0,1996-01-04,2019-06-28,2010-01-01,2019-06-28,ELIGIBLE_345
COST,1801021,19960104,20190628,COST.O,2009-01-02,2019-06-28,2010-08-29,2019-09-01,10,10,10,10,2011.0,1996-01-04,2019-06-28,2011-01-01,2019-06-28,ELIGIBLE_345
COTY,516880,20130621,20190628,COTY.K,2013-06-13,2019-06-28,2014-12-31,2018-06-30,5,4,4,4,2015.0,2013-06-21,2019-06-28,2015-01-01,2019-06-28,ELIGIBLE_345
CPB,875531,19960104,20190628,CPB.O,2009-01-02,2019-06-28,2009-08-02,2018-07-29,10,10,10,10,2010.0,1996-01-04,2019-06-28,2010-01-01,2019-06-28,ELIGIBLE_345
CRM,1851284,20040722,20190628,CRM,2009-01-02,2019-06-28,2009-01-31,2018-01-31,10,10,10,10,2010.0,2004-07-22,2019-06-28,2010-01-01,2019-06-28,ELIGIBLE_345
CSCO,1955376,19960104,20190628,CSCO.O,2009-01-02,2019-06-28,2009-07-25,2018-07-28,10,10,10,10,2010.0,1996-01-04,2019-06-28,2010-01-01,2019-06-28,ELIGIBLE_345
CSX,1033757,19960104,20190628,CSX.O,2009-01-02,2019-06-28,2009-12-25,2018-12-31,10,10,10,10,2010.0,1996-01-04,2019-06-28,2010-01-01,2019-06-28,ELIGIBLE_345
CTAS,487638,19960104,20190628,CTAS.O,2009-01-02,2019-06-28,2009-05-31,2018-05-31,10,10,10,10,2010.0,1996-01-04,2019-06-28,2010-01-01,2019-06-28,ELIGIBLE_345
CTL,920534,19960104,20190628,CTL.W^E14,2009-01-05,2014-04-25,2009-12-31,2018-12-31,10,10,10,10,2010.0,1996-01-04,2019-06-28,2010-01-01,2019-06-28,ELIGIBLE_345
CTSH,1502634,20020408,20190628,CTSH.O,2009-01-02,2019-06-28,2010-12-31,2019-12-31,10,10,10,10,2011.0,2002-04-08,2019-06-28,2011-01-01,2019-06-28,ELIGIBLE_345
CVS,1641485,19960104,20190628,CVS,2009-01-02,2019-06-28,2010-12-31,2019-12-31,10,10,10,10,2011.0,1996-01-04,2019-06-28,2011-01-01,2019-06-28,ELIGIBLE_345
CVX,1891349,19960104,20190628,CVX,2009-01-02,2019-06-28,2010-12-31,2019-12-31,10,10,10,10,2011.0,1996-01-04,2019-06-28,2011-01-01,2019-06-28,ELIGIBLE_345
D,633668,19960104,20190628,D,2009-01-02,2019-06-28,2009-12-31,2018-12-31,10,10,10,10,2010.0,1996-01-04,2019-06-28,2010-01-01,2019-06-28,ELIGIBLE_345
DAL,1306590,20070504,20190628,DAL,2009-01-02,2019-06-28,2010-12-31,2019-12-31,10,10,10,10,2011.0,2007-05-04,2019-06-28,2011-01-01,2019-06-28,ELIGIBLE_345
DE,1778482,19960104,20190628,DE,2009-01-02,2019-06-28,2009-10-31,2018-10-28,10,10,10,10,2010.0,1996-01-04,2019-06-28,2010-01-01,2019-06-28,ELIGIBLE_345
DG,1418128,19960104,20190628,DG,2009-11-13,2019-06-28,2008-12-31,2017-02-03,10,9,9,9,2009.0,1996-01-04,2019-06-28,2009-11-13,2019-06-28,ELIGIBLE_345
DGX,603442,19970122,20190628,DGX,2009-01-02,2019-06-28,2009-12-31,2018-12-31,10,10,10,10,2010.0,1997-01-22,2019-06-28,2010-01-01,2019-06-28,ELIGIBLE_345
DHI,1451543,19970312,20190628,DHI,2009-01-02,2019-06-28,2009-09-30,2018-09-30,10,10,10,10,2010.0,1997-03-12,2019-06-28,2010-01-01,2019-06-28,ELIGIBLE_345
DHR,850508,19960104,20190628,DHR,2009-01-02,2019-06-28,2010-12-31,2019-12-31,10,10,10,10,2011.0,1996-01-04,2019-06-28,2011-01-01,2019-06-28,ELIGIBLE_345
DIS,1839342,19960104,20190628,DIS,2009-01-02,2019-06-28,2009-10-03,2018-09-29,10,10,10,10,2010.0,1996-01-04,2019-06-28,2010-01-01,2019-06-28,ELIGIBLE_345
DISCK,204264,20090828,20190628,DISCK.A^H14,2010-07-15,2014-07-31,2009-12-31,2018-12-31,10,10,10,10,2010.0,2009-08-28,2019-06-28,2010-07-15,2019-06-28,ELIGIBLE_345
DLR,361457,20061127,20190628,DLR,2009-01-02,2019-06-28,2009-12-31,2018-12-31,10,10,10,10,2010.0,2006-11-27,2019-06-28,2010-01-01,2019-06-28,ELIGIBLE_345
DLTR,1176543,19961023,20190628,DLTR.O,2009-01-02,2019-06-28,2009-01-31,2018-02-03,10,10,10,10,2010.0,1996-10-23,2019-06-28,2010-01-01,2019-06-28,ELIGIBLE_345
DOV,605958,19960104,20190628,DOV,2009-01-02,2019-06-28,2009-12-31,2018-12-31,10,10,10,10,2010.0,1996-01-04,2019-06-28,2010-01-01,2019-06-28,ELIGIBLE_345
DRI,748302,19960104,20190628,DRI,2009-01-02,2019-06-28,2009-05-31,2018-05-27,10,10,10,10,2010.0,1996-01-04,2019-06-28,2010-01-01,2019-06-28,ELIGIBLE_345
DTE,382607,19960104,20190628,DTE,2009-01-02,2019-06-28,2009-12-31,2018-12-31,10,10,10,10,2010.0,1996-01-04,2019-06-28,2010-01-01,2019-06-28,ELIGIBLE_345
DUK,757776,19960104,20190628,DUK,2009-01-02,2019-06-28,2009-12-31,2018-12-31,10,10,10,10,2010.0,1996-01-04,2019-06-28,2010-01-01,2019-06-28,ELIGIBLE_345
DVA,555326,19971029,20190628,DVA,2009-01-02,2019-06-28,2009-12-31,2018-12-31,10,10,10,10,2010.0,1997-10-29,2019-06-28,2010-01-01,2019-06-28,ELIGIBLE_345
DVN,1529374,19960509,20190628,DVN,2009-01-02,2019-06-28,2009-12-31,2018-12-31,10,10,10,10,2010.0,1996-05-09,2019-06-28,2010-01-01,2019-06-28,ELIGIBLE_345
DXC,900013,19960104,20190628,DXC,2009-01-02,2019-06-28,2009-04-03,2018-03-31,10,10,10,10,2010.0,1996-01-04,2019-06-28,2010-01-01,2019-06-28,ELIGIBLE_345
EA,1791643,19960104,20190628,EA.W^E14,2009-01-02,2014-04-29,2009-03-31,2018-03-31,10,10,10,10,2010.0,1996-01-04,2019-06-28,2010-01-01,2019-06-28,ELIGIBLE_345
EBAY,1642807,19990201,20190628,EBAY.O,2009-01-02,2019-06-28,2009-12-31,2018-12-31,10,10,10,10,2010.0,1999-02-01,2019-06-28,2010-01-01,2019-06-28,ELIGIBLE_345
ECL,614646,19960104,20190628,ECL,2009-01-02,2019-06-28,2009-12-31,2018-12-31,10,10,10,10,2010.0,1996-01-04,2019-06-28,2010-01-01,2019-06-28,ELIGIBLE_345
ED,788069,19960104,20190628,ED,2009-01-02,2019-06-28,2009-12-31,2018-12-31,10,10,10,10,2010.0,1996-01-04,2019-06-28,2010-01-01,2019-06-28,ELIGIBLE_345
EFX,722327,19960104,20190628,EFX,2009-01-02,2019-06-28,2010-12-31,2019-12-31,10,10,10,10,2011.0,1996-01-04,2019-06-28,2011-01-01,2019-06-28,ELIGIBLE_345
EIX,583290,19960104,20190628,EIX,2009-01-02,2019-06-28,2009-12-31,2018-12-31,10,10,10,10,2010.0,1996-01-04,2019-06-28,2010-01-01,2019-06-28,ELIGIBLE_345
EL,700032,19960227,20190628,EL,2009-01-02,2019-06-28,2009-06-30,2018-06-30,10,10,10,10,2010.0,1996-02-27,2019-06-28,2010-01-01,2019-06-28,ELIGIBLE_345
EMN,789018,19960104,20190628,EMN,2009-01-02,2019-06-28,2009-12-31,2018-12-31,10,10,10,10,2010.0,1996-01-04,2019-06-28,2010-01-01,2019-06-28,ELIGIBLE_345
EMR,996311,19960104,20190628,EMR,2009-01-02,2019-06-28,2010-09-30,2019-09-30,10,10,10,10,2011.0,1996-01-04,2019-06-28,2011-01-01,2019-06-28,ELIGIBLE_345
EOG,1815765,19960104,20190628,EOG,2009-01-02,2019-06-28,2009-12-31,2018-12-31,10,10,10,10,2010.0,1996-01-04,2019-06-28,2010-01-01,2019-06-28,ELIGIBLE_345
EQIX,1013935,20060404,20190628,EQIX.O,2009-01-02,2019-06-28,2010-12-31,2019-12-31,10,10,10,10,2011.0,2006-04-04,2019-06-28,2011-01-01,2019-06-28,ELIGIBLE_345
EQT,501951,19981007,20190628,EQT,2009-01-02,2019-06-28,2009-12-31,2018-12-31,10,10,10,10,2010.0,1998-10-07,2019-06-28,2010-01-01,2019-06-28,ELIGIBLE_345
ESS,521413,19980219,20190628,ESS,2009-01-02,2019-06-28,2009-12-31,2018-12-31,10,10,10,10,2010.0,1998-02-19,2019-06-28,2010-01-01,2019-06-28,ELIGIBLE_345
ETN,1457185,19960104,20190628,ETN,2009-01-02,2019-06-28,2009-12-31,2018-12-31,10,10,10,10,2010.0,1996-01-04,2019-06-28,2010-01-01,2019-06-28,ELIGIBLE_345
ETR,643793,19960104,20190628,ETR,2009-01-02,2019-06-28,2010-12-31,2019-12-31,10,10,10,10,2011.0,1996-01-04,2019-06-28,2011-01-01,2019-06-28,ELIGIBLE_345
EVHC,249783,20010719,20181010,EVHC.W^E14,2013-08-28,2014-04-30,2013-12-31,2014-12-31,2,1,1,1,2014.0,2001-07-19,2018-10-10,2014-01-01,2019-06-28,ELIGIBLE_345
EW,1060522,20000403,20190628,EW,2009-01-02,2019-06-28,2010-12-31,2019-12-31,10,10,10,10,2011.0,2000-04-03,2019-06-28,2011-01-01,2019-06-28,ELIGIBLE_345
EXC,815081,19960104,20190628,EXC.O,2009-01-02,2019-06-28,2009-12-31,2018-12-31,10,10,10,10,2010.0,1996-01-04,2019-06-28,2010-01-01,2019-06-28,ELIGIBLE_345
EXPD,645992,19961024,20190628,EXPD.K,2009-01-02,2019-06-28,2010-12-31,2019-12-31,10,10,10,10,2011.0,1996-10-24,2019-06-28,2011-01-01,2019-06-28,ELIGIBLE_345
EXPE,1460997,20050810,20190628,EXPE.O,2009-01-02,2019-06-28,2010-12-31,2019-12-31,10,10,10,10,2011.0,2005-08-10,2019-06-28,2011-01-01,2019-06-28,ELIGIBLE_345
EXR,234409,20080512,20190628,EXR,2009-01-02,2019-06-28,2014-12-31,2019-12-31,6,6,6,6,2015.0,2008-05-12,2019-06-28,2015-01-01,2019-06-28,ELIGIBLE_345
F,1519696,19960104,20190628,F,2009-01-02,2019-06-28,2010-12-31,2019-12-31,10,10,10,10,2011.0,1996-01-04,2019-06-28,2011-01-01,2019-06-28,ELIGIBLE_345
FAST,812671,19960104,20190628,FAST.O,2009-01-02,2019-06-28,2009-12-31,2018-12-31,10,10,10,10,2010.0,1996-01-04,2019-06-28,2010-01-01,2019-06-28,ELIGIBLE_345
FBHS,172137,20111005,20190628,FBHS.W^E14,2011-10-05,2014-04-30,2010-12-31,2018-12-31,9,8,8,8,2011.0,2011-10-05,2019-06-28,2011-10-05,2019-06-28,ELIGIBLE_345
FCX,1814832,19960104,20190628,FCX,2009-01-02,2019-06-28,2010-12-31,2019-12-31,10,10,10,10,2011.0,1996-01-04,2019-06-28,2011-01-01,2019-06-28,ELIGIBLE_345
FDX,1794359,19960104,20190628,FDX,2009-01-02,2019-06-28,2008-05-31,2017-05-31,10,10,10,10,2009.0,1996-01-04,2019-06-28,2009-01-02,2019-06-28,ELIGIBLE_345
FE,671666,19960104,20190628,FE,2009-01-02,2019-06-28,2009-12-31,2018-12-31,10,10,10,10,2010.0,1996-01-04,2019-06-28,2010-01-01,2019-06-28,ELIGIBLE_345
FFIV,1662875,19991209,20190628,FFIV.O,2009-01-02,2019-06-28,2010-09-30,2019-09-30,10,10,10,10,2011.0,1999-12-09,2019-06-28,2011-01-01,2019-06-28,ELIGIBLE_345
FIS,437463,20010709,20190628,FIS,2009-01-02,2019-06-28,2009-12-31,2018-12-31,10,10,10,10,2010.0,2001-07-09,2019-06-28,2010-01-01,2019-06-28,ELIGIBLE_345
FISV,493053,19960104,20190628,FISV.O,2009-01-02,2019-06-28,2009-12-31,2018-12-31,10,10,10,10,2010.0,1996-01-04,2019-06-28,2010-01-01,2019-06-28,ELIGIBLE_345
FITB,753530,19960104,20190628,FITB.K,2009-01-02,2019-06-28,2009-12-31,2018-12-31,10,10,10,10,2010.0,1996-01-04,2019-06-28,2010-01-01,2019-06-28,ELIGIBLE_345
FLR,1390343,20001222,20190628,FLR,2009-01-02,2019-06-28,2009-12-31,2018-12-31,10,10,10,10,2010.0,2000-12-22,2019-06-28,2010-01-01,2019-06-28,ELIGIBLE_345
FLS,457665,19960904,20190628,FLS,2009-01-02,2019-06-28,2009-12-31,2018-12-31,10,10,10,10,2010.0,1996-09-04,2019-06-28,2010-01-01,2019-06-28,ELIGIBLE_345
FMC,449509,19960104,20190628,FMC,2009-01-02,2019-06-28,2010-12-31,2019-12-31,10,10,10,10,2011.0,1996-01-04,2019-06-28,2011-01-01,2019-06-28,ELIGIBLE_345
FRT,344311,20080911,20190628,FRT,2009-01-02,2019-06-28,2009-12-31,2018-12-31,10,10,10,10,2010.0,2008-09-11,2019-06-28,2010-01-01,2019-06-28,ELIGIBLE_345
FTI,143876,20170117,20190628,FTI,2017-01-17,2019-06-28,2017-12-31,2019-12-31,3,3,3,3,2018.0,2017-01-17,2019-06-28,2018-01-01,2019-06-28,ELIGIBLE_345
FTV,183839,20160706,20190628,FTV,2016-06-13,2019-06-28,2015-12-31,2017-12-31,4,2,2,2,2016.0,2016-07-06,2019-06-28,2016-07-06,2019-06-28,ELIGIBLE_345
GD,1204712,19960104,20190628,GD,2009-01-02,2019-06-28,2009-12-31,2018-12-31,10,10,10,10,2010.0,1996-01-04,2019-06-28,2010-01-01,2019-06-28,ELIGIBLE_345
GE,1783401,19960104,20190628,GE,2009-01-02,2019-06-28,2010-12-31,2019-12-31,10,10,10,10,2011.0,1996-01-04,2019-06-28,2011-01-01,2019-06-28,ELIGIBLE_345
GILD,2001075,19960104,20190628,GILD.O,2009-01-02,2019-06-28,2009-12-31,2018-12-31,10,10,10,10,2010.0,1996-01-04,2019-06-28,2010-01-01,2019-06-28,ELIGIBLE_345
GIS,751989,19960104,20190628,GIS,2009-01-02,2019-06-28,2008-05-25,2017-05-28,10,10,10,10,2009.0,1996-01-04,2019-06-28,2009-01-02,2019-06-28,ELIGIBLE_345
GLW,1634049,19960104,20190628,GLW,2009-01-02,2019-06-28,2010-12-31,2019-12-31,10,10,10,10,2011.0,1996-01-04,2019-06-28,2011-01-01,2019-06-28,ELIGIBLE_345
GM,1303623,20101129,20190628,GM,2010-11-18,2019-06-28,2009-12-31,2018-12-31,10,9,9,9,2010.0,2010-11-29,2019-06-28,2010-11-29,2019-06-28,ELIGIBLE_345
GOOG,3415085,20140403,20190628,GOOG.O,2014-03-27,2019-06-28,2009-12-31,2018-12-31,10,10,10,10,2010.0,2014-04-03,2019-06-28,2014-04-03,2019-06-28,ELIGIBLE_345
GOOGL,6772887,20040827,20190628,GOOGL.O,2009-01-02,2019-06-28,2009-12-31,2018-12-31,10,10,10,10,2010.0,2004-08-27,2019-06-28,2010-01-01,2019-06-28,ELIGIBLE_345
GPC,589944,19960104,20190628,GPC,2009-01-02,2019-06-28,2009-12-31,2018-12-31,10,10,10,10,2010.0,1996-01-04,2019-06-28,2010-01-01,2019-06-28,ELIGIBLE_345
GPN,373646,20020328,20190628,GPN,2009-01-02,2019-06-28,2009-05-31,2018-12-31,10,10,10,10,2010.0,2002-03-28,2019-06-28,2010-01-01,2019-06-28,ELIGIBLE_345
GRMN,1085049,20010315,20190628,GRMN.K,2009-01-02,2019-06-28,2010-12-25,2019-12-28,10,10,10,10,2011.0,2001-03-15,2019-06-28,2011-01-01,2019-06-28,ELIGIBLE_345
GS,2337096,19990811,20190628,GS,2009-01-02,2019-06-28,2009-12-31,2018-12-31,10,10,10,10,2010.0,1999-08-11,2019-06-28,2010-01-01,2019-06-28,ELIGIBLE_345
GT,1347024,19960104,20190628,GT.O,2009-01-02,2019-06-28,2010-12-31,2019-12-31,10,10,10,10,2011.0,1996-01-04,2019-06-28,2011-01-01,2019-06-28,ELIGIBLE_345
GWW,990672,19960104,20190628,GWW,2009-01-02,2019-06-28,2009-12-31,2018-12-31,10,10,10,10,2010.0,1996-01-04,2019-06-28,2010-01-01,2019-06-28,ELIGIBLE_345
HAL,1782712,19960104,20190628,HAL,2009-01-02,2019-06-28,2010-12-31,2019-12-31,10,10,10,10,2011.0,1996-01-04,2019-06-28,2011-01-01,2019-06-28,ELIGIBLE_345
HAS,1130207,19960104,20190628,HAS.O,2009-01-02,2019-06-28,2009-12-27,2018-12-30,10,10,10,10,2010.0,1996-01-04,2019-06-28,2010-01-01,2019-06-28,ELIGIBLE_345
HBAN,482139,19960104,20190628,HBAN.O,2009-01-02,2019-06-28,2009-12-31,2018-12-31,10,10,10,10,2010.0,1996-01-04,2019-06-28,2010-01-01,2019-06-28,ELIGIBLE_345
HCA,1580693,19960104,20190628,HCA,2011-03-10,2019-06-28,2009-12-31,2018-12-31,10,10,10,10,2010.0,1996-01-04,2019-06-28,2011-03-10,2019-06-28,ELIGIBLE_345
HD,1940770,19960104,20190628,HD,2009-01-02,2019-06-28,2009-02-01,2018-01-28,10,10,10,10,2010.0,1996-01-04,2019-06-28,2010-01-01,2019-06-28,ELIGIBLE_345
HIG,1432927,19960104,20190628,HIG,2009-01-02,2019-06-28,2009-12-31,2018-12-31,10,10,10,10,2010.0,1996-01-04,2019-06-28,2010-01-01,2019-06-28,ELIGIBLE_345
HII,311447,19960104,20190628,HII,2011-03-22,2019-06-28,2010-12-31,2018-12-31,9,8,8,8,2011.0,1996-01-04,2019-06-28,2011-03-22,2019-06-28,ELIGIBLE_345
HLT,536164,19960104,20190628,HLT,2013-12-12,2019-06-28,2013-12-31,2018-12-31,6,5,5,5,2014.0,1996-01-04,2019-06-28,2014-01-01,2019-06-28,ELIGIBLE_345
HOG,1202903,19960104,20190628,HOG,2009-01-02,2019-06-28,2009-12-31,2018-12-31,10,10,10,10,2010.0,1996-01-04,2019-06-28,2010-01-01,2019-06-28,ELIGIBLE_345
HON,1351393,19960104,20190628,HON.O,2009-01-02,2019-06-28,2009-12-31,2018-12-31,10,10,10,10,2010.0,1996-01-04,2019-06-28,2010-01-01,2019-06-28,ELIGIBLE_345
HP,795930,19960104,20190628,HP,2009-01-02,2019-06-28,2010-09-30,2019-09-30,10,10,10,10,2011.0,1996-01-04,2019-06-28,2011-01-01,2019-06-28,ELIGIBLE_345
HPE,543522,20151103,20190628,HPE,2015-10-19,2019-06-28,2014-12-31,2018-10-31,5,4,4,4,2015.0,2015-11-03,2019-06-28,2015-11-03,2019-06-28,ELIGIBLE_345
HPQ,1656443,19960104,20190628,HPQ,2009-01-02,2019-06-28,2009-10-31,2018-10-31,10,10,10,10,2010.0,1996-01-04,2019-06-28,2010-01-01,2019-06-28,ELIGIBLE_345
HRB,776495,19960104,20190628,HRB,2009-01-02,2019-06-28,2009-04-30,2018-04-30,10,10,10,10,2010.0,1996-01-04,2019-06-28,2010-01-01,2019-06-28,ELIGIBLE_345
HRL,461751,19960104,20190628,HRL,2009-01-02,2019-06-28,2009-10-25,2018-10-28,10,10,10,10,2010.0,1996-01-04,2019-06-28,2010-01-01,2019-06-28,ELIGIBLE_345
HSIC,467161,19960904,20190628,HSIC.O,2009-01-02,2019-06-28,2009-12-26,2018-12-29,10,10,10,10,2010.0,1996-09-04,2019-06-28,2010-01-01,2019-06-28,ELIGIBLE_345
HST,581885,19960104,20190628,HST.O,2009-01-02,2019-06-28,2009-12-31,2018-12-31,10,10,10,10,2010.0,1996-01-04,2019-06-28,2010-01-01,2019-06-28,ELIGIBLE_345
HSY,1035377,19960104,20190628,HSY,2009-01-02,2019-06-28,2009-12-31,2018-12-31,10,10,10,10,2010.0,1996-01-04,2019-06-28,2010-01-01,2019-06-28,ELIGIBLE_345
HUM,1781774,19960104,20190628,HUM,2009-01-02,2019-06-28,2009-12-31,2018-12-31,10,10,10,10,2010.0,1996-01-04,2019-06-28,2010-01-01,2019-06-28,ELIGIBLE_345
IBM,2395834,19960104,20190628,IBM,2009-01-02,2019-06-28,2010-12-31,2019-12-31,10,10,10,10,2011.0,1996-01-04,2019-06-28,2011-01-01,2019-06-28,ELIGIBLE_345
ICE,909714,20051128,20190628,ICE,2009-01-02,2019-06-28,2009-12-31,2018-12-31,10,10,10,10,2010.0,2005-11-28,2019-06-28,2010-01-01,2019-06-28,ELIGIBLE_345
IDXX,471758,19960104,20190628,IDXX.O,2009-01-02,2019-06-28,2009-12-31,2018-12-31,10,10,10,10,2010.0,1996-01-04,2019-06-28,2010-01-01,2019-06-28,ELIGIBLE_345
IFF,444345,19960104,20190628,IFF,2009-01-02,2019-06-28,2009-12-31,2018-12-31,10,10,10,10,2010.0,1996-01-04,2019-06-28,2010-01-01,2019-06-28,ELIGIBLE_345
ILMN,1682482,20031218,20190628,ILMN.O,2009-01-02,2019-06-28,2010-01-03,2019-12-29,11,11,11,11,2011.0,2003-12-18,2019-06-28,2011-01-01,2019-06-28,ELIGIBLE_345
INCY,797680,19960926,20190628,INCY.O,2009-01-02,2019-06-28,2013-12-31,2018-12-31,6,5,5,5,2014.0,1996-09-26,2019-06-28,2014-01-01,2019-06-28,ELIGIBLE_345
INTC,1974206,19960104,20190628,INTC.O,2009-01-02,2019-06-28,2009-12-26,2018-12-29,10,10,10,10,2010.0,1996-01-04,2019-06-28,2010-01-01,2019-06-28,ELIGIBLE_345
INTU,957255,19960104,20190628,INTU.O,2009-01-02,2019-06-28,2010-07-31,2019-07-31,10,10,10,10,2011.0,1996-01-04,2019-06-28,2011-01-01,2019-06-28,ELIGIBLE_345
IP,1485148,19960104,20190628,IP,2009-01-02,2019-06-28,2010-12-31,2019-12-31,10,10,10,10,2011.0,1996-01-04,2019-06-28,2011-01-01,2019-06-28,ELIGIBLE_345
IPGP,376662,20070425,20190628,IPGP.O,2009-01-02,2019-06-28,2009-12-31,2018-12-31,10,9,9,9,2010.0,2007-04-25,2019-06-28,2010-01-01,2019-06-28,ELIGIBLE_345
IQV,226223,20130606,20190628,IQV,2013-05-09,2019-06-28,2014-12-31,2019-12-31,6,6,6,6,2015.0,2013-06-06,2019-06-28,2015-01-01,2019-06-28,ELIGIBLE_345
IR,912674,19960104,20190628,IR,2017-05-12,2019-06-28,2016-12-31,2018-12-31,3,2,2,2,2017.0,1996-01-04,2019-06-28,2017-05-12,2019-06-28,ELIGIBLE_345
IRM,495760,19980514,20190628,IRM,2009-01-02,2019-06-28,2009-12-31,2018-12-31,10,10,10,10,2010.0,1998-05-14,2019-06-28,2010-01-01,2019-06-28,ELIGIBLE_345
ISRG,3533410,20010724,20190628,ISRG.O,2009-01-02,2019-06-28,2009-12-31,2018-12-31,10,10,10,10,2010.0,2001-07-24,2019-06-28,2010-01-01,2019-06-28,ELIGIBLE_345
IT,360768,19960104,20190628,IT,2009-01-02,2019-06-28,2009-12-31,2018-12-31,10,9,9,9,2010.0,1996-01-04,2019-06-28,2010-01-01,2019-06-28,ELIGIBLE_345
ITW,985121,19960104,20190628,ITW,2009-01-02,2019-06-28,2009-12-31,2018-12-31,10,10,10,10,2010.0,1996-01-04,2019-06-28,2010-01-01,2019-06-28,ELIGIBLE_345
IVZ,440221,20070221,20190628,IVZ,2009-01-02,2019-06-28,2009-12-31,2018-12-31,10,10,10,10,2010.0,2007-02-21,2019-06-28,2010-01-01,2019-06-28,ELIGIBLE_345
JBHT,476675,19960104,20190628,JBHT.O,2009-01-02,2019-06-28,2009-12-31,2018-12-31,10,10,10,10,2010.0,1996-01-04,2019-06-28,2010-01-01,2019-06-28,ELIGIBLE_345
JCI,1154708,19960104,20190628,JCI,2009-01-02,2019-06-28,2010-09-24,2019-09-30,10,10,10,10,2011.0,1996-01-04,2019-06-28,2011-01-01,2019-06-28,ELIGIBLE_345
JEF,494849,19970604,20190628,JEF,2009-01-02,2019-06-28,2009-12-31,2018-11-30,10,10,10,10,2010.0,1997-06-04,2019-06-28,2010-01-01,2019-06-28,ELIGIBLE_345
JNJ,1778893,19960104,20190628,JNJ,2009-01-02,2019-06-28,2008-12-28,2018-12-30,11,11,11,11,2009.0,1996-01-04,2019-06-28,2009-01-02,2019-06-28,ELIGIBLE_345
JNPR,1608058,19991007,20190628,JNPR.W^E14,2009-01-02,2014-04-30,2009-12-31,2018-12-31,10,10,10,10,2010.0,1999-10-07,2019-06-28,2010-01-01,2019-06-28,ELIGIBLE_345
JPM,2253051,19960104,20190628,JPM,2009-01-02,2019-06-28,2009-12-31,2018-12-31,10,10,10,10,2010.0,1996-01-04,2019-06-28,2010-01-01,2019-06-28,ELIGIBLE_345
KEY,824397,19960104,20190628,KEY,2009-01-02,2019-06-28,2009-12-31,2018-12-31,10,10,10,10,2010.0,1996-01-04,2019-06-28,2010-01-01,2019-06-28,ELIGIBLE_345
KHC,309819,20150707,20190628,KHC.O,2015-07-06,2019-06-28,2015-12-31,2018-12-29,5,4,4,4,2016.0,2015-07-07,2019-06-28,2016-01-01,2019-06-28,ELIGIBLE_345
KIM,249109,19980608,20190628,KIM,2009-01-02,2019-06-28,2010-12-31,2019-12-31,10,10,10,10,2011.0,1998-06-08,2019-06-28,2011-01-01,2019-06-28,ELIGIBLE_345
KLAC,1081974,19960104,20190628,KLAC.O,2009-01-02,2019-06-28,2008-06-30,2017-06-30,10,10,10,10,2009.0,1996-01-04,2019-06-28,2009-01-02,2019-06-28,ELIGIBLE_345
KMB,1072914,19960104,20190628,KMB.O,2009-01-02,2019-06-28,2009-12-31,2018-12-31,10,10,10,10,2010.0,1996-01-04,2019-06-28,2010-01-01,2019-06-28,ELIGIBLE_345
KMI,1111329,19970409,20190628,KMI,2011-02-11,2019-06-28,2010-12-31,2018-12-31,9,8,8,8,2011.0,1997-04-09,2019-06-28,2011-02-11,2019-06-28,ELIGIBLE_345
KMX,995511,19970512,20190628,KMX,2009-01-02,2019-06-28,2009-02-28,2018-02-28,10,10,10,10,2010.0,1997-05-12,2019-06-28,2010-01-01,2019-06-28,ELIGIBLE_345
KO,1681071,19960104,20190628,KO,2009-01-02,2019-06-28,2009-12-31,2018-12-31,10,10,10,10,2010.0,1996-01-04,2019-06-28,2010-01-01,2019-06-28,ELIGIBLE_345
KR,922547,19960104,20190628,KR,2009-01-02,2019-06-28,2009-01-31,2018-02-03,10,10,10,10,2010.0,1996-01-04,2019-06-28,2010-01-01,2019-06-28,ELIGIBLE_345
KSS,1228816,19960104,20190628,KSS,2009-01-02,2019-06-28,2008-02-02,2017-01-28,10,10,10,10,2009.0,1996-01-04,2019-06-28,2009-01-02,2019-06-28,ELIGIBLE_345
L,566012,19960104,20190628,L,2009-01-02,2019-06-28,2010-12-31,2019-12-31,10,10,10,10,2011.0,1996-01-04,2019-06-28,2011-01-01,2019-06-28,ELIGIBLE_345
LEN,1002721,19960104,20190628,LEN,2009-01-02,2019-06-28,2010-11-30,2019-11-30,10,10,10,10,2011.0,1996-01-04,2019-06-28,2011-01-01,2019-06-28,ELIGIBLE_345
LH,720131,19960104,20190628,LH,2009-01-02,2019-06-28,2009-12-31,2018-12-31,10,10,10,10,2010.0,1996-01-04,2019-06-28,2010-01-01,2019-06-28,ELIGIBLE_345
LKQ,234192,20071112,20190628,LKQ.O,2009-01-02,2019-06-28,2009-12-31,2018-12-31,10,10,10,10,2010.0,2007-11-12,2019-06-28,2010-01-01,2019-06-28,ELIGIBLE_345
LLY,1732827,19960104,20190628,LLY,2009-01-02,2019-06-28,2009-12-31,2018-12-31,10,10,10,10,2010.0,1996-01-04,2019-06-28,2010-01-01,2019-06-28,ELIGIBLE_345
LMT,1532512,19960104,20190628,LMT,2009-01-02,2019-06-28,2009-12-31,2018-12-31,10,10,10,10,2010.0,1996-01-04,2019-06-28,2010-01-01,2019-06-28,ELIGIBLE_345
LNC,700498,19960104,20190628,LNC,2009-01-02,2019-06-28,2009-12-31,2018-12-31,10,10,10,10,2010.0,1996-01-04,2019-06-28,2010-01-01,2019-06-28,ELIGIBLE_345
LNT,212962,19960610,20190628,LNT.O,2009-01-02,2019-06-28,2009-12-31,2018-12-31,10,10,10,10,2010.0,1996-06-10,2019-06-28,2010-01-01,2019-06-28,ELIGIBLE_345
LOW,1445730,19960104,20190628,LOW,2009-01-02,2019-06-28,2009-01-30,2018-02-02,10,10,10,10,2010.0,1996-01-04,2019-06-28,2010-01-01,2019-06-28,ELIGIBLE_345
LRCX,1493215,19960104,20190628,LRCX.O,2009-01-02,2019-06-28,2008-06-29,2017-06-25,10,10,10,10,2009.0,1996-01-04,2019-06-28,2009-01-02,2019-06-28,ELIGIBLE_345
LUV,1375699,19960104,20190628,LUV,2009-01-02,2019-06-28,2009-12-31,2018-12-31,10,10,10,10,2010.0,1996-01-04,2019-06-28,2010-01-01,2019-06-28,ELIGIBLE_345
LYB,990586,20101018,20190628,LYB,2010-04-28,2019-06-28,2009-12-31,2018-12-31,10,9,9,9,2010.0,2010-10-18,2019-06-28,2010-10-18,2019-06-28,ELIGIBLE_345
MA,2487737,20060605,20190628,MA,2009-01-02,2019-06-28,2009-12-31,2018-12-31,10,10,10,10,2010.0,2006-06-05,2019-06-28,2010-01-01,2019-06-28,ELIGIBLE_345
MAA,337007,20040116,20190628,MAA,2009-01-02,2019-06-28,2014-12-31,2018-12-31,5,4,4,4,2015.0,2004-01-16,2019-06-28,2015-01-01,2019-06-28,ELIGIBLE_345
MAC,361836,20030218,20190628,MAC,2009-01-02,2019-06-28,2009-12-31,2018-12-31,10,10,10,10,2010.0,2003-02-18,2019-06-28,2010-01-01,2019-06-28,ELIGIBLE_345
MAR,1284770,19970818,20190628,MAR.O,2009-01-02,2019-06-28,2009-01-02,2018-12-31,11,11,11,11,2010.0,1997-08-18,2019-06-28,2010-01-01,2019-06-28,ELIGIBLE_345
MAS,672039,19960104,20190628,MAS,2009-01-02,2019-06-28,2009-12-31,2018-12-31,10,10,10,10,2010.0,1996-01-04,2019-06-28,2010-01-01,2019-06-28,ELIGIBLE_345
MAT,1062647,19960104,20190628,MAT.O,2009-01-02,2019-06-28,2009-12-31,2018-12-31,10,10,10,10,2010.0,1996-01-04,2019-06-28,2010-01-01,2019-06-28,ELIGIBLE_345
MCD,1727092,19960104,20190628,MCD,2009-01-02,2019-06-28,2009-12-31,2018-12-31,10,10,10,10,2010.0,1996-01-04,2019-06-28,2010-01-01,2019-06-28,ELIGIBLE_345
MCHP,800440,19960104,20190628,MCHP.O,2009-01-02,2019-06-28,2009-03-31,2018-03-31,10,10,10,10,2010.0,1996-01-04,2019-06-28,2010-01-01,2019-06-28,ELIGIBLE_345
MCK,1438750,19960104,20190628,MCK,2009-01-02,2019-06-28,2009-03-31,2018-03-31,10,10,10,10,2010.0,1996-01-04,2019-06-28,2010-01-01,2019-06-28,ELIGIBLE_345
MCO,770771,20000320,20190628,MCO,2009-01-02,2019-06-28,2009-12-31,2018-12-31,10,10,10,10,2010.0,2000-03-20,2019-06-28,2010-01-01,2019-06-28,ELIGIBLE_345
MDLZ,1167689,20010627,20190628,MDLZ.O,2009-01-02,2019-06-28,2010-12-31,2019-12-31,10,10,10,10,2011.0,2001-06-27,2019-06-28,2011-01-01,2019-06-28,ELIGIBLE_345
MDT,1820864,19960104,20190628,MDT,2009-01-02,2019-06-28,2009-04-24,2018-04-27,10,10,10,10,2010.0,1996-01-04,2019-06-28,2010-01-01,2019-06-28,ELIGIBLE_345
MET,1551044,19970321,20190628,MET,2009-01-02,2019-06-28,2009-12-31,2018-12-31,10,10,10,10,2010.0,1997-03-21,2019-06-28,2010-01-01,2019-06-28,ELIGIBLE_345
MGM,1488983,19960104,20190628,MGM,2009-01-02,2019-06-28,2009-12-31,2018-12-31,10,10,10,10,2010.0,1996-01-04,2019-06-28,2010-01-01,2019-06-28,ELIGIBLE_345
MHK,791348,19960104,20190628,MHK,2009-01-02,2019-06-28,2009-12-31,2018-12-31,10,10,10,10,2010.0,1996-01-04,2019-06-28,2010-01-01,2019-06-28,ELIGIBLE_345
MKC,346031,19960104,20190628,MKC,2009-01-02,2019-06-28,2009-11-30,2018-11-30,10,10,10,10,2010.0,1996-01-04,2019-06-28,2010-01-01,2019-06-28,ELIGIBLE_345
MLM,761284,19970923,20190628,MLM,2009-01-02,2019-06-28,2010-12-31,2019-12-31,10,10,10,10,2011.0,1997-09-23,2019-06-28,2011-01-01,2019-06-28,ELIGIBLE_345
MMM,1830319,19960104,20190628,MMM,2009-01-02,2019-06-28,2009-12-31,2018-12-31,10,10,10,10,2010.0,1996-01-04,2019-06-28,2010-01-01,2019-06-28,ELIGIBLE_345
MNST,1309537,20060725,20190628,MNST.O,2009-01-02,2019-06-28,2009-12-31,2018-12-31,10,10,10,10,2010.0,2006-07-25,2019-06-28,2010-01-01,2019-06-28,ELIGIBLE_345
MO,1772661,19960104,20190628,MO,2009-01-02,2019-06-28,2009-12-31,2018-12-31,10,10,10,10,2010.0,1996-01-04,2019-06-28,2010-01-01,2019-06-28,ELIGIBLE_345
MOS,1562075,19960104,20190628,MOS,2009-01-02,2019-06-28,2009-05-31,2018-12-31,10,10,10,10,2010.0,1996-01-04,2019-06-28,2010-01-01,2019-06-28,ELIGIBLE_345
MPC,1272026,20110705,20190628,MPC,2011-06-23,2019-06-28,2010-12-31,2018-12-31,9,8,8,8,2011.0,2011-07-05,2019-06-28,2011-07-05,2019-06-28,ELIGIBLE_345
MRK,1804497,19960104,20190628,MRK,2009-01-02,2019-06-28,2009-12-31,2018-12-31,10,10,10,10,2010.0,1996-01-04,2019-06-28,2010-01-01,2019-06-28,ELIGIBLE_345
MS,1737928,19960104,20190628,MS,2009-01-02,2019-06-28,2009-12-31,2018-12-31,10,10,10,10,2010.0,1996-01-04,2019-06-28,2010-01-01,2019-06-28,ELIGIBLE_345
MSFT,2350128,19960104,20190628,MSFT.O,2009-01-02,2019-06-28,2009-06-30,2018-06-30,10,10,10,10,2010.0,1996-01-04,2019-06-28,2010-01-01,2019-06-28,ELIGIBLE_345
MSI,973196,19960104,20190628,MSI,2009-01-02,2019-06-28,2009-12-31,2018-12-31,10,10,10,10,2010.0,1996-01-04,2019-06-28,2010-01-01,2019-06-28,ELIGIBLE_345
MTB,626001,19970818,20190628,MTB,2009-01-02,2019-06-28,2009-12-31,2018-12-31,10,10,10,10,2010.0,1997-08-18,2019-06-28,2010-01-01,2019-06-28,ELIGIBLE_345
MTD,435609,19980908,20190628,MTD,2009-01-02,2019-06-28,2010-12-31,2019-12-31,10,10,10,10,2011.0,1998-09-08,2019-06-28,2011-01-01,2019-06-28,ELIGIBLE_345
MU,1863199,19960104,20190628,MU.O,2009-01-02,2019-06-28,2010-09-02,2019-08-29,10,10,10,10,2011.0,1996-01-04,2019-06-28,2011-01-01,2019-06-28,ELIGIBLE_345
NAVI,139815,20000413,20190628,NAVI.O,2014-04-17,2019-06-28,2013-12-31,2018-12-31,6,5,5,5,2014.0,2000-04-13,2019-06-28,2014-04-17,2019-06-28,ELIGIBLE_345
NCLH,225178,20130204,20190628,NCLH.K,2013-01-18,2019-06-28,2013-12-31,2018-12-31,6,5,5,5,2014.0,2013-02-04,2019-06-28,2014-01-01,2019-06-28,ELIGIBLE_345
NDAQ,609025,20050426,20190628,NDAQ.O,2009-01-02,2019-06-28,2009-12-31,2018-12-31,10,10,10,10,2010.0,2005-04-26,2019-06-28,2010-01-01,2019-06-28,ELIGIBLE_345
NEE,743996,19960104,20190628,NEE,2009-01-02,2019-06-28,2009-12-31,2018-12-31,10,10,10,10,2010.0,1996-01-04,2019-06-28,2010-01-01,2019-06-28,ELIGIBLE_345
NEM,1788583,19960104,20190628,NEM,2009-01-02,2019-06-28,2010-12-31,2019-12-31,10,10,10,10,2011.0,1996-01-04,2019-06-28,2011-01-01,2019-06-28,ELIGIBLE_345
NFLX,3638234,20021119,20190628,NFLX.O,2009-01-02,2019-06-28,2010-12-31,2019-12-31,10,10,10,10,2011.0,2002-11-19,2019-06-28,2011-01-01,2019-06-28,ELIGIBLE_345
NI,491228,19970127,20190628,NI,2009-01-02,2019-06-28,2009-12-31,2018-12-31,10,10,10,10,2010.0,1997-01-27,2019-06-28,2010-01-01,2019-06-28,ELIGIBLE_345
NKE,1754328,19960104,20190628,NKE,2009-01-02,2019-06-28,2008-05-31,2017-05-31,10,10,10,10,2009.0,1996-01-04,2019-06-28,2009-01-02,2019-06-28,ELIGIBLE_345
NLSN,335431,20110203,20190628,NLSN.W^E14,2011-02-08,2014-04-29,2008-12-31,2017-12-31,10,8,8,8,2009.0,2011-02-03,2019-06-28,2011-02-08,2019-06-28,ELIGIBLE_345
NOC,1471651,19960104,20190628,NOC,2009-01-02,2019-06-28,2010-12-31,2019-12-31,10,10,10,10,2011.0,1996-01-04,2019-06-28,2011-01-01,2019-06-28,ELIGIBLE_345
NOV,1598285,19971003,20190628,NOV,2009-01-02,2019-06-28,2010-12-31,2019-12-31,10,10,10,10,2011.0,1997-10-03,2019-06-28,2011-01-01,2019-06-28,ELIGIBLE_345
NRG,907348,20000908,20190628,NRG,2009-01-02,2019-06-28,2009-12-31,2018-12-31,10,10,10,10,2010.0,2000-09-08,2019-06-28,2010-01-01,2019-06-28,ELIGIBLE_345
NSC,1597833,19960104,20190628,NSC,2009-01-02,2019-06-28,2010-12-31,2019-12-31,10,10,10,10,2011.0,1996-01-04,2019-06-28,2011-01-01,2019-06-28,ELIGIBLE_345
NTAP,1840776,19961107,20190628,NTAP.O,2009-01-02,2019-06-28,2009-04-24,2018-04-27,10,10,10,10,2010.0,1996-11-07,2019-06-28,2010-01-01,2019-06-28,ELIGIBLE_345
NTRS,506388,19960104,20190628,NTRS.O,2009-01-02,2019-06-28,2009-12-31,2018-12-31,10,10,10,10,2010.0,1996-01-04,2019-06-28,2010-01-01,2019-06-28,ELIGIBLE_345
NUE,1623884,19960104,20190628,NUE,2009-01-02,2019-06-28,2009-12-31,2018-12-31,10,10,10,10,2010.0,1996-01-04,2019-06-28,2010-01-01,2019-06-28,ELIGIBLE_345
NVDA,2051672,19990728,20190628,NVDA.O,2009-01-02,2019-06-28,2009-01-25,2018-01-28,10,10,10,10,2010.0,1999-07-28,2019-06-28,2010-01-01,2019-06-28,ELIGIBLE_345
NWL,707339,19960104,20190628,NWL.O,2009-01-02,2019-06-28,2009-12-31,2018-12-31,10,10,10,10,2010.0,1996-01-04,2019-06-28,2010-01-01,2019-06-28,ELIGIBLE_345
NWSA,217994,20130701,20190628,NWSA.O,2013-06-19,2019-06-28,2011-12-31,2017-06-30,7,5,5,5,2012.0,2013-07-01,2019-06-28,2013-07-01,2019-06-28,ELIGIBLE_345
O,288682,20070927,20190628,O,2009-01-02,2019-06-28,2009-12-31,2018-12-31,10,10,10,10,2010.0,2007-09-27,2019-06-28,2010-01-01,2019-06-28,ELIGIBLE_345
OKE,880843,19960104,20190628,OKE,2009-01-02,2019-06-28,2009-12-31,2018-12-31,10,10,10,10,2010.0,1996-01-04,2019-06-28,2010-01-01,2019-06-28,ELIGIBLE_345
OMC,649599,19960104,20190628,OMC,2009-01-02,2019-06-28,2009-12-31,2018-12-31,10,10,10,10,2010.0,1996-01-04,2019-06-28,2010-01-01,2019-06-28,ELIGIBLE_345
ORCL,1815868,19960104,20190628,ORCL.K,2009-01-02,2019-06-28,2009-05-31,2018-05-31,10,10,10,10,2010.0,1996-01-04,2019-06-28,2010-01-01,2019-06-28,ELIGIBLE_345
ORLY,636849,19980202,20190628,ORLY.O,2009-01-02,2019-06-28,2009-12-31,2018-12-31,10,10,10,10,2010.0,1998-02-02,2019-06-28,2010-01-01,2019-06-28,ELIGIBLE_345
OXY,1859406,19960104,20190628,OXY,2009-01-02,2019-06-28,2009-12-31,2018-12-31,10,10,10,10,2010.0,1996-01-04,2019-06-28,2010-01-01,2019-06-28,ELIGIBLE_345
PAYX,802621,19960104,20190628,PAYX.O,2009-01-02,2019-06-28,2009-05-31,2018-05-31,10,10,10,10,2010.0,1996-01-04,2019-06-28,2010-01-01,2019-06-28,ELIGIBLE_345
PCAR,905582,19960104,20190628,PCAR.O,2009-01-02,2019-06-28,2009-12-31,2018-12-31,10,10,10,10,2010.0,1996-01-04,2019-06-28,2010-01-01,2019-06-28,ELIGIBLE_345
PCG,661835,19960104,20190628,PCG,2009-01-02,2019-06-28,2009-12-31,2018-12-31,10,10,10,10,2010.0,1996-01-04,2019-06-28,2010-01-01,2019-06-28,ELIGIBLE_345
PEG,292601,19960104,20190628,PEG,2009-01-02,2019-06-28,2009-12-31,2018-12-31,10,10,10,10,2010.0,1996-01-04,2019-06-28,2010-01-01,2019-06-28,ELIGIBLE_345
PEP,1579512,19960104,20190628,PEP.O,2009-01-02,2019-06-28,2009-12-26,2018-12-29,10,10,10,10,2010.0,1996-01-04,2019-06-28,2010-01-01,2019-06-28,ELIGIBLE_345
PFE,1836536,19960104,20190628,PFE,2009-01-02,2019-06-28,2010-12-31,2019-12-31,10,10,10,10,2011.0,1996-01-04,2019-06-28,2011-01-01,2019-06-28,ELIGIBLE_345
PFG,515185,20020123,20190628,PFG.O,2009-01-02,2019-06-28,2009-12-31,2018-12-31,10,10,10,10,2010.0,2002-01-23,2019-06-28,2010-01-01,2019-06-28,ELIGIBLE_345
PG,1824941,19960104,20190628,PG,2009-01-02,2019-06-28,2008-06-30,2017-06-30,10,10,10,10,2009.0,1996-01-04,2019-06-28,2009-01-02,2019-06-28,ELIGIBLE_345
PGR,645069,19960104,20190628,PGR,2009-01-02,2019-06-28,2009-12-31,2018-12-31,10,10,10,10,2010.0,1996-01-04,2019-06-28,2010-01-01,2019-06-28,ELIGIBLE_345
PH,718123,19960104,20190628,PH,2009-01-02,2019-06-28,2010-06-30,2019-06-30,10,10,10,10,2011.0,1996-01-04,2019-06-28,2011-01-01,2019-06-28,ELIGIBLE_345
PHM,1323037,19960104,20190628,PHM,2009-01-02,2019-06-28,2009-12-31,2018-12-31,10,10,10,10,2010.0,1996-01-04,2019-06-28,2010-01-01,2019-06-28,ELIGIBLE_345
PKG,423784,20010709,20190628,PKG,2009-01-02,2019-06-28,2009-12-31,2018-12-31,10,10,10,10,2010.0,2001-07-09,2019-06-28,2010-01-01,2019-06-28,ELIGIBLE_345
PLD,415888,19980513,20190628,PLD,2009-01-02,2019-06-28,2010-12-31,2019-12-31,10,10,10,10,2011.0,1998-05-13,2019-06-28,2011-01-01,2019-06-28,ELIGIBLE_345
PM,1395623,20080401,20190628,PM,2009-01-02,2019-06-28,2010-12-31,2019-12-31,10,10,10,10,2011.0,2008-04-01,2019-06-28,2011-01-01,2019-06-28,ELIGIBLE_345
PNC,1192594,19960104,20190628,PNC,2009-01-02,2019-06-28,2009-12-31,2018-12-31,10,10,10,10,2010.0,1996-01-04,2019-06-28,2010-01-01,2019-06-28,ELIGIBLE_345
PNR,298044,19990611,20190628,PNR,2009-01-02,2019-06-28,2010-12-31,2019-12-31,10,10,10,10,2011.0,1999-06-11,2019-06-28,2011-01-01,2019-06-28,ELIGIBLE_345
PNW,340313,19960104,20190628,PNW,2009-01-02,2019-06-28,2009-12-31,2018-12-31,10,10,10,10,2010.0,1996-01-04,2019-06-28,2010-01-01,2019-06-28,ELIGIBLE_345
PPG,945578,19960104,20190628,PPG,2009-01-02,2019-06-28,2009-12-31,2018-12-31,10,10,10,10,2010.0,1996-01-04,2019-06-28,2010-01-01,2019-06-28,ELIGIBLE_345
PPL,598262,19960827,20190628,PPL,2009-01-02,2019-06-28,2010-12-31,2019-12-31,10,9,9,9,2011.0,1996-08-27,2019-06-28,2011-01-01,2019-06-28,ELIGIBLE_345
PRGO,1299933,19960104,20190628,PRGO.K,2009-01-02,2019-06-28,2009-06-27,2018-12-31,10,10,10,10,2010.0,1996-01-04,2019-06-28,2010-01-01,2019-06-28,ELIGIBLE_345
PRU,1024939,20020314,20190628,PRU,2009-01-02,2019-06-28,2009-12-31,2018-12-31,10,10,10,10,2010.0,2002-03-14,2019-06-28,2010-01-01,2019-06-28,ELIGIBLE_345
PSA,564020,19961224,20190628,PSA,2009-01-02,2019-06-28,2009-12-31,2018-12-31,10,10,10,10,2010.0,1996-12-24,2019-06-28,2010-01-01,2019-06-28,ELIGIBLE_345
PSX,1256477,19960104,20190628,PSX,2012-04-12,2019-06-28,2012-12-31,2018-12-31,7,6,6,6,2013.0,1996-01-04,2019-06-28,2013-01-01,2019-06-28,ELIGIBLE_345
PVH,634400,19960104,20190628,PVH,2009-01-02,2019-06-28,2009-02-01,2018-02-04,10,10,10,10,2010.0,1996-01-04,2019-06-28,2010-01-01,2019-06-28,ELIGIBLE_345
PWR,622221,20000511,20190628,PWR,2009-01-02,2019-06-28,2009-12-31,2018-12-31,10,10,10,10,2010.0,2000-05-11,2019-06-28,2010-01-01,2019-06-28,ELIGIBLE_345
PYPL,797938,20150720,20190628,PYPL.O,2015-07-06,2019-06-28,2015-12-31,2019-12-31,5,5,5,5,2016.0,2015-07-20,2019-06-28,2016-01-01,2019-06-28,ELIGIBLE_345
QCOM,1978796,19960104,20190628,QCOM.O,2009-01-02,2019-06-28,2010-09-26,2019-09-29,10,10,10,10,2011.0,1996-01-04,2019-06-28,2011-01-01,2019-06-28,ELIGIBLE_345
QRVO,338876,20150102,20190628,QRVO.O,2009-01-02,2019-06-28,2014-12-31,2018-03-31,5,4,4,4,2015.0,2015-01-02,2019-06-28,2015-01-02,2019-06-28,ELIGIBLE_345
RCL,1264702,19960104,20190628,RCL,2009-01-02,2019-06-28,2009-12-31,2018-12-31,10,10,10,10,2010.0,1996-01-04,2019-06-28,2010-01-01,2019-06-28,ELIGIBLE_345
REG,288093,20031014,20190628,REG.O,2009-01-02,2019-06-28,2009-12-31,2018-12-31,10,10,10,10,2010.0,2003-10-14,2019-06-28,2010-01-01,2019-06-28,ELIGIBLE_345
REGN,2627032,19960104,20190628,REGN.O,2009-01-02,2019-06-28,2010-12-31,2019-12-31,10,10,10,10,2011.0,1996-01-04,2019-06-28,2011-01-01,2019-06-28,ELIGIBLE_345
RF,584798,19970310,20190628,RF,2009-01-02,2019-06-28,2009-12-31,2018-12-31,10,10,10,10,2010.0,1997-03-10,2019-06-28,2010-01-01,2019-06-28,ELIGIBLE_345
RHI,315138,19960104,20190628,RHI,2009-01-02,2019-06-28,2009-12-31,2018-12-31,10,10,10,10,2010.0,1996-01-04,2019-06-28,2010-01-01,2019-06-28,ELIGIBLE_345
RJF,404681,19960104,20190628,RJF,2009-01-02,2019-06-28,2010-09-30,2019-09-30,10,10,10,10,2011.0,1996-01-04,2019-06-28,2011-01-01,2019-06-28,ELIGIBLE_345
RL,1276473,19970919,20190628,RL,2009-01-02,2019-06-28,2009-03-28,2018-03-31,10,10,10,10,2010.0,1997-09-19,2019-06-28,2010-01-01,2019-06-28,ELIGIBLE_345
RMD,368435,19981124,20190628,RMD,2009-01-02,2019-06-28,2009-06-30,2018-06-30,10,10,10,10,2010.0,1998-11-24,2019-06-28,2010-01-01,2019-06-28,ELIGIBLE_345
ROK,565063,19960104,20190628,ROK,2009-01-02,2019-06-28,2010-09-30,2019-09-30,10,10,10,10,2011.0,1996-01-04,2019-06-28,2011-01-01,2019-06-28,ELIGIBLE_345
ROP,493022,19960311,20190628,ROP.O,2009-01-02,2019-06-28,2009-12-31,2018-12-31,10,10,10,10,2010.0,1996-03-11,2019-06-28,2010-01-01,2019-06-28,ELIGIBLE_345
ROST,864727,19960104,20190628,ROST.O,2009-01-02,2019-06-28,2009-01-31,2018-02-03,10,10,10,10,2010.0,1996-01-04,2019-06-28,2010-01-01,2019-06-28,ELIGIBLE_345
RRC,997859,19960509,20190628,RRC,2009-01-02,2019-06-28,2009-12-31,2018-12-31,10,10,10,10,2010.0,1996-05-09,2019-06-28,2010-01-01,2019-06-28,ELIGIBLE_345
RSG,346723,19980716,20190628,RSG,2009-01-02,2019-06-28,2009-12-31,2018-12-31,10,10,10,10,2010.0,1998-07-16,2019-06-28,2010-01-01,2019-06-28,ELIGIBLE_345
SBAC,433618,20000308,20190628,SBAC.O,2009-01-02,2019-06-28,2009-12-31,2018-12-31,10,10,10,10,2010.0,2000-03-08,2019-06-28,2010-01-01,2019-06-28,ELIGIBLE_345
SBUX,1523010,19960104,20190628,SBUX.O,2009-01-02,2019-06-28,2009-09-27,2018-09-30,10,10,10,10,2010.0,1996-01-04,2019-06-28,2010-01-01,2019-06-28,ELIGIBLE_345
SCG,272811,19960104,20181231,SCG.W^E14,2009-01-12,2014-04-16,2009-12-31,2016-12-31,8,8,8,8,2010.0,1996-01-04,2018-12-31,2010-01-01,2019-06-28,ELIGIBLE_345
SCHW,1271233,19960104,20190628,SCHW.K,2009-01-02,2019-06-28,2010-12-31,2019-12-31,10,10,10,10,2011.0,1996-01-04,2019-06-28,2011-01-01,2019-06-28,ELIGIBLE_345
SHW,974567,19960104,20190628,SHW,2009-01-02,2019-06-28,2010-12-31,2019-12-31,10,10,10,10,2011.0,1996-01-04,2019-06-28,2011-01-01,2019-06-28,ELIGIBLE_345
SIG,495895,20090716,20190628,SIG,2009-01-02,2019-06-28,2009-01-31,2018-02-03,10,10,10,10,2010.0,2009-07-16,2019-06-28,2010-01-01,2019-06-28,ELIGIBLE_345
SJM,454168,20020610,20190628,SJM,2009-01-02,2019-06-28,2009-04-30,2018-04-30,10,10,10,10,2010.0,2002-06-10,2019-06-28,2010-01-01,2019-06-28,ELIGIBLE_345
SLB,2056926,19960104,20190628,SLB,2009-01-02,2019-06-28,2010-12-31,2019-12-31,10,10,10,10,2011.0,1996-01-04,2019-06-28,2011-01-01,2019-06-28,ELIGIBLE_345
SLG,380176,20070130,20190628,SLG,2009-01-02,2019-06-28,2009-12-31,2018-12-31,10,10,10,10,2010.0,2007-01-30,2019-06-28,2010-01-01,2019-06-28,ELIGIBLE_345
SNA,423645,19960104,20190628,SNA,2009-01-02,2019-06-28,2010-01-02,2019-12-28,11,11,11,11,2011.0,1996-01-04,2019-06-28,2011-01-01,2019-06-28,ELIGIBLE_345
SNPS,380726,19960104,20190628,SNPS.O,2009-01-02,2019-06-28,2009-10-31,2018-10-31,10,10,10,10,2010.0,1996-01-04,2019-06-28,2010-01-01,2019-06-28,ELIGIBLE_345
SO,881029,19960104,20190628,SO,2009-01-02,2019-06-28,2009-12-31,2018-12-31,10,10,10,10,2010.0,1996-01-04,2019-06-28,2010-01-01,2019-06-28,ELIGIBLE_345
SPG,963590,19960104,20190628,SPG,2009-01-02,2019-06-28,2009-12-31,2018-12-31,10,10,10,10,2010.0,1996-01-04,2019-06-28,2010-01-01,2019-06-28,ELIGIBLE_345
SPGI,961809,19960104,20190628,SPGI.K,2009-01-02,2019-06-28,2010-12-31,2019-12-31,10,10,10,10,2011.0,1996-01-04,2019-06-28,2011-01-01,2019-06-28,ELIGIBLE_345
SRE,438633,19960104,20190628,SRE,2009-01-02,2019-06-28,2009-12-31,2018-12-31,10,10,10,10,2010.0,1996-01-04,2019-06-28,2010-01-01,2019-06-28,ELIGIBLE_345
STT,1021671,19960104,20190628,STT,2009-01-02,2019-06-28,2010-12-31,2019-12-31,10,10,10,10,2011.0,1996-01-04,2019-06-28,2011-01-01,2019-06-28,ELIGIBLE_345
STX,1570064,20030121,20190628,STX.O,2009-01-02,2019-06-28,2009-07-03,2018-06-29,10,10,10,10,2010.0,2003-01-21,2019-06-28,2010-01-01,2019-06-28,ELIGIBLE_345
STZ,914553,19960104,20190628,STZ,2009-01-02,2019-06-28,2009-02-28,2018-02-28,10,10,10,10,2010.0,1996-01-04,2019-06-28,2010-01-01,2019-06-28,ELIGIBLE_345
SWK,956259,19960104,20190628,SWK,2009-01-02,2019-06-28,2009-01-03,2018-12-29,11,11,11,11,2010.0,1996-01-04,2019-06-28,2010-01-01,2019-06-28,ELIGIBLE_345
SWKS,1675195,19961009,20190628,SWKS.O,2009-01-02,2019-06-28,2009-12-31,2018-09-28,10,9,9,9,2010.0,1996-10-09,2019-06-28,2010-01-01,2019-06-28,ELIGIBLE_345
SYF,696624,20140812,20190628,SYF,2014-07-31,2019-06-28,2013-12-31,2018-12-31,6,5,5,5,2014.0,2014-08-12,2019-06-28,2014-08-12,2019-06-28,ELIGIBLE_345
SYK,787591,19960104,20190628,SYK,2009-01-02,2019-06-28,2009-12-31,2018-12-31,10,10,10,10,2010.0,1996-01-04,2019-06-28,2010-01-01,2019-06-28,ELIGIBLE_345
SYY,893773,19960104,20190628,SYY,2009-01-02,2019-06-28,2008-06-28,2017-07-01,10,10,10,10,2009.0,1996-01-04,2019-06-28,2009-01-02,2019-06-28,ELIGIBLE_345
T,2199291,19960104,20190628,T,2009-01-02,2019-06-28,2010-12-31,2019-12-31,10,10,10,10,2011.0,1996-01-04,2019-06-28,2011-01-01,2019-06-28,ELIGIBLE_345
TAP,1128876,19960104,20190628,TAP,2009-01-02,2019-06-28,2009-12-26,2018-12-31,10,10,10,10,2010.0,1996-01-04,2019-06-28,2010-01-01,2019-06-28,ELIGIBLE_345
TDG,627345,20070503,20190628,TDG,2009-01-02,2019-06-28,2010-09-30,2019-09-30,10,10,10,10,2011.0,2007-05-03,2019-06-28,2011-01-01,2019-06-28,ELIGIBLE_345
TEL,249999,20070702,20190628,TEL,2009-01-02,2019-06-28,2009-09-25,2018-09-28,10,10,10,10,2010.0,2007-07-02,2019-06-28,2010-01-01,2019-06-28,ELIGIBLE_345
TGT,1649618,19960104,20190628,TGT,2009-01-02,2019-06-28,2009-01-31,2018-02-03,10,10,10,10,2010.0,1996-01-04,2019-06-28,2010-01-01,2019-06-28,ELIGIBLE_345
TJX,707828,19960104,20190628,TJX,2009-01-02,2019-06-28,2009-01-31,2018-02-03,10,10,10,10,2010.0,1996-01-04,2019-06-28,2010-01-01,2019-06-28,ELIGIBLE_345
TMO,663874,19960104,20190628,TMO,2009-01-02,2019-06-28,2009-12-31,2018-12-31,10,10,10,10,2010.0,1996-01-04,2019-06-28,2010-01-01,2019-06-28,ELIGIBLE_345
TPR,1512906,20001030,20190628,TPR,2009-01-02,2019-06-28,2010-07-03,2019-06-29,10,10,10,10,2011.0,2000-10-30,2019-06-28,2011-01-01,2019-06-28,ELIGIBLE_345
TRIP,1282248,20111222,20190628,TRIP.O,2011-12-07,2019-06-28,2011-12-31,2019-12-31,9,9,9,9,2012.0,2011-12-22,2019-06-28,2012-01-01,2019-06-28,ELIGIBLE_345
TROW,623777,19960104,20190628,TROW.O,2009-01-02,2019-06-28,2009-12-31,2018-12-31,10,10,10,10,2010.0,1996-01-04,2019-06-28,2010-01-01,2019-06-28,ELIGIBLE_345
TRV,712753,19960104,20190628,TRV,2009-01-02,2019-06-28,2009-12-31,2018-12-31,10,10,10,10,2010.0,1996-01-04,2019-06-28,2010-01-01,2019-06-28,ELIGIBLE_345
TSCO,731384,20020823,20190628,TSCO.O,2009-01-02,2019-06-28,2009-12-26,2018-12-29,10,10,10,10,2010.0,2002-08-23,2019-06-28,2010-01-01,2019-06-28,ELIGIBLE_345
TSN,1142923,19960104,20190628,TSN,2009-01-02,2019-06-28,2010-10-02,2019-09-28,10,10,10,10,2011.0,1996-01-04,2019-06-28,2011-01-01,2019-06-28,ELIGIBLE_345
TSS,315993,19960718,20190628,TSS.W^E14,2009-05-04,2014-04-25,2009-12-31,2017-12-31,9,9,9,9,2010.0,1996-07-18,2019-06-28,2010-01-01,2019-06-28,ELIGIBLE_345
TWX,1994963,19960104,20180614,TWX.N^F18,2009-01-02,2018-06-14,2008-12-31,2014-12-31,7,7,7,7,2009.0,1996-01-04,2018-06-14,2009-01-02,2019-06-28,ELIGIBLE_345
TXN,1742777,19960104,20190628,TXN.O,2009-01-02,2019-06-28,2009-12-31,2018-12-31,10,10,10,10,2010.0,1996-01-04,2019-06-28,2010-01-01,2019-06-28,ELIGIBLE_345
TXT,837331,19960104,20190628,TXT,2009-01-02,2019-06-28,2009-01-03,2017-12-30,10,10,10,10,2010.0,1996-01-04,2019-06-28,2010-01-01,2019-06-28,ELIGIBLE_345
UAA,1331237,20051130,20190628,UAA,2009-01-02,2019-06-28,2009-12-31,2018-12-31,10,9,9,9,2010.0,2005-11-30,2019-06-28,2010-01-01,2019-06-28,ELIGIBLE_345
UAL,1465174,20060210,20190628,UAL.O,2009-01-02,2019-06-28,2009-12-31,2018-12-31,10,10,10,10,2010.0,2006-02-10,2019-06-28,2010-01-01,2019-06-28,ELIGIBLE_345
UDR,220648,19980608,20190628,UDR,2009-01-02,2019-06-28,2009-12-31,2018-12-31,10,10,10,10,2010.0,1998-06-08,2019-06-28,2010-01-01,2019-06-28,ELIGIBLE_345
UHS,460959,19960104,20190628,UHS,2009-01-02,2019-06-28,2009-12-31,2018-12-31,10,10,10,10,2010.0,1996-01-04,2019-06-28,2010-01-01,2019-06-28,ELIGIBLE_345
ULTA,1220392,20071109,20190628,ULTA.O,2009-01-02,2019-06-28,2010-01-30,2019-02-02,10,10,10,10,2011.0,2007-11-09,2019-06-28,2011-01-01,2019-06-28,ELIGIBLE_345
UNH,1881026,19960104,20190628,UNH,2009-01-02,2019-06-28,2009-12-31,2018-12-31,10,10,10,10,2010.0,1996-01-04,2019-06-28,2010-01-01,2019-06-28,ELIGIBLE_345
UNM,554560,19960104,20190628,UNM,2009-01-02,2019-06-28,2009-12-31,2018-12-31,10,10,10,10,2010.0,1996-01-04,2019-06-28,2010-01-01,2019-06-28,ELIGIBLE_345
UNP,1907674,19960104,20190628,UNP,2009-01-02,2019-06-28,2009-12-31,2018-12-31,10,10,10,10,2010.0,1996-01-04,2019-06-28,2010-01-01,2019-06-28,ELIGIBLE_345
UPS,1517449,20000217,20190628,UPS,2009-01-02,2019-06-28,2010-12-31,2019-12-31,10,10,10,10,2011.0,2000-02-17,2019-06-28,2011-01-01,2019-06-28,ELIGIBLE_345
URI,1714188,19980730,20190628,URI,2009-01-02,2019-06-28,2013-12-31,2018-12-31,6,5,5,5,2014.0,1998-07-30,2019-06-28,2014-01-01,2019-06-28,ELIGIBLE_345
USB,1644280,19960104,20190628,USB,2009-01-02,2019-06-28,2009-12-31,2018-12-31,10,10,10,10,2010.0,1996-01-04,2019-06-28,2010-01-01,2019-06-28,ELIGIBLE_345
V,1855809,19960104,20190628,V,2009-01-02,2019-06-28,2009-09-30,2018-09-30,10,10,10,10,2010.0,1996-01-04,2019-06-28,2010-01-01,2019-06-28,ELIGIBLE_345
VFC,876256,19960104,20190628,VFC,2009-01-02,2019-06-28,2009-01-03,2018-03-31,11,11,11,11,2010.0,1996-01-04,2019-06-28,2010-01-01,2019-06-28,ELIGIBLE_345
VIAB,1103862,20060103,20190628,VIAB.W^E14,2010-02-25,2014-04-09,2010-09-30,2019-09-30,10,10,10,10,2011.0,2006-01-03,2019-06-28,2011-01-01,2019-06-28,ELIGIBLE_345
VLO,1886819,19960104,20190628,VLO,2009-01-02,2019-06-28,2009-12-31,2018-12-31,10,10,10,10,2010.0,1996-01-04,2019-06-28,2010-01-01,2019-06-28,ELIGIBLE_345
VMC,898054,19980715,20190628,VMC,2009-01-02,2019-06-28,2009-12-31,2018-12-31,10,10,10,10,2010.0,1998-07-15,2019-06-28,2010-01-01,2019-06-28,ELIGIBLE_345
VNO,556508,19971217,20190628,VNO,2009-01-02,2019-06-28,2009-12-31,2018-12-31,10,10,10,10,2010.0,1997-12-17,2019-06-28,2010-01-01,2019-06-28,ELIGIBLE_345
VRSK,236832,20091015,20190628,VRSK.O,2009-10-07,2019-06-28,2009-12-31,2018-12-31,10,10,10,10,2010.0,2009-10-15,2019-06-28,2010-01-01,2019-06-28,ELIGIBLE_345
VRSN,1066575,19980805,20190628,VRSN.O,2009-01-02,2019-06-28,2010-12-31,2019-12-31,10,10,10,10,2011.0,1998-08-05,2019-06-28,2011-01-01,2019-06-28,ELIGIBLE_345
VRTX,2005413,19960104,20190628,VRTX.O,2009-01-02,2019-06-28,2010-12-31,2019-12-31,10,10,10,10,2011.0,1996-01-04,2019-06-28,2011-01-01,2019-06-28,ELIGIBLE_345
VTR,333164,19971124,20190628,VTR,2009-01-02,2019-06-28,2009-12-31,2018-12-31,10,10,10,10,2010.0,1997-11-24,2019-06-28,2010-01-01,2019-06-28,ELIGIBLE_345
VZ,1891703,19960104,20190628,VZ,2009-01-02,2019-06-28,2009-12-31,2018-12-31,10,10,10,10,2010.0,1996-01-04,2019-06-28,2010-01-01,2019-06-28,ELIGIBLE_345
WAT,610676,19960223,20190628,WAT,2009-01-02,2019-06-28,2009-12-31,2018-12-31,10,10,10,10,2010.0,1996-02-23,2019-06-28,2010-01-01,2019-06-28,ELIGIBLE_345
WBA,1706046,19960104,20190628,WBA.AX^B20,2009-01-02,2019-06-28,2014-12-31,2017-09-30,4,3,3,3,2015.0,1996-01-04,2019-06-28,2015-01-01,2019-06-28,ELIGIBLE_345
WDC,1719454,19960104,20190628,WDC.O,2009-01-02,2019-06-28,2009-07-03,2018-06-29,10,10,10,10,2010.0,1996-01-04,2019-06-28,2010-01-01,2019-06-28,ELIGIBLE_345
WEC,271522,19970602,20190628,WEC,2009-01-02,2019-06-28,2009-12-31,2018-12-31,10,10,10,10,2010.0,1997-06-02,2019-06-28,2010-01-01,2019-06-28,ELIGIBLE_345
WELL,506920,19980715,20190628,WELL.K,2009-01-02,2019-06-28,2009-12-31,2018-12-31,10,10,10,10,2010.0,1998-07-15,2019-06-28,2010-01-01,2019-06-28,ELIGIBLE_345
WFC,1760019,19960104,20190628,WFC,2009-01-02,2019-06-28,2009-12-31,2018-12-31,10,10,10,10,2010.0,1996-01-04,2019-06-28,2010-01-01,2019-06-28,ELIGIBLE_345
WHR,1544392,19960104,20190628,WHR,2009-01-02,2019-06-28,2009-12-31,2018-12-31,10,10,10,10,2010.0,1996-01-04,2019-06-28,2010-01-01,2019-06-28,ELIGIBLE_345
WLTW,301343,20011004,20190628,WTW.O,2009-01-02,2019-06-28,2009-12-31,2018-12-31,10,10,10,10,2010.0,2001-10-04,2019-06-28,2010-01-01,2019-06-28,ELIGIBLE_345
WM,830350,19960104,20190628,WM,2009-01-02,2019-06-28,2009-12-31,2018-12-31,10,10,10,10,2010.0,1996-01-04,2019-06-28,2010-01-01,2019-06-28,ELIGIBLE_345
WMB,1718380,19960104,20190628,WMB,2009-01-02,2019-06-28,2009-12-31,2018-12-31,10,10,10,10,2010.0,1996-01-04,2019-06-28,2010-01-01,2019-06-28,ELIGIBLE_345
WMT,1856590,19960104,20190628,WMT.O,2009-01-02,2019-06-28,2009-01-31,2018-01-31,10,10,10,10,2010.0,1996-01-04,2019-06-28,2010-01-01,2019-06-28,ELIGIBLE_345
WU,517481,20061002,20190628,WU,2009-01-02,2019-06-28,2010-12-31,2019-12-31,10,10,10,10,2011.0,2006-10-02,2019-06-28,2011-01-01,2019-06-28,ELIGIBLE_345
WY,1329767,19960104,20190628,WY,2009-01-02,2019-06-28,2009-12-31,2018-12-31,10,10,10,10,2010.0,1996-01-04,2019-06-28,2010-01-01,2019-06-28,ELIGIBLE_345
WYNN,2312106,20030203,20190628,WYNN.O,2009-01-02,2019-06-28,2009-12-31,2018-12-31,10,10,10,10,2010.0,2003-02-03,2019-06-28,2010-01-01,2019-06-28,ELIGIBLE_345
XEC,607324,20021002,20190628,XEC.W^E14,2009-01-02,2014-04-25,2009-12-31,2018-12-31,10,10,10,10,2010.0,2002-10-02,2019-06-28,2010-01-01,2019-06-28,ELIGIBLE_345
XEL,319876,19970527,20190628,XEL.O,2009-01-02,2019-06-28,2009-12-31,2018-12-31,10,10,10,10,2010.0,1997-05-27,2019-06-28,2010-01-01,2019-06-28,ELIGIBLE_345
XOM,1929840,19960104,20190628,XOM,2009-01-02,2019-06-28,2010-12-31,2019-12-31,10,10,10,10,2011.0,1996-01-04,2019-06-28,2011-01-01,2019-06-28,ELIGIBLE_345
XRAY,366028,19960104,20190628,XRAY.O,2009-01-02,2019-06-28,2009-12-31,2018-12-31,10,10,10,10,2010.0,1996-01-04,2019-06-28,2010-01-01,2019-06-28,ELIGIBLE_345
XRX,802853,19960104,20190628,XRX.O,2009-01-02,2019-06-28,2009-12-31,2018-12-31,10,10,10,10,2010.0,1996-01-04,2019-06-28,2010-01-01,2019-06-28,ELIGIBLE_345
XYL,158272,20111101,20190628,XYL,2011-10-13,2019-06-28,2011-12-31,2019-12-31,9,9,9,9,2012.0,2011-11-01,2019-06-28,2012-01-01,2019-06-28,ELIGIBLE_345
YUM,1512429,19971007,20190628,YUM,2009-01-02,2019-06-28,2010-12-25,2019-12-31,10,10,10,10,2011.0,1997-10-07,2019-06-28,2011-01-01,2019-06-28,ELIGIBLE_345
ZBH,587772,20010807,20190628,ZBH,2009-01-02,2019-06-28,2010-12-31,2019-12-31,10,10,10,10,2011.0,2001-08-07,2019-06-28,2011-01-01,2019-06-28,ELIGIBLE_345
ZION,810205,19970603,20190628,ZION.O,2009-01-02,2019-06-28,2009-12-31,2018-12-31,10,10,10,10,2010.0,1997-06-03,2019-06-28,2010-01-01,2019-06-28,ELIGIBLE_345
ZTS,1059261,20130219,20190628,ZTS,2013-02-01,2019-06-28,2013-12-31,2019-12-31,7,7,7,7,2014.0,2013-02-19,2019-06-28,2014-01-01,2019-06-28,ELIGIBLE_345
