ticker,RIC,esg_lag_year,option_first,first_252_return_date,esg_date,oos_start
CDNS,CDNS.O,2010.0,1996-01-04,2010-01-12,2010-01-01,2010-01-12
CF,CF,2011.0,1996-01-04,2010-01-12,2011-01-01,2011-01-01
CFG,CFG,2014.0,2014-10-02,2015-10-05,2014-01-01,2015-10-05
CHD,CHD,2011.0,2002-06-10,2010-01-12,2011-01-01,2011-01-01
CHRW,CHRW.O,2010.0,1998-03-02,2010-01-12,2010-01-01,2010-01-12
CHTR,CHTR.O,2012.0,2011-07-27,2011-02-08,2012-01-01,2012-01-01
CI,CI,2010.0,1996-01-04,2010-01-12,2010-01-01,2010-01-12
CINF,CINF.O,2010.0,1996-01-04,2010-01-12,2010-01-01,2010-01-12
CL,CL,2010.0,1996-01-04,2010-01-12,2010-01-01,2010-01-12
CLX,CLX,2010.0,1996-01-04,2010-01-12,2010-01-01,2010-01-12
CMCSA,CMCSA.O,2010.0,1996-01-04,2010-01-12,2010-01-01,2010-01-12
CME,CME.O,2010.0,2003-11-18,2010-01-12,2010-01-01,2010-01-12
CMG,CMG,2011.0,2006-02-03,2010-01-12,2011-01-01,2011-01-01
CMI,CMI,2010.0,1996-01-04,2010-01-12,2010-01-01,2010-01-12
CMS,CMS,2010.0,1996-01-04,2010-01-12,2010-01-01,2010-01-12
CNC,CNC,2014.0,2004-11-15,2010-01-12,2014-01-01,2014-01-01
CNP,CNP,2010.0,1996-01-04,2010-01-12,2010-01-01,2010-01-12
COF,COF,2010.0,1996-01-04,2010-01-12,2010-01-01,2010-01-12
COO,COO.O,2010.0,1996-01-04,2010-01-12,2010-01-01,2010-01-12
COP,COP,2010.0,1996-01-04,2010-01-12,2010-01-01,2010-01-12
COST,COST.O,2011.0,1996-01-04,2010-01-12,2011-01-01,2011-01-01
COTY,COTY.K,2015.0,2013-06-21,2014-06-23,2015-01-01,2015-01-01
CPB,CPB.O,2010.0,1996-01-04,2010-01-12,2010-01-01,2010-01-12
CRM,CRM,2010.0,2004-07-22,2010-01-12,2010-01-01,2010-01-12
CSCO,CSCO.O,2010.0,1996-01-04,2010-01-12,2010-01-01,2010-01-12
CSX,CSX.O,2010.0,1996-01-04,2010-01-12,2010-01-01,2010-01-12
CTAS,CTAS.O,2010.0,1996-01-04,2010-01-12,2010-01-01,2010-01-12
CTL,CTL.W^E14,2010.0,1996-01-04,2011-02-04,2010-01-01,2011-02-04
CTSH,CTSH.O,2011.0,2002-04-08,2010-01-12,2011-01-01,2011-01-01
CVS,CVS,2011.0,1996-01-04,2010-01-12,2011-01-01,2011-01-01
CVX,CVX,2011.0,1996-01-04,2010-01-12,2011-01-01,2011-01-01
D,D,2010.0,1996-01-04,2010-01-12,2010-01-01,2010-01-12
DAL,DAL,2011.0,2007-05-04,2010-01-12,2011-01-01,2011-01-01
DE,DE,2010.0,1996-01-04,2010-01-12,2010-01-01,2010-01-12
DG,DG,2009.0,1996-01-04,2010-11-22,2009-01-01,2010-11-22
DGX,DGX,2010.0,1997-01-22,2010-01-12,2010-01-01,2010-01-12
DHI,DHI,2010.0,1997-03-12,2010-01-12,2010-01-01,2010-01-12
DHR,DHR,2011.0,1996-01-04,2010-01-12,2011-01-01,2011-01-01
DIS,DIS,2010.0,1996-01-04,2010-01-12,2010-01-01,2010-01-12
DISCK,DISCK.A^H14,2010.0,2009-08-28,2011-07-21,2010-01-01,2011-07-21
DLR,DLR,2010.0,2006-11-27,2010-01-12,2010-01-01,2010-01-12
DLTR,DLTR.O,2010.0,1996-10-23,2010-01-12,2010-01-01,2010-01-12
DOV,DOV,2010.0,1996-01-04,2010-01-12,2010-01-01,2010-01-12
DRI,DRI,2010.0,1996-01-04,2010-01-12,2010-01-01,2010-01-12
DTE,DTE,2010.0,1996-01-04,2010-01-12,2010-01-01,2010-01-12
DUK,DUK,2010.0,1996-01-04,2010-01-12,2010-01-01,2010-01-12
DVA,DVA,2010.0,1997-10-29,2010-01-12,2010-01-01,2010-01-12
DVN,DVN,2010.0,1996-05-09,2010-01-12,2010-01-01,2010-01-12
DXC,DXC,2010.0,1996-01-04,2010-01-12,2010-01-01,2010-01-12
EA,EA.W^E14,2010.0,1996-01-04,2010-03-11,2010-01-01,2010-03-11
EBAY,EBAY.O,2010.0,1999-02-01,2010-01-12,2010-01-01,2010-01-12
ECL,ECL,2010.0,1996-01-04,2010-01-12,2010-01-01,2010-01-12
ED,ED,2010.0,1996-01-04,2010-01-12,2010-01-01,2010-01-12
EFX,EFX,2011.0,1996-01-04,2010-01-12,2011-01-01,2011-01-01
EIX,EIX,2010.0,1996-01-04,2010-01-12,2010-01-01,2010-01-12
EL,EL,2010.0,1996-02-27,2010-01-12,2010-01-01,2010-01-12
EMN,EMN,2010.0,1996-01-04,2010-01-12,2010-01-01,2010-01-12
EMR,EMR,2011.0,1996-01-04,2010-01-12,2011-01-01,2011-01-01
EOG,EOG,2010.0,1996-01-04,2010-01-12,2010-01-01,2010-01-12
EQIX,EQIX.O,2011.0,2006-04-04,2010-01-12,2011-01-01,2011-01-01
EQT,EQT,2010.0,1998-10-07,2010-01-12,2010-01-01,2010-01-12
ESS,ESS,2010.0,1998-02-19,2010-01-12,2010-01-01,2010-01-12
ETN,ETN,2010.0,1996-01-04,2010-01-12,2010-01-01,2010-01-12
ETR,ETR,2011.0,1996-01-04,2010-01-12,2011-01-01,2011-01-01
EVHC,EVHC.W^E14,2014.0,2001-07-19,,2014-01-01,2014-01-01
EW,EW,2011.0,2000-04-03,2010-01-12,2011-01-01,2011-01-01
EXC,EXC.O,2010.0,1996-01-04,2010-01-12,2010-01-01,2010-01-12
EXPD,EXPD.K,2011.0,1996-10-24,2010-01-12,2011-01-01,2011-01-01
EXPE,EXPE.O,2011.0,2005-08-10,2010-01-12,2011-01-01,2011-01-01
EXR,EXR,2015.0,2008-05-12,2010-01-12,2015-01-01,2015-01-01
F,F,2011.0,1996-01-04,2010-01-12,2011-01-01,2011-01-01
FAST,FAST.O,2010.0,1996-01-04,2010-01-12,2010-01-01,2010-01-12
FBHS,FBHS.W^E14,2011.0,2011-10-05,2013-03-05,2011-01-01,2013-03-05
FCX,FCX,2011.0,1996-01-04,2010-01-12,2011-01-01,2011-01-01
FDX,FDX,2009.0,1996-01-04,2010-01-12,2009-01-01,2010-01-12
FE,FE,2010.0,1996-01-04,2010-01-12,2010-01-01,2010-01-12
FFIV,FFIV.O,2011.0,1999-12-09,2010-01-12,2011-01-01,2011-01-01
FIS,FIS,2010.0,2001-07-09,2010-01-12,2010-01-01,2010-01-12
FISV,FISV.O,2010.0,1996-01-04,2010-01-12,2010-01-01,2010-01-12
FITB,FITB.K,2010.0,1996-01-04,2010-01-12,2010-01-01,2010-01-12
FLR,FLR,2010.0,2000-12-22,2010-01-12,2010-01-01,2010-01-12
FLS,FLS,2010.0,1996-09-04,2010-01-12,2010-01-01,2010-01-12
FMC,FMC,2011.0,1996-01-04,2010-01-12,2011-01-01,2011-01-01
FRT,FRT,2010.0,2008-09-11,2010-01-12,2010-01-01,2010-01-12
FTI,FTI,2018.0,2017-01-17,2018-01-26,2018-01-01,2018-01-26
FTV,FTV,2016.0,2016-07-06,2017-06-29,2016-01-01,2017-06-29
GD,GD,2010.0,1996-01-04,2010-01-12,2010-01-01,2010-01-12
GE,GE,2011.0,1996-01-04,2010-01-12,2011-01-01,2011-01-01
GILD,GILD.O,2010.0,1996-01-04,2010-01-12,2010-01-01,2010-01-12
GIS,GIS,2009.0,1996-01-04,2010-01-12,2009-01-01,2010-01-12
GLW,GLW,2011.0,1996-01-04,2010-01-12,2011-01-01,2011-01-01
GM,GM,2010.0,2010-11-29,2011-11-23,2010-01-01,2011-11-23
GOOG,GOOG.O,2010.0,2014-04-03,2015-04-08,2010-01-01,2015-04-08
GOOGL,GOOGL.O,2010.0,2004-08-27,2010-01-12,2010-01-01,2010-01-12
GPC,GPC,2010.0,1996-01-04,2010-01-12,2010-01-01,2010-01-12
GPN,GPN,2010.0,2002-03-28,2010-01-12,2010-01-01,2010-01-12
GRMN,GRMN.K,2011.0,2001-03-15,2010-01-12,2011-01-01,2011-01-01
GS,GS,2010.0,1999-08-11,2010-01-12,2010-01-01,2010-01-12
GT,GT.O,2011.0,1996-01-04,2010-01-12,2011-01-01,2011-01-01
GWW,GWW,2010.0,1996-01-04,2010-01-12,2010-01-01,2010-01-12
HAL,HAL,2011.0,1996-01-04,2010-01-12,2011-01-01,2011-01-01
HAS,HAS.O,2010.0,1996-01-04,2010-01-12,2010-01-01,2010-01-12
HBAN,HBAN.O,2010.0,1996-01-04,2010-01-12,2010-01-01,2010-01-12
HCA,HCA,2010.0,1996-01-04,2012-03-15,2010-01-01,2012-03-15
HD,HD,2010.0,1996-01-04,2010-01-12,2010-01-01,2010-01-12
HIG,HIG,2010.0,1996-01-04,2010-01-12,2010-01-01,2010-01-12
HII,HII,2011.0,1996-01-04,2012-03-27,2011-01-01,2012-03-27
HLT,HLT,2014.0,1996-01-04,2014-12-23,2014-01-01,2014-12-23
HOG,HOG,2010.0,1996-01-04,2010-01-12,2010-01-01,2010-01-12
HON,HON.O,2010.0,1996-01-04,2010-01-12,2010-01-01,2010-01-12
HP,HP,2011.0,1996-01-04,2010-01-12,2011-01-01,2011-01-01
HPE,HPE,2015.0,2015-11-03,2016-10-27,2015-01-01,2016-10-27
HPQ,HPQ,2010.0,1996-01-04,2010-01-12,2010-01-01,2010-01-12
HRB,HRB,2010.0,1996-01-04,2010-01-12,2010-01-01,2010-01-12
HRL,HRL,2010.0,1996-01-04,2010-01-12,2010-01-01,2010-01-12
HSIC,HSIC.O,2010.0,1996-09-04,2010-01-12,2010-01-01,2010-01-12
HST,HST.O,2010.0,1996-01-04,2010-01-12,2010-01-01,2010-01-12
HSY,HSY,2010.0,1996-01-04,2010-01-12,2010-01-01,2010-01-12
HUM,HUM,2010.0,1996-01-04,2010-01-12,2010-01-01,2010-01-12
IBM,IBM,2011.0,1996-01-04,2010-01-12,2011-01-01,2011-01-01
ICE,ICE,2010.0,2005-11-28,2010-01-12,2010-01-01,2010-01-12
IDXX,IDXX.O,2010.0,1996-01-04,2010-01-12,2010-01-01,2010-01-12
IFF,IFF,2010.0,1996-01-04,2010-01-12,2010-01-01,2010-01-12
ILMN,ILMN.O,2011.0,2003-12-18,2010-01-12,2011-01-01,2011-01-01
INCY,INCY.O,2014.0,1996-09-26,2010-01-12,2014-01-01,2014-01-01
INTC,INTC.O,2010.0,1996-01-04,2010-01-12,2010-01-01,2010-01-12
INTU,INTU.O,2011.0,1996-01-04,2010-01-12,2011-01-01,2011-01-01
IP,IP,2011.0,1996-01-04,2010-01-12,2011-01-01,2011-01-01
IPGP,IPGP.O,2010.0,2007-04-25,2010-01-12,2010-01-01,2010-01-12
IQV,IQV,2015.0,2013-06-06,2014-05-16,2015-01-01,2015-01-01
IR,IR,2017.0,1996-01-04,2018-05-23,2017-01-01,2018-05-23
IRM,IRM,2010.0,1998-05-14,2010-01-12,2010-01-01,2010-01-12
ISRG,ISRG.O,2010.0,2001-07-24,2010-01-12,2010-01-01,2010-01-12
IT,IT,2010.0,1996-01-04,2010-01-12,2010-01-01,2010-01-12
ITW,ITW,2010.0,1996-01-04,2010-01-12,2010-01-01,2010-01-12
IVZ,IVZ,2010.0,2007-02-21,2010-01-12,2010-01-01,2010-01-12
JBHT,JBHT.O,2010.0,1996-01-04,2010-01-12,2010-01-01,2010-01-12
JCI,JCI,2011.0,1996-01-04,2010-01-12,2011-01-01,2011-01-01
JEF,JEF,2010.0,1997-06-04,2010-01-12,2010-01-01,2010-01-12
JNJ,JNJ,2009.0,1996-01-04,2010-01-12,2009-01-01,2010-01-12
JNPR,JNPR.W^E14,2010.0,1999-10-07,2010-02-03,2010-01-01,2010-02-03
JPM,JPM,2010.0,1996-01-04,2010-01-12,2010-01-01,2010-01-12
KEY,KEY,2010.0,1996-01-04,2010-01-12,2010-01-01,2010-01-12
KHC,KHC.O,2016.0,2015-07-07,2016-07-14,2016-01-01,2016-07-14
KIM,KIM,2011.0,1998-06-08,2010-01-12,2011-01-01,2011-01-01
KLAC,KLAC.O,2009.0,1996-01-04,2010-01-12,2009-01-01,2010-01-12
KMB,KMB.O,2010.0,1996-01-04,2010-01-12,2010-01-01,2010-01-12
KMI,KMI,2011.0,1997-04-09,2012-02-16,2011-01-01,2012-02-16
KMX,KMX,2010.0,1997-05-12,2010-01-12,2010-01-01,2010-01-12
KO,KO,2010.0,1996-01-04,2010-01-12,2010-01-01,2010-01-12
KR,KR,2010.0,1996-01-04,2010-01-12,2010-01-01,2010-01-12
KSS,KSS,2009.0,1996-01-04,2010-01-12,2009-01-01,2010-01-12
L,L,2011.0,1996-01-04,2010-01-12,2011-01-01,2011-01-01
LEN,LEN,2011.0,1996-01-04,2010-01-12,2011-01-01,2011-01-01
LH,LH,2010.0,1996-01-04,2010-01-12,2010-01-01,2010-01-12
LKQ,LKQ.O,2010.0,2007-11-12,2010-01-12,2010-01-01,2010-01-12
LLY,LLY,2010.0,1996-01-04,2010-01-12,2010-01-01,2010-01-12
LMT,LMT,2010.0,1996-01-04,2010-01-12,2010-01-01,2010-01-12
LNC,LNC,2010.0,1996-01-04,2010-01-12,2010-01-01,2010-01-12
LNT,LNT.O,2010.0,1996-06-10,2010-01-12,2010-01-01,2010-01-12
LOW,LOW,2010.0,1996-01-04,2010-01-12,2010-01-01,2010-01-12
LRCX,LRCX.O,2009.0,1996-01-04,2010-01-12,2009-01-01,2010-01-12
LUV,LUV,2010.0,1996-01-04,2010-01-12,2010-01-01,2010-01-12
LYB,LYB,2010.0,2010-10-18,2011-05-03,2010-01-01,2011-05-03
MA,MA,2010.0,2006-06-05,2010-01-12,2010-01-01,2010-01-12
MAA,MAA,2015.0,2004-01-16,2010-01-12,2015-01-01,2015-01-01
MAC,MAC,2010.0,2003-02-18,2010-01-12,2010-01-01,2010-01-12
MAR,MAR.O,2010.0,1997-08-18,2010-01-12,2010-01-01,2010-01-12
MAS,MAS,2010.0,1996-01-04,2010-01-12,2010-01-01,2010-01-12
MAT,MAT.O,2010.0,1996-01-04,2010-01-12,2010-01-01,2010-01-12
MCD,MCD,2010.0,1996-01-04,2010-01-12,2010-01-01,2010-01-12
MCHP,MCHP.O,2010.0,1996-01-04,2010-01-12,2010-01-01,2010-01-12
MCK,MCK,2010.0,1996-01-04,2010-01-12,2010-01-01,2010-01-12
MCO,MCO,2010.0,2000-03-20,2010-01-12,2010-01-01,2010-01-12
MDLZ,MDLZ.O,2011.0,2001-06-27,2010-01-12,2011-01-01,2011-01-01
MDT,MDT,2010.0,1996-01-04,2010-01-12,2010-01-01,2010-01-12
MET,MET,2010.0,1997-03-21,2010-01-12,2010-01-01,2010-01-12
MGM,MGM,2010.0,1996-01-04,2010-01-12,2010-01-01,2010-01-12
MHK,MHK,2010.0,1996-01-04,2010-01-12,2010-01-01,2010-01-12
MKC,MKC,2010.0,1996-01-04,2010-01-12,2010-01-01,2010-01-12
MLM,MLM,2011.0,1997-09-23,2010-01-12,2011-01-01,2011-01-01
MMM,MMM,2010.0,1996-01-04,2010-01-12,2010-01-01,2010-01-12
MNST,MNST.O,2010.0,2006-07-25,2010-01-12,2010-01-01,2010-01-12
MO,MO,2010.0,1996-01-04,2010-01-12,2010-01-01,2010-01-12
MOS,MOS,2010.0,1996-01-04,2010-01-12,2010-01-01,2010-01-12
MPC,MPC,2011.0,2011-07-05,2012-06-28,2011-01-01,2012-06-28
MRK,MRK,2010.0,1996-01-04,2010-01-12,2010-01-01,2010-01-12
MS,MS,2010.0,1996-01-04,2010-01-12,2010-01-01,2010-01-12
MSFT,MSFT.O,2010.0,1996-01-04,2010-01-12,2010-01-01,2010-01-12
MSI,MSI,2010.0,1996-01-04,2010-01-12,2010-01-01,2010-01-12
MTB,MTB,2010.0,1997-08-18,2010-01-12,2010-01-01,2010-01-12
MTD,MTD,2011.0,1998-09-08,2010-01-12,2011-01-01,2011-01-01
MU,MU.O,2011.0,1996-01-04,2010-01-12,2011-01-01,2011-01-01
NAVI,NAVI.O,2014.0,2000-04-13,2015-04-29,2014-01-01,2015-04-29
NCLH,NCLH.K,2014.0,2013-02-04,2014-01-28,2014-01-01,2014-01-28
NDAQ,NDAQ.O,2010.0,2005-04-26,2010-01-12,2010-01-01,2010-01-12
NEE,NEE,2010.0,1996-01-04,2010-01-12,2010-01-01,2010-01-12
NEM,NEM,2011.0,1996-01-04,2010-01-12,2011-01-01,2011-01-01
NFLX,NFLX.O,2011.0,2002-11-19,2010-01-12,2011-01-01,2011-01-01
NI,NI,2010.0,1997-01-27,2010-01-12,2010-01-01,2010-01-12
NKE,NKE,2009.0,1996-01-04,2010-01-12,2009-01-01,2010-01-12
NLSN,NLSN.W^E14,2009.0,2011-02-03,2013-03-27,2009-01-01,2013-03-27
NOC,NOC,2011.0,1996-01-04,2010-01-12,2011-01-01,2011-01-01
NOV,NOV,2011.0,1997-10-03,2010-01-12,2011-01-01,2011-01-01
NRG,NRG,2010.0,2000-09-08,2010-01-12,2010-01-01,2010-01-12
NSC,NSC,2011.0,1996-01-04,2010-01-12,2011-01-01,2011-01-01
NTAP,NTAP.O,2010.0,1996-11-07,2010-01-12,2010-01-01,2010-01-12
NTRS,NTRS.O,2010.0,1996-01-04,2010-01-12,2010-01-01,2010-01-12
NUE,NUE,2010.0,1996-01-04,2010-01-12,2010-01-01,2010-01-12
NVDA,NVDA.O,2010.0,1999-07-28,2010-01-12,2010-01-01,2010-01-12
NWL,NWL.O,2010.0,1996-01-04,2010-01-12,2010-01-01,2010-01-12
NWSA,NWSA.O,2012.0,2013-07-01,2014-06-27,2012-01-01,2014-06-27
O,O,2010.0,2007-09-27,2010-01-12,2010-01-01,2010-01-12
OKE,OKE,2010.0,1996-01-04,2010-01-12,2010-01-01,2010-01-12
OMC,OMC,2010.0,1996-01-04,2010-01-12,2010-01-01,2010-01-12
ORCL,ORCL.K,2010.0,1996-01-04,2010-01-12,2010-01-01,2010-01-12
ORLY,ORLY.O,2010.0,1998-02-02,2010-01-12,2010-01-01,2010-01-12
OXY,OXY,2010.0,1996-01-04,2010-01-12,2010-01-01,2010-01-12
PAYX,PAYX.O,2010.0,1996-01-04,2010-01-12,2010-01-01,2010-01-12
PCAR,PCAR.O,2010.0,1996-01-04,2010-01-12,2010-01-01,2010-01-12
PCG,PCG,2010.0,1996-01-04,2010-01-12,2010-01-01,2010-01-12
PEG,PEG,2010.0,1996-01-04,2010-01-12,2010-01-01,2010-01-12
PEP,PEP.O,2010.0,1996-01-04,2010-01-12,2010-01-01,2010-01-12
PFE,PFE,2011.0,1996-01-04,2010-01-12,2011-01-01,2011-01-01
PFG,PFG.O,2010.0,2002-01-23,2010-01-12,2010-01-01,2010-01-12
PG,PG,2009.0,1996-01-04,2010-01-12,2009-01-01,2010-01-12
PGR,PGR,2010.0,1996-01-04,2010-01-12,2010-01-01,2010-01-12
PH,PH,2011.0,1996-01-04,2010-01-12,2011-01-01,2011-01-01
PHM,PHM,2010.0,1996-01-04,2010-01-12,2010-01-01,2010-01-12
PKG,PKG,2010.0,2001-07-09,2010-01-12,2010-01-01,2010-01-12
PLD,PLD,2011.0,1998-05-13,2010-01-12,2011-01-01,2011-01-01
PM,PM,2011.0,2008-04-01,2010-01-12,2011-01-01,2011-01-01
PNC,PNC,2010.0,1996-01-04,2010-01-12,2010-01-01,2010-01-12
PNR,PNR,2011.0,1999-06-11,2010-01-12,2011-01-01,2011-01-01
PNW,PNW,2010.0,1996-01-04,2010-01-12,2010-01-01,2010-01-12
PPG,PPG,2010.0,1996-01-04,2010-01-12,2010-01-01,2010-01-12
PPL,PPL,2011.0,1996-08-27,2010-01-12,2011-01-01,2011-01-01
PRGO,PRGO.K,2010.0,1996-01-04,2010-01-12,2010-01-01,2010-01-12
PRU,PRU,2010.0,2002-03-14,2010-01-12,2010-01-01,2010-01-12
PSA,PSA,2010.0,1996-12-24,2010-01-12,2010-01-01,2010-01-12
PSX,PSX,2013.0,1996-01-04,2013-04-24,2013-01-01,2013-04-24
PVH,PVH,2010.0,1996-01-04,2010-01-12,2010-01-01,2010-01-12
PWR,PWR,2010.0,2000-05-11,2010-01-12,2010-01-01,2010-01-12
PYPL,PYPL.O,2016.0,2015-07-20,2016-07-14,2016-01-01,2016-07-14
QCOM,QCOM.O,2011.0,1996-01-04,2010-01-12,2011-01-01,2011-01-01
QRVO,QRVO.O,2015.0,2015-01-02,2010-01-12,2015-01-01,2015-01-02
RCL,RCL,2010.0,1996-01-04,2010-01-12,2010-01-01,2010-01-12
REG,REG.O,2010.0,2003-10-14,2010-01-12,2010-01-01,2010-01-12
REGN,REGN.O,2011.0,1996-01-04,2010-01-12,2011-01-01,2011-01-01
RF,RF,2010.0,1997-03-10,2010-01-12,2010-01-01,2010-01-12
RHI,RHI,2010.0,1996-01-04,2010-01-12,2010-01-01,2010-01-12
RJF,RJF,2011.0,1996-01-04,2010-01-12,2011-01-01,2011-01-01
RL,RL,2010.0,1997-09-19,2010-01-12,2010-01-01,2010-01-12
RMD,RMD,2010.0,1998-11-24,2010-01-12,2010-01-01,2010-01-12
ROK,ROK,2011.0,1996-01-04,2010-01-12,2011-01-01,2011-01-01
ROP,ROP.O,2010.0,1996-03-11,2010-01-12,2010-01-01,2010-01-12
ROST,ROST.O,2010.0,1996-01-04,2010-01-12,2010-01-01,2010-01-12
RRC,RRC,2010.0,1996-05-09,2010-01-12,2010-01-01,2010-01-12
RSG,RSG,2010.0,1998-07-16,2010-01-12,2010-01-01,2010-01-12
SBAC,SBAC.O,2010.0,2000-03-08,2010-01-12,2010-01-01,2010-01-12
SBUX,SBUX.O,2010.0,1996-01-04,2010-01-12,2010-01-01,2010-01-12
SCG,SCG.W^E14,2010.0,1996-01-04,2012-09-11,2010-01-01,2012-09-11
SCHW,SCHW.K,2011.0,1996-01-04,2010-01-12,2011-01-01,2011-01-01
SHW,SHW,2011.0,1996-01-04,2010-01-12,2011-01-01,2011-01-01
SIG,SIG,2010.0,2009-07-16,2010-01-12,2010-01-01,2010-01-12
SJM,SJM,2010.0,2002-06-10,2010-01-12,2010-01-01,2010-01-12
SLB,SLB,2011.0,1996-01-04,2010-01-12,2011-01-01,2011-01-01
SLG,SLG,2010.0,2007-01-30,2010-01-12,2010-01-01,2010-01-12
SNA,SNA,2011.0,1996-01-04,2010-01-12,2011-01-01,2011-01-01
SNPS,SNPS.O,2010.0,1996-01-04,2010-01-12,2010-01-01,2010-01-12
SO,SO,2010.0,1996-01-04,2010-01-12,2010-01-01,2010-01-12
SPG,SPG,2010.0,1996-01-04,2010-01-12,2010-01-01,2010-01-12
SPGI,SPGI.K,2011.0,1996-01-04,2010-01-12,2011-01-01,2011-01-01
SRE,SRE,2010.0,1996-01-04,2010-01-12,2010-01-01,2010-01-12
STT,STT,2011.0,1996-01-04,2010-01-12,2011-01-01,2011-01-01
STX,STX.O,2010.0,2003-01-21,2010-01-12,2010-01-01,2010-01-12
STZ,STZ,2010.0,1996-01-04,2010-01-12,2010-01-01,2010-01-12
SWK,SWK,2010.0,1996-01-04,2010-01-12,2010-01-01,2010-01-12
SWKS,SWKS.O,2010.0,1996-10-09,2010-01-12,2010-01-01,2010-01-12
SYF,SYF,2014.0,2014-08-12,2015-08-11,2014-01-01,2015-08-11
SYK,SYK,2010.0,1996-01-04,2010-01-12,2010-01-01,2010-01-12
SYY,SYY,2009.0,1996-01-04,2010-01-12,2009-01-01,2010-01-12
T,T,2011.0,1996-01-04,2010-01-12,2011-01-01,2011-01-01
TAP,TAP,2010.0,1996-01-04,2010-01-12,2010-01-01,2010-01-12
TDG,TDG,2011.0,2007-05-03,2010-01-12,2011-01-01,2011-01-01
TEL,TEL,2010.0,2007-07-02,2010-01-12,2010-01-01,2010-01-12
TGT,TGT,2010.0,1996-01-04,2010-01-12,2010-01-01,2010-01-12
TJX,TJX,2010.0,1996-01-04,2010-01-12,2010-01-01,2010-01-12
TMO,TMO,2010.0,1996-01-04,2010-01-12,2010-01-01,2010-01-12
TPR,TPR,2011.0,2000-10-30,2010-01-12,2011-01-01,2011-01-01
TRIP,TRIP.O,2012.0,2011-12-22,2012-12-19,2012-01-01,2012-12-19
TROW,TROW.O,2010.0,1996-01-04,2010-01-12,2010-01-01,2010-01-12
TRV,TRV,2010.0,1996-01-04,2010-01-12,2010-01-01,2010-01-12
TSCO,TSCO.O,2010.0,2002-08-23,2010-01-12,2010-01-01,2010-01-12
TSN,TSN,2011.0,1996-01-04,2010-01-12,2011-01-01,2011-01-01
TSS,TSS.W^E14,2010.0,1996-07-18,2012-10-18,2010-01-01,2012-10-18
TWX,TWX.N^F18,2009.0,1996-01-04,2010-01-12,2009-01-01,2010-01-12
TXN,TXN.O,2010.0,1996-01-04,2010-01-12,2010-01-01,2010-01-12
TXT,TXT,2010.0,1996-01-04,2010-01-12,2010-01-01,2010-01-12
UAA,UAA,2010.0,2005-11-30,2010-01-12,2010-01-01,2010-01-12
UAL,UAL.O,2010.0,2006-02-10,2010-01-12,2010-01-01,2010-01-12
UDR,UDR,2010.0,1998-06-08,2010-01-12,2010-01-01,2010-01-12
UHS,UHS,2010.0,1996-01-04,2010-01-12,2010-01-01,2010-01-12
ULTA,ULTA.O,2011.0,2007-11-09,2010-01-12,2011-01-01,2011-01-01
UNH,UNH,2010.0,1996-01-04,2010-01-12,2010-01-01,2010-01-12
UNM,UNM,2010.0,1996-01-04,2010-01-12,2010-01-01,2010-01-12
UNP,UNP,2010.0,1996-01-04,2010-01-12,2010-01-01,2010-01-12
UPS,UPS,2011.0,2000-02-17,2010-01-12,2011-01-01,2011-01-01
URI,URI,2014.0,1998-07-30,2010-01-12,2014-01-01,2014-01-01
USB,USB,2010.0,1996-01-04,2010-01-12,2010-01-01,2010-01-12
V,V,2010.0,1996-01-04,2010-01-12,2010-01-01,2010-01-12
VFC,VFC,2010.0,1996-01-04,2010-01-12,2010-01-01,2010-01-12
VIAB,VIAB.W^E14,2011.0,2006-01-03,2013-01-07,2011-01-01,2013-01-07
VLO,VLO,2010.0,1996-01-04,2010-01-12,2010-01-01,2010-01-12
VMC,VMC,2010.0,1998-07-15,2010-01-12,2010-01-01,2010-01-12
VNO,VNO,2010.0,1997-12-17,2010-01-12,2010-01-01,2010-01-12
VRSK,VRSK.O,2010.0,2009-10-15,2010-10-14,2010-01-01,2010-10-14
VRSN,VRSN.O,2011.0,1998-08-05,2010-01-12,2011-01-01,2011-01-01
VRTX,VRTX.O,2011.0,1996-01-04,2010-01-12,2011-01-01,2011-01-01
VTR,VTR,2010.0,1997-11-24,2010-01-12,2010-01-01,2010-01-12
VZ,VZ,2010.0,1996-01-04,2010-01-12,2010-01-01,2010-01-12
WAT,WAT,2010.0,1996-02-23,2010-01-12,2010-01-01,2010-01-12
WBA,WBA.AX^B20,2015.0,1996-01-04,2010-03-31,2015-01-01,2015-01-01
WDC,WDC.O,2010.0,1996-01-04,2010-01-12,2010-01-01,2010-01-12
WEC,WEC,2010.0,1997-06-02,2010-01-12,2010-01-01,2010-01-12
WELL,WELL.K,2010.0,1998-07-15,2010-01-12,2010-01-01,2010-01-12
WFC,WFC,2010.0,1996-01-04,2010-01-12,2010-01-01,2010-01-12
WHR,WHR,2010.0,1996-01-04,2010-01-12,2010-01-01,2010-01-12
WLTW,WTW.O,2010.0,2001-10-04,2010-01-12,2010-01-01,2010-01-12
WM,WM,2010.0,1996-01-04,2010-01-12,2010-01-01,2010-01-12
WMB,WMB,2010.0,1996-01-04,2010-01-12,2010-01-01,2010-01-12
WMT,WMT.O,2010.0,1996-01-04,2010-01-12,2010-01-01,2010-01-12
WU,WU,2011.0,2006-10-02,2010-01-12,2011-01-01,2011-01-01
WY,WY,2010.0,1996-01-04,2010-01-12,2010-01-01,2010-01-12
WYNN,WYNN.O,2010.0,2003-02-03,2010-01-12,2010-01-01,2010-01-12
XEC,XEC.W^E14,2010.0,2002-10-02,2012-03-30,2010-01-01,2012-03-30
XEL,XEL.O,2010.0,1997-05-27,2010-01-12,2010-01-01,2010-01-12
XOM,XOM,2011.0,1996-01-04,2010-01-12,2011-01-01,2011-01-01
XRAY,XRAY.O,2010.0,1996-01-04,2010-01-12,2010-01-01,2010-01-12
XRX,XRX.O,2010.0,1996-01-04,2010-01-12,2010-01-01,2010-01-12
XYL,XYL,2012.0,2011-11-01,2012-10-19,2012-01-01,2012-10-19
YUM,YUM,2011.0,1997-10-07,2010-01-12,2011-01-01,2011-01-01
ZBH,ZBH,2011.0,2001-08-07,2010-01-12,2011-01-01,2011-01-01
ZION,ZION.O,2010.0,1997-06-03,2010-01-12,2010-01-01,2010-01-12
ZTS,ZTS,2014.0,2013-02-19,2014-02-10,2014-01-01,2014-02-10
