ticker,RIC,price_obs,price_first,price_last
CDNS,CDNS.O,2640,2009-01-02,2019-06-28
CELG,CELG.B^J07,0,,
CERN,CERN.B^J07,0,,
CF,CF,2640,2009-01-02,2019-06-28
CFG,CFG,1199,2014-09-24,2019-06-28
CHD,CHD,2640,2009-01-02,2019-06-28
CHK,CHK.PH^B09,0,,
CHRW,CHRW.O,2640,2009-01-02,2019-06-28
CHTR,CHTR.O,2384,2009-12-02,2019-06-28
CI,CI,2640,2009-01-02,2019-06-28
CINF,CINF.O,2640,2009-01-02,2019-06-28
CL,CL,2640,2009-01-02,2019-06-28
CLX,CLX,2640,2009-01-02,2019-06-28
CMA,CMA.B^J07,0,,
CMCSA,CMCSA.O,2640,2009-01-02,2019-06-28
CME,CME.O,2640,2009-01-02,2019-06-28
CMG,CMG,2640,2009-01-02,2019-06-28
CMI,CMI,2640,2009-01-02,2019-06-28
CMS,CMS,2640,2009-01-02,2019-06-28
CNC,CNC,2640,2009-01-02,2019-06-28
CNP,CNP,2640,2009-01-02,2019-06-28
COF,COF,2640,2009-01-02,2019-06-28
COG,COG.B^J07,0,,
COL,OCL9SAJ8-J8,0,,
COO,COO.O,2640,2009-01-02,2019-06-28
COP,COP,2640,2009-01-02,2019-06-28
COST,COST.O,2640,2009-01-02,2019-06-28
COTY,COTY.K,1522,2013-06-13,2019-06-28
CPB,CPB.O,2640,2009-01-02,2019-06-28
CRM,CRM,2640,2009-01-02,2019-06-28
CSCO,CSCO.O,2640,2009-01-02,2019-06-28
CSRA,CSRA.K,0,,
CSX,CSX.O,2640,2009-01-02,2019-06-28
CTAS,CTAS.O,2640,2009-01-02,2019-06-28
CTL,CTL.W^E14,1057,2009-01-05,2014-04-25
CTSH,CTSH.O,2640,2009-01-02,2019-06-28
CTXS,CTXS.B^J07,0,,
CVS,CVS,2640,2009-01-02,2019-06-28
CVX,CVX,2640,2009-01-02,2019-06-28
CXO,CXO.PH^B09,0,,
D,D,2640,2009-01-02,2019-06-28
DAL,DAL,2640,2009-01-02,2019-06-28
DE,DE,2640,2009-01-02,2019-06-28
DFS,DFS.B^J07,0,,
DG,DG,2421,2009-11-13,2019-06-28
DGX,DGX,2640,2009-01-02,2019-06-28
DHI,DHI,2640,2009-01-02,2019-06-28
DHR,DHR,2640,2009-01-02,2019-06-28
DIS,DIS,2640,2009-01-02,2019-06-28
DISCA,DISCA.B^J07,0,,
DISCK,DISCK.A^H14,493,2010-07-15,2014-07-31
DISH,DISH.B^J07,0,,
DLR,DLR,2640,2009-01-02,2019-06-28
DLTR,DLTR.O,2640,2009-01-02,2019-06-28
DOV,DOV,2640,2009-01-02,2019-06-28
DRE,DRE.PH^B09,0,,
DRI,DRI,2640,2009-01-02,2019-06-28
DTE,DTE,2640,2009-01-02,2019-06-28
DUK,DUK,2640,2009-01-02,2019-06-28
DVA,DVA,2640,2009-01-02,2019-06-28
DVN,DVN,2640,2009-01-02,2019-06-28
DXC,DXC,2640,2009-01-02,2019-06-28
EA,EA.W^E14,1104,2009-01-02,2014-04-29
EBAY,EBAY.O,2640,2009-01-02,2019-06-28
ECL,ECL,2640,2009-01-02,2019-06-28
ED,ED,2640,2009-01-02,2019-06-28
EFX,EFX,2640,2009-01-02,2019-06-28
EIX,EIX,2640,2009-01-02,2019-06-28
EL,EL,2640,2009-01-02,2019-06-28
EMN,EMN,2640,2009-01-02,2019-06-28
EMR,EMR,2640,2009-01-02,2019-06-28
EOG,EOG,2640,2009-01-02,2019-06-28
EQIX,EQIX.O,2640,2009-01-02,2019-06-28
EQR,EQR.PH^B09,0,,
EQT,EQT,2640,2009-01-02,2019-06-28
ES,ESc1,2642,2009-01-02,2019-06-28
ESRX,ESRX.B^J07,0,,
ESS,ESS,2640,2009-01-02,2019-06-28
ETFC,ETFC.B^J07,0,,
ETN,ETN,2640,2009-01-02,2019-06-28
ETR,ETR,2640,2009-01-02,2019-06-28
EVHC,EVHC.W^E14,137,2013-08-28,2014-04-30
EW,EW,2640,2009-01-02,2019-06-28
EXC,EXC.O,2640,2009-01-02,2019-06-28
EXPD,EXPD.K,2640,2009-01-02,2019-06-28
EXPE,EXPE.O,2640,2009-01-02,2019-06-28
EXR,EXR,2640,2009-01-02,2019-06-28
F,F,2640,2009-01-02,2019-06-28
FAST,FAST.O,2640,2009-01-02,2019-06-28
FB,FB,0,,
FBHS,FBHS.W^E14,534,2011-10-05,2014-04-30
FCX,FCX,2640,2009-01-02,2019-06-28
FDX,FDX,2640,2009-01-02,2019-06-28
FE,FE,2640,2009-01-02,2019-06-28
FFIV,FFIV.O,2640,2009-01-02,2019-06-28
FIS,FIS,2640,2009-01-02,2019-06-28
FISV,FISV.O,2640,2009-01-02,2019-06-28
FITB,FITB.K,2640,2009-01-02,2019-06-28
FL,FLc1,0,,
FLIR,FLIR.B^J07,0,,
FLR,FLR,2640,2009-01-02,2019-06-28
FLS,FLS,2640,2009-01-02,2019-06-28
FMC,FMC,2640,2009-01-02,2019-06-28
FOXA,FOXA.O,77,2019-03-12,2019-06-28
FRT,FRT,2640,2009-01-02,2019-06-28
FTI,FTI,617,2017-01-17,2019-06-28
FTV,FTV,764,2016-06-13,2019-06-28
GD,GD,2640,2009-01-02,2019-06-28
GE,GE,2640,2009-01-02,2019-06-28
GILD,GILD.O,2640,2009-01-02,2019-06-28
GIS,GIS,2640,2009-01-02,2019-06-28
GLW,GLW,2640,2009-01-02,2019-06-28
GM,GM,2166,2010-11-18,2019-06-28
GOOG,GOOG.O,1324,2014-03-27,2019-06-28
GOOGL,GOOGL.O,2640,2009-01-02,2019-06-28
GPC,GPC,2640,2009-01-02,2019-06-28
GPN,GPN,2640,2009-01-02,2019-06-28
GPS,1GPSZ1m,0,,
GRMN,GRMN.K,2640,2009-01-02,2019-06-28
GS,GS,2640,2009-01-02,2019-06-28
GT,GT.O,2640,2009-01-02,2019-06-28
GWW,GWW,2640,2009-01-02,2019-06-28
HAL,HAL,2640,2009-01-02,2019-06-28
HAS,HAS.O,2640,2009-01-02,2019-06-28
HBAN,HBAN.O,2640,2009-01-02,2019-06-28
HBI,01HIBQ5,0,,
HCA,HCA,2090,2011-03-10,2019-06-28
HCP,HCP.B^J07,0,,
HD,HD,2640,2009-01-02,2019-06-28
HES,HES.PH^B09,0,,
HIG,HIG,2640,2009-01-02,2019-06-28
HII,HII,2082,2011-03-22,2019-06-28
HLT,HLT,1395,2013-12-12,2019-06-28
HOG,HOG,2640,2009-01-02,2019-06-28
HOLX,HOLX.B^J07,0,,
HON,HON.O,2640,2009-01-02,2019-06-28
HP,HP,2640,2009-01-02,2019-06-28
HPE,HPE,930,2015-10-19,2019-06-28
HPQ,HPQ,2640,2009-01-02,2019-06-28
HRB,HRB,2640,2009-01-02,2019-06-28
HRL,HRL,2640,2009-01-02,2019-06-28
HSIC,HSIC.O,2640,2009-01-02,2019-06-28
HST,HST.O,2640,2009-01-02,2019-06-28
HSY,HSY,2640,2009-01-02,2019-06-28
HUM,HUM,2640,2009-01-02,2019-06-28
IBM,IBM,2640,2009-01-02,2019-06-28
ICE,ICE,2640,2009-01-02,2019-06-28
IDXX,IDXX.O,2640,2009-01-02,2019-06-28
IFF,IFF,2640,2009-01-02,2019-06-28
ILMN,ILMN.O,2640,2009-01-02,2019-06-28
INCY,INCY.O,2640,2009-01-02,2019-06-28
INFO,INFO.K,0,,
INTC,INTC.O,2640,2009-01-02,2019-06-28
INTU,INTU.O,2640,2009-01-02,2019-06-28
IP,IP,2640,2009-01-02,2019-06-28
IPG,IPG.PH^B09,0,,
IPGP,IPGP.O,2640,2009-01-02,2019-06-28
IQV,IQV,1546,2013-05-09,2019-06-28
IR,IR,536,2017-05-12,2019-06-28
IRM,IRM,2640,2009-01-02,2019-06-28
ISRG,ISRG.O,2640,2009-01-02,2019-06-28
IT,IT,2640,2009-01-02,2019-06-28
ITW,ITW,2640,2009-01-02,2019-06-28
IVZ,IVZ,2640,2009-01-02,2019-06-28
JBHT,JBHT.O,2640,2009-01-02,2019-06-28
JCI,JCI,2640,2009-01-02,2019-06-28
JEC,JEC.B^J07,0,,
JEF,JEF,2640,2009-01-02,2019-06-28
JNJ,JNJ,2640,2009-01-02,2019-06-28
JNPR,JNPR.W^E14,1136,2009-01-02,2014-04-30
JPM,JPM,2640,2009-01-02,2019-06-28
JWN,JWN.PH^B09,0,,
K,K.B^J07,0,,
KEY,KEY,2640,2009-01-02,2019-06-28
KHC,KHC.O,1004,2015-07-06,2019-06-28
KIM,KIM,2640,2009-01-02,2019-06-28
KLAC,KLAC.O,2640,2009-01-02,2019-06-28
KMB,KMB.O,2640,2009-01-02,2019-06-28
KMI,KMI,2108,2011-02-11,2019-06-28
KMX,KMX,2640,2009-01-02,2019-06-28
KO,KO,2640,2009-01-02,2019-06-28
KR,KR,2640,2009-01-02,2019-06-28
KSS,KSS,2640,2009-01-02,2019-06-28
KSU,KSU.B^J07,0,,
L,L,2640,2009-01-02,2019-06-28
LB,LB,0,,
LEG,LEG.PH^B09,0,,
LEN,LEN,2640,2009-01-02,2019-06-28
LH,LH,2640,2009-01-02,2019-06-28
LKQ,LKQ.O,2640,2009-01-02,2019-06-28
LLY,LLY,2640,2009-01-02,2019-06-28
LMT,LMT,2640,2009-01-02,2019-06-28
LNC,LNC,2640,2009-01-02,2019-06-28
LNT,LNT.O,2640,2009-01-02,2019-06-28
LOW,LOW,2640,2009-01-02,2019-06-28
LRCX,LRCX.O,2640,2009-01-02,2019-06-28
LUV,LUV,2640,2009-01-02,2019-06-28
LYB,LYB,2309,2010-04-28,2019-06-28
MA,MA,2640,2009-01-02,2019-06-28
MAA,MAA,2640,2009-01-02,2019-06-28
MAC,MAC,2640,2009-01-02,2019-06-28
MAR,MAR.O,2640,2009-01-02,2019-06-28
MAS,MAS,2640,2009-01-02,2019-06-28
MAT,MAT.O,2640,2009-01-02,2019-06-28
MCD,MCD,2640,2009-01-02,2019-06-28
MCHP,MCHP.O,2640,2009-01-02,2019-06-28
MCK,MCK,2640,2009-01-02,2019-06-28
MCO,MCO,2640,2009-01-02,2019-06-28
MDLZ,MDLZ.O,2640,2009-01-02,2019-06-28
MDT,MDT,2640,2009-01-02,2019-06-28
MET,MET,2640,2009-01-02,2019-06-28
MGM,MGM,2640,2009-01-02,2019-06-28
MHK,MHK,2640,2009-01-02,2019-06-28
MKC,MKC,2640,2009-01-02,2019-06-28
MLM,MLM,2640,2009-01-02,2019-06-28
MMC,0#MCM:,0,,
MMM,MMM,2640,2009-01-02,2019-06-28
MNST,MNST.O,2640,2009-01-02,2019-06-28
MO,MO,2640,2009-01-02,2019-06-28
MON,MON.PH^B09,0,,
MOS,MOS,2640,2009-01-02,2019-06-28
MPC,MPC,2017,2011-06-23,2019-06-28
MRK,MRK,2640,2009-01-02,2019-06-28
MRO,MRO.PH^B09,0,,
MS,MS,2640,2009-01-02,2019-06-28
MSFT,MSFT.O,2640,2009-01-02,2019-06-28
MSI,MSI,2640,2009-01-02,2019-06-28
MTB,MTB,2640,2009-01-02,2019-06-28
MTD,MTD,2640,2009-01-02,2019-06-28
MU,MU.O,2640,2009-01-02,2019-06-28
MYL,MYL.TH^L08,0,,
NAVI,NAVI.O,1309,2014-04-17,2019-06-28
NBL,NBL.PH^B09,0,,
NCLH,NCLH.K,1622,2013-01-18,2019-06-28
NDAQ,NDAQ.O,2640,2009-01-02,2019-06-28
NEE,NEE,2640,2009-01-02,2019-06-28
NEM,NEM,2640,2009-01-02,2019-06-28
NFLX,NFLX.O,2640,2009-01-02,2019-06-28
NFX,NFX,0,,
NI,NI,2640,2009-01-02,2019-06-28
NKE,NKE,2640,2009-01-02,2019-06-28
NLSN,NLSN.W^E14,513,2011-02-08,2014-04-29
NOC,NOC,2640,2009-01-02,2019-06-28
NOV,NOV,2640,2009-01-02,2019-06-28
NRG,NRG,2640,2009-01-02,2019-06-28
NSC,NSC,2640,2009-01-02,2019-06-28
NTAP,NTAP.O,2640,2009-01-02,2019-06-28
NTRS,NTRS.O,2640,2009-01-02,2019-06-28
NUE,NUE,2640,2009-01-02,2019-06-28
NVDA,NVDA.O,2640,2009-01-02,2019-06-28
NWL,NWL.O,2640,2009-01-02,2019-06-28
NWSA,NWSA.O,1518,2013-06-19,2019-06-28
O,O,2640,2009-01-02,2019-06-28
OKE,OKE,2640,2009-01-02,2019-06-28
OMC,OMC,2640,2009-01-02,2019-06-28
ORCL,ORCL.K,2640,2009-01-02,2019-06-28
ORLY,ORLY.O,2640,2009-01-02,2019-06-28
OXY,OXY,2640,2009-01-02,2019-06-28
PAYX,PAYX.O,2640,2009-01-02,2019-06-28
PBCT,PBCT.B^J07,0,,
PCAR,PCAR.O,2640,2009-01-02,2019-06-28
PCG,PCG,2640,2009-01-02,2019-06-28
PDCO,PDCO.B^J07,0,,
PEG,PEG,2640,2009-01-02,2019-06-28
PEP,PEP.O,2640,2009-01-02,2019-06-28
PFE,PFE,2640,2009-01-02,2019-06-28
PFG,PFG.O,2640,2009-01-02,2019-06-28
PG,PG,2640,2009-01-02,2019-06-28
PGR,PGR,2640,2009-01-02,2019-06-28
PH,PH,2640,2009-01-02,2019-06-28
PHM,PHM,2640,2009-01-02,2019-06-28
PKG,PKG,2640,2009-01-02,2019-06-28
PKI,PKI.B^J07,0,,
PLD,PLD,2640,2009-01-02,2019-06-28
PM,PM,2640,2009-01-02,2019-06-28
PNC,PNC,2640,2009-01-02,2019-06-28
PNR,PNR,2640,2009-01-02,2019-06-28
PNW,PNW,2640,2009-01-02,2019-06-28
PPG,PPG,2640,2009-01-02,2019-06-28
PPL,PPL,2640,2009-01-02,2019-06-28
PRGO,PRGO.K,2640,2009-01-02,2019-06-28
PRU,PRU,2640,2009-01-02,2019-06-28
PSA,PSA,2640,2009-01-02,2019-06-28
PSX,PSX,1815,2012-04-12,2019-06-28
PVH,PVH,2640,2009-01-02,2019-06-28
PWR,PWR,2640,2009-01-02,2019-06-28
PXD,PXD.PH^B09,0,,
PYPL,PYPL.O,1004,2015-07-06,2019-06-28
QCOM,QCOM.O,2640,2009-01-02,2019-06-28
QRVO,QRVO.O,2640,2009-01-02,2019-06-28
RCL,RCL,2640,2009-01-02,2019-06-28
RE,0RCK8,0,,
REG,REG.O,2640,2009-01-02,2019-06-28
REGN,REGN.O,2639,2009-01-02,2019-06-28
RF,RF,2640,2009-01-02,2019-06-28
RHI,RHI,2640,2009-01-02,2019-06-28
RHT,RHT.PH^B09,0,,
RJF,RJF,2640,2009-01-02,2019-06-28
RL,RL,2640,2009-01-02,2019-06-28
RMD,RMD,2640,2009-01-02,2019-06-28
ROK,ROK,2640,2009-01-02,2019-06-28
ROP,ROP.O,2640,2009-01-02,2019-06-28
ROST,ROST.O,2640,2009-01-02,2019-06-28
RRC,RRC,2640,2009-01-02,2019-06-28
RSG,RSG,2640,2009-01-02,2019-06-28
RTN,RTN.B^J07,0,,
SBAC,SBAC.O,2640,2009-01-02,2019-06-28
SBUX,SBUX.O,2640,2009-01-02,2019-06-28
SCG,SCG.W^E14,763,2009-01-12,2014-04-16
SCHW,SCHW.K,2640,2009-01-02,2019-06-28
SEE,SEE.PH^B09,0,,
SHW,SHW,2640,2009-01-02,2019-06-28
SIG,SIG,2640,2009-01-02,2019-06-28
SJM,SJM,2640,2009-01-02,2019-06-28
SLB,SLB,2640,2009-01-02,2019-06-28
SLG,SLG,2640,2009-01-02,2019-06-28
SNA,SNA,2640,2009-01-02,2019-06-28
SNPS,SNPS.O,2640,2009-01-02,2019-06-28
SO,SO,2640,2009-01-02,2019-06-28
SPG,SPG,2640,2009-01-02,2019-06-28
SPGI,SPGI.K,2639,2009-01-02,2019-06-28
SPX,SPOc1,0,,
SRCL,SRCL.B^J07,0,,
SRE,SRE,2640,2009-01-02,2019-06-28
STI,STI.O,0,,
STT,STT,2640,2009-01-02,2019-06-28
STX,STX.O,2640,2009-01-02,2019-06-28
STZ,STZ,2640,2009-01-02,2019-06-28
SWK,SWK,2640,2009-01-02,2019-06-28
SWKS,SWKS.O,2640,2009-01-02,2019-06-28
SYF,SYF,1237,2014-07-31,2019-06-28
SYK,SYK,2640,2009-01-02,2019-06-28
SYMC,SYMC.B^J07,0,,
SYY,SYY,2640,2009-01-02,2019-06-28
T,T,2640,2009-01-02,2019-06-28
TAP,TAP,2640,2009-01-02,2019-06-28
TDG,TDG,2640,2009-01-02,2019-06-28
TEL,TEL,2640,2009-01-02,2019-06-28
TGT,TGT,2640,2009-01-02,2019-06-28
TIF,TIF.PH^B09,0,,
TJX,TJX,2640,2009-01-02,2019-06-28
TMO,TMO,2640,2009-01-02,2019-06-28
TPR,TPR,2640,2009-01-02,2019-06-28
TRIP,TRIP.O,1901,2011-12-07,2019-06-28
TROW,TROW.O,2640,2009-01-02,2019-06-28
TRV,TRV,2640,2009-01-02,2019-06-28
TSCO,TSCO.O,2640,2009-01-02,2019-06-28
TSN,TSN,2640,2009-01-02,2019-06-28
TSS,TSS.W^E14,726,2009-05-04,2014-04-25
TWX,TWX.N^F18,2379,2009-01-02,2018-06-14
TXN,TXN.O,2640,2009-01-02,2019-06-28
TXT,TXT,2640,2009-01-02,2019-06-28
UAA,UAA,2640,2009-01-02,2019-06-28
UAL,UAL.O,2640,2009-01-02,2019-06-28
UDR,UDR,2640,2009-01-02,2019-06-28
UHS,UHS,2640,2009-01-02,2019-06-28
ULTA,ULTA.O,2640,2009-01-02,2019-06-28
UNH,UNH,2640,2009-01-02,2019-06-28
UNM,UNM,2640,2009-01-02,2019-06-28
UNP,UNP,2640,2009-01-02,2019-06-28
UPS,UPS,2640,2009-01-02,2019-06-28
URI,URI,2640,2009-01-02,2019-06-28
USB,USB,2640,2009-01-02,2019-06-28
UTX,UTX.PH^B09,0,,
V,V,2640,2009-01-02,2019-06-28
VAR,VAR.B^J07,0,,
VFC,VFC,2640,2009-01-02,2019-06-28
VIAB,VIAB.W^E14,587,2010-02-25,2014-04-09
VLO,VLO,2640,2009-01-02,2019-06-28
VMC,VMC,2640,2009-01-02,2019-06-28
VNO,VNO,2640,2009-01-02,2019-06-28
VRSK,VRSK.O,2448,2009-10-07,2019-06-28
VRSN,VRSN.O,2640,2009-01-02,2019-06-28
VRTX,VRTX.O,2638,2009-01-02,2019-06-28
VTR,VTR,2640,2009-01-02,2019-06-28
VZ,VZ,2640,2009-01-02,2019-06-28
WAT,WAT,2640,2009-01-02,2019-06-28
WBA,WBA.AX^B20,2318,2009-01-02,2019-06-28
WDC,WDC.O,2640,2009-01-02,2019-06-28
WEC,WEC,2640,2009-01-02,2019-06-28
WELL,WELL.K,2640,2009-01-02,2019-06-28
WFC,WFC,2640,2009-01-02,2019-06-28
WHR,WHR,2640,2009-01-02,2019-06-28
WLTW,WTW.O,2640,2009-01-02,2019-06-28
WM,WM,2640,2009-01-02,2019-06-28
WMB,WMB,2640,2009-01-02,2019-06-28
WMT,WMT.O,2640,2009-01-02,2019-06-28
WRK,01WRKH3^1,0,,
WU,WU,2640,2009-01-02,2019-06-28
WY,WY,2640,2009-01-02,2019-06-28
WYND,WYNDZ3^1,0,,
WYNN,WYNN.O,2640,2009-01-02,2019-06-28
XEC,XEC.W^E14,855,2009-01-02,2014-04-25
XEL,XEL.O,2640,2009-01-02,2019-06-28
XL,0#XLW+,0,,
XLNX,XLNX.B^J07,0,,
XOM,XOM,2640,2009-01-02,2019-06-28
XRAY,XRAY.O,2640,2009-01-02,2019-06-28
XRX,XRX.O,2640,2009-01-02,2019-06-28
XYL,XYL,1939,2011-10-13,2019-06-28
YUM,YUM,2640,2009-01-02,2019-06-28
ZBH,ZBH,2640,2009-01-02,2019-06-28
ZION,ZION.O,2640,2009-01-02,2019-06-28
ZTS,ZTS,1613,2013-02-01,2019-06-28
