ticker,rows,first_date,last_date,universe_source,status,RIC,DocumentTitle,mapping_status
CDNS,564406,19960104,20190628,raw_options,PENDING_LSEG_RECONCILIATION,CDNS.O,"Cadence Design Systems, Inc., Ordinary Share, NASDAQ Global Select Consolidated",MAPPED
CELG,1895372,19960206,20190628,raw_options,PENDING_LSEG_RECONCILIATION,CELG.B^J07,"Celgene Ord Shs, Ordinary Share, Delisted, Boston SE when trading NASDAQ Global Select Market",MAPPED
CERN,766973,19960104,20190628,raw_options,PENDING_LSEG_RECONCILIATION,CERN.B^J07,"Cerner Ord Shs, Ordinary Share, Delisted, Boston SE when trading NASDAQ Global Select Market",MAPPED
CF,1930823,19960104,20190628,raw_options,PENDING_LSEG_RECONCILIATION,CF,"CF Industries Holdings Inc, Ordinary Share, NYSE Consolidated",MAPPED
CFG,85622,20141002,20190628,raw_options,PENDING_LSEG_RECONCILIATION,CFG,"Citizens Financial Group Inc, Ordinary Share, NYSE Consolidated",MAPPED
CHD,281967,20020610,20190628,raw_options,PENDING_LSEG_RECONCILIATION,CHD,"Church & Dwight Co Inc, Ordinary Share, NYSE Consolidated",MAPPED
CHK,1272185,19960108,20190628,raw_options,PENDING_LSEG_RECONCILIATION,CHK.PH^B09,"Chesapeake Energy Ord Shs, Ordinary Share, Delisted, NASDAQ OMX PSX",MAPPED
CHRW,758487,19980302,20190628,raw_options,PENDING_LSEG_RECONCILIATION,CHRW.O,"C.H. Robinson Worldwide, Inc., Ordinary Share, NASDAQ Global Select Consolidated",MAPPED
CHTR,1289170,20110727,20190628,raw_options,PENDING_LSEG_RECONCILIATION,CHTR.O,"Charter Communications, Inc., Ordinary Share, Class A, NASDAQ Global Select Consolidated",MAPPED
CI,1248713,19960104,20190628,raw_options,PENDING_LSEG_RECONCILIATION,CI,"The Cigna Group, Ordinary Share, NYSE Consolidated",MAPPED
CINF,284942,19960104,20190628,raw_options,PENDING_LSEG_RECONCILIATION,CINF.O,"Cincinnati Financial Corporation, Ordinary Share, NASDAQ Global Select Consolidated",MAPPED
CL,1490399,19960104,20190628,raw_options,PENDING_LSEG_RECONCILIATION,CL,"Colgate-Palmolive Co, Ordinary Share, NYSE Consolidated",MAPPED
CLX,892826,19960104,20190628,raw_options,PENDING_LSEG_RECONCILIATION,CLX,"The Clorox Company, Ordinary Share, NYSE Consolidated",MAPPED
CMA,800244,19960104,20190628,raw_options,PENDING_LSEG_RECONCILIATION,CMA.B^J07,"Comerica Ord Shs, Ordinary Share, Delisted, Boston Stock Exchange Inc",MAPPED
CMCSA,1459915,19960104,20190628,raw_options,PENDING_LSEG_RECONCILIATION,CMCSA.O,"Comcast Corporation, Ordinary Share, Class A, NASDAQ Global Select Consolidated",MAPPED
CME,2191016,20031118,20190628,raw_options,PENDING_LSEG_RECONCILIATION,CME.O,"CME Group Inc., Ordinary Share, Class A, NASDAQ Global Select Consolidated",MAPPED
CMG,3572867,20060203,20190628,raw_options,PENDING_LSEG_RECONCILIATION,CMG,"Chipotle Mexican Grill, Inc., Ordinary Share, NYSE Consolidated",MAPPED
CMI,1850575,19960104,20190628,raw_options,PENDING_LSEG_RECONCILIATION,CMI,"Cummins Inc, Ordinary Share, NYSE Consolidated",MAPPED
CMS,331393,19960104,20190628,raw_options,PENDING_LSEG_RECONCILIATION,CMS,"CMS Energy Corporation, Ordinary Share, NYSE Consolidated",MAPPED
CNC,499191,20041115,20190628,raw_options,PENDING_LSEG_RECONCILIATION,CNC,"Centene Corp, Ordinary Share, NYSE Consolidated",MAPPED
CNP,461994,19960104,20190628,raw_options,PENDING_LSEG_RECONCILIATION,CNP,"CenterPoint Energy, Inc., Ordinary Share, NYSE Consolidated",MAPPED
COF,1729768,19960104,20190628,raw_options,PENDING_LSEG_RECONCILIATION,COF,"Capital One Financial Corp, Ordinary Share, NYSE Consolidated",MAPPED
COG,842161,19980901,20190628,raw_options,PENDING_LSEG_RECONCILIATION,COG.B^J07,"Coterra Energy Ord Shs, Ordinary Share, Delisted, Boston Stock Exchange Inc",MAPPED
COL,383165,20010702,20181126,raw_options,PENDING_LSEG_RECONCILIATION,OCL9SAJ8-J8,"NZNOT, Commodity Spread, New York Mercantile Exchange (NYMEX)",MAPPED
COO,631498,19960104,20190628,raw_options,PENDING_LSEG_RECONCILIATION,COO.O,"The Cooper Companies, Inc., Ordinary Share, NASDAQ Global Select Consolidated",MAPPED
COP,1731808,19960104,20190628,raw_options,PENDING_LSEG_RECONCILIATION,COP,"ConocoPhillips, Ordinary Share, NYSE Consolidated",MAPPED
COST,1801021,19960104,20190628,raw_options,PENDING_LSEG_RECONCILIATION,COST.O,"Costco Wholesale Corp, Ordinary Share, NASDAQ Global Select Consolidated",MAPPED
COTY,516880,20130621,20190628,raw_options,PENDING_LSEG_RECONCILIATION,COTY.K,"Coty Inc, Ordinary Share, Class A, NYSE Consolidated",MAPPED
CPB,875531,19960104,20190628,raw_options,PENDING_LSEG_RECONCILIATION,CPB.O,"Campbell's Co, Ordinary Share, NASDAQ Global Select Consolidated",MAPPED
CRM,1851284,20040722,20190628,raw_options,PENDING_LSEG_RECONCILIATION,CRM,"Salesforce, Inc., Ordinary Share, NYSE Consolidated",MAPPED
CSCO,1955376,19960104,20190628,raw_options,PENDING_LSEG_RECONCILIATION,CSCO.O,"Cisco Systems Inc, Ordinary Share, NASDAQ Global Select Consolidated",MAPPED
CSRA,46012,20151201,20180403,raw_options,PENDING_LSEG_RECONCILIATION,CSRA.K,"Cohen & Steers Real Assets Active ETF, Equity ETF, USD, NYSE Arca Consolidated",MAPPED
CSX,1033757,19960104,20190628,raw_options,PENDING_LSEG_RECONCILIATION,CSX.O,"CSX Corporation, Ordinary Share, NASDAQ Global Select Consolidated",MAPPED
CTAS,487638,19960104,20190628,raw_options,PENDING_LSEG_RECONCILIATION,CTAS.O,"Cintas Corporation, Ordinary Share, NASDAQ Global Select Consolidated",MAPPED
CTL,920534,19960104,20190628,raw_options,PENDING_LSEG_RECONCILIATION,CTL.W^E14,"Lumen Technologies Ord Shs, Ordinary Share, Delisted, Chicago Board Options Exchange",MAPPED
CTSH,1502634,20020408,20190628,raw_options,PENDING_LSEG_RECONCILIATION,CTSH.O,"Cognizant Technology Solutions Corporation, Ordinary Share, Class A, NASDAQ Global Select Consolidated",MAPPED
CTXS,1093221,19960612,20190628,raw_options,PENDING_LSEG_RECONCILIATION,CTXS.B^J07,"Citrix Systems Ord Shs, Ordinary Share, Delisted, Boston SE when trading NASDAQ Global Select Market",MAPPED
CVS,1641485,19960104,20190628,raw_options,PENDING_LSEG_RECONCILIATION,CVS,"CVS Health Corporation, Ordinary Share, NYSE Consolidated",MAPPED
CVX,1891349,19960104,20190628,raw_options,PENDING_LSEG_RECONCILIATION,CVX,"Chevron Corp, Ordinary Share, NYSE Consolidated",MAPPED
CXO,593647,20071025,20190628,raw_options,PENDING_LSEG_RECONCILIATION,CXO.PH^B09,"Concho Resources Ord Shs, Ordinary Share, Delisted, NASDAQ OMX PSX",MAPPED
D,633668,19960104,20190628,raw_options,PENDING_LSEG_RECONCILIATION,D,"Dominion Energy, Inc., Ordinary Share, NYSE Consolidated",MAPPED
DAL,1306590,20070504,20190628,raw_options,PENDING_LSEG_RECONCILIATION,DAL,"Delta Air Lines, Inc., Ordinary Share, NYSE Consolidated",MAPPED
DE,1778482,19960104,20190628,raw_options,PENDING_LSEG_RECONCILIATION,DE,"Deere & Co, Ordinary Share, NYSE Consolidated",MAPPED
DFS,1211933,20070702,20190628,raw_options,PENDING_LSEG_RECONCILIATION,DFS.B^J07,"Discover Financial Services Ord Shs, Ordinary Share, Delisted, Boston Stock Exchange Inc",MAPPED
DG,1418128,19960104,20190628,raw_options,PENDING_LSEG_RECONCILIATION,DG,"Dollar General Corp, Ordinary Share, NYSE Consolidated",MAPPED
DGX,603442,19970122,20190628,raw_options,PENDING_LSEG_RECONCILIATION,DGX,"Quest Diagnostics Inc, Ordinary Share, NYSE Consolidated",MAPPED
DHI,1451543,19970312,20190628,raw_options,PENDING_LSEG_RECONCILIATION,DHI,"D.R. Horton, Inc., Ordinary Share, NYSE Consolidated",MAPPED
DHR,850508,19960104,20190628,raw_options,PENDING_LSEG_RECONCILIATION,DHR,"Danaher Corporation, Ordinary Share, NYSE Consolidated",MAPPED
DIS,1839342,19960104,20190628,raw_options,PENDING_LSEG_RECONCILIATION,DIS,"The Walt Disney Company, Ordinary Share, NYSE Consolidated",MAPPED
DISCA,287553,20050722,20190628,raw_options,PENDING_LSEG_RECONCILIATION,DISCA.B^J07,"Warner Bros. Discovery Ord Shs Series A, Ordinary Share, Delisted, Boston SE when trading NASDAQ Global Select Market",MAPPED
DISCK,204264,20090828,20190628,raw_options,PENDING_LSEG_RECONCILIATION,DISCK.A^H14,"Discovery Ord Shs Series C, Ordinary Share, Delisted, NYSE American when trading NASDAQ Global Select Mkt",MAPPED
DISH,1771859,19960507,20190628,raw_options,PENDING_LSEG_RECONCILIATION,DISH.B^J07,"DISH Network Ord Shs Class A, Ordinary Share, Delisted, Boston SE when trading NASDAQ Global Select Market",MAPPED
DLR,361457,20061127,20190628,raw_options,PENDING_LSEG_RECONCILIATION,DLR,"Digital Realty Trust, Inc., Ordinary Share, NYSE Consolidated",MAPPED
DLTR,1176543,19961023,20190628,raw_options,PENDING_LSEG_RECONCILIATION,DLTR.O,"Dollar Tree Inc, Ordinary Share, NASDAQ Global Select Consolidated",MAPPED
DOV,605958,19960104,20190628,raw_options,PENDING_LSEG_RECONCILIATION,DOV,"Dover Corp, Ordinary Share, NYSE Consolidated",MAPPED
DRE,290161,19980513,20190628,raw_options,PENDING_LSEG_RECONCILIATION,DRE.PH^B09,"Duke Realty REIT Ord Shs, Ordinary Share, Delisted, NASDAQ OMX PSX",MAPPED
DRI,748302,19960104,20190628,raw_options,PENDING_LSEG_RECONCILIATION,DRI,"Darden Restaurants Inc, Ordinary Share, NYSE Consolidated",MAPPED
DTE,382607,19960104,20190628,raw_options,PENDING_LSEG_RECONCILIATION,DTE,"DTE Energy Company, Ordinary Share, NYSE Consolidated",MAPPED
DUK,757776,19960104,20190628,raw_options,PENDING_LSEG_RECONCILIATION,DUK,"Duke Energy Corp, Ordinary Share, NYSE Consolidated",MAPPED
DVA,555326,19971029,20190628,raw_options,PENDING_LSEG_RECONCILIATION,DVA,"DaVita Inc, Ordinary Share, NYSE Consolidated",MAPPED
DVN,1529374,19960509,20190628,raw_options,PENDING_LSEG_RECONCILIATION,DVN,"Devon Energy Corporation, Ordinary Share, NYSE Consolidated",MAPPED
DXC,900013,19960104,20190628,raw_options,PENDING_LSEG_RECONCILIATION,DXC,"DXC Technology Company, Ordinary Share, NYSE Consolidated",MAPPED
EA,1791643,19960104,20190628,raw_options,PENDING_LSEG_RECONCILIATION,EA.W^E14,"Electronic Arts Ord Shs, Ordinary Share, Delisted, CBOE when trading NASDAQ Global Select Market",MAPPED
EBAY,1642807,19990201,20190628,raw_options,PENDING_LSEG_RECONCILIATION,EBAY.O,"eBay Inc., Ordinary Share, NASDAQ Global Select Consolidated",MAPPED
ECL,614646,19960104,20190628,raw_options,PENDING_LSEG_RECONCILIATION,ECL,"Ecolab Inc., Ordinary Share, NYSE Consolidated",MAPPED
ED,788069,19960104,20190628,raw_options,PENDING_LSEG_RECONCILIATION,ED,"Consolidated Edison, Inc., Ordinary Share, NYSE Consolidated",MAPPED
EFX,722327,19960104,20190628,raw_options,PENDING_LSEG_RECONCILIATION,EFX,"Equifax Inc., Ordinary Share, NYSE Consolidated",MAPPED
EIX,583290,19960104,20190628,raw_options,PENDING_LSEG_RECONCILIATION,EIX,"Edison International, Ordinary Share, NYSE Consolidated",MAPPED
EL,700032,19960227,20190628,raw_options,PENDING_LSEG_RECONCILIATION,EL,"Estee Lauder Companies Inc, Ordinary Share, Class A, NYSE Consolidated",MAPPED
EMN,789018,19960104,20190628,raw_options,PENDING_LSEG_RECONCILIATION,EMN,"Eastman Chemical Co, Ordinary Share, NYSE Consolidated",MAPPED
EMR,996311,19960104,20190628,raw_options,PENDING_LSEG_RECONCILIATION,EMR,"Emerson Electric Co, Ordinary Share, NYSE Consolidated",MAPPED
EOG,1815765,19960104,20190628,raw_options,PENDING_LSEG_RECONCILIATION,EOG,"EOG Resources, Inc., Ordinary Share, NYSE Consolidated",MAPPED
EQIX,1013935,20060404,20190628,raw_options,PENDING_LSEG_RECONCILIATION,EQIX.O,"Equinix, Inc., Ordinary Share, NASDAQ Global Select Consolidated",MAPPED
EQR,451011,19970312,20190628,raw_options,PENDING_LSEG_RECONCILIATION,EQR.PH^B09,"Vivmark Residential Ord Shs, Ordinary Share, Delisted, NASDAQ OMX PSX",MAPPED
EQT,501951,19981007,20190628,raw_options,PENDING_LSEG_RECONCILIATION,EQT,"EQT Corporation, Ordinary Share, NYSE Consolidated",MAPPED
ES,284657,19960129,20190628,raw_options,PENDING_LSEG_RECONCILIATION,ESc1,"CME Index and Options Market S&P 500 E-Mini Index Future Continuation Month 1, Stock Index Future, USD, CME:Index and Options Market",MAPPED
ESRX,1630786,19980908,20181220,raw_options,PENDING_LSEG_RECONCILIATION,ESRX.B^J07,"Express Scripts Holding Ord Shs, Ordinary Share, Delisted, Boston SE when trading NASDAQ Global Select Market",MAPPED
ESS,521413,19980219,20190628,raw_options,PENDING_LSEG_RECONCILIATION,ESS,"Essex Property Trust, Inc., Ordinary Share, NYSE Consolidated",MAPPED
ETFC,1312860,19961125,20190628,raw_options,PENDING_LSEG_RECONCILIATION,ETFC.B^J07,"E TRADE Financial Ord Shs, Ordinary Share, Delisted, Boston SE when trading NASDAQ Global Select Market",MAPPED
ETN,1457185,19960104,20190628,raw_options,PENDING_LSEG_RECONCILIATION,ETN,"Eaton Corporation PLC, Ordinary Share, NYSE Consolidated",MAPPED
ETR,643793,19960104,20190628,raw_options,PENDING_LSEG_RECONCILIATION,ETR,"Entergy Corp, Ordinary Share, NYSE Consolidated",MAPPED
EVHC,249783,20010719,20181010,raw_options,PENDING_LSEG_RECONCILIATION,EVHC.W^E14,"Envision Healthcare Holdings Ord Shs, Ordinary Share, Delisted, Chicago Board Options Exchange",MAPPED
EW,1060522,20000403,20190628,raw_options,PENDING_LSEG_RECONCILIATION,EW,"Edwards Lifesciences Corporation, Ordinary Share, NYSE Consolidated",MAPPED
EXC,815081,19960104,20190628,raw_options,PENDING_LSEG_RECONCILIATION,EXC.O,"Exelon Corp, Ordinary Share, NASDAQ Global Select Consolidated",MAPPED
EXPD,645992,19961024,20190628,raw_options,PENDING_LSEG_RECONCILIATION,EXPD.K,"Expeditors International of Washington Inc, Ordinary Share, Class A, NYSE Consolidated",MAPPED
EXPE,1460997,20050810,20190628,raw_options,PENDING_LSEG_RECONCILIATION,EXPE.O,"Expedia Group, Inc., Ordinary Share, NASDAQ Global Select Consolidated",MAPPED
EXR,234409,20080512,20190628,raw_options,PENDING_LSEG_RECONCILIATION,EXR,"Extra Space Storage Inc., Ordinary Share, NYSE Consolidated",MAPPED
F,1519696,19960104,20190628,raw_options,PENDING_LSEG_RECONCILIATION,F,"Ford Motor Co, Ordinary Share, NYSE Consolidated",MAPPED
FAST,812671,19960104,20190628,raw_options,PENDING_LSEG_RECONCILIATION,FAST.O,"Fastenal Company, Ordinary Share, NASDAQ Global Select Consolidated",MAPPED
FB,1877463,20120529,20190628,raw_options,PENDING_LSEG_RECONCILIATION,FB,"ProShares S&P 500 Dynamic Buffer ETF, Equity ETF, USD, Cboe Consolidated",MAPPED
FBHS,172137,20111005,20190628,raw_options,PENDING_LSEG_RECONCILIATION,FBHS.W^E14,"Fortune Brands Innovations Ord Shs, Ordinary Share, Delisted, Chicago Board Options Exchange",MAPPED
FCX,1814832,19960104,20190628,raw_options,PENDING_LSEG_RECONCILIATION,FCX,"Freeport-McMoRan Inc, Ordinary Share, NYSE Consolidated",MAPPED
FDX,1794359,19960104,20190628,raw_options,PENDING_LSEG_RECONCILIATION,FDX,"FedEx Corp, Ordinary Share, NYSE Consolidated",MAPPED
FE,671666,19960104,20190628,raw_options,PENDING_LSEG_RECONCILIATION,FE,"FirstEnergy Corp, Ordinary Share, NYSE Consolidated",MAPPED
FFIV,1662875,19991209,20190628,raw_options,PENDING_LSEG_RECONCILIATION,FFIV.O,"F5, Inc., Ordinary Share, NASDAQ Global Select Consolidated",MAPPED
FIS,437463,20010709,20190628,raw_options,PENDING_LSEG_RECONCILIATION,FIS,"Fidelity National Information Services, Inc., Ordinary Share, NYSE Consolidated",MAPPED
FISV,493053,19960104,20190628,raw_options,PENDING_LSEG_RECONCILIATION,FISV.O,"Fiserv Inc, Ordinary Share, NASDAQ Global Select Consolidated",MAPPED
FITB,753530,19960104,20190628,raw_options,PENDING_LSEG_RECONCILIATION,FITB.K,"Fifth Third Bancorp, Ordinary Share, NYSE Consolidated",MAPPED
FL,890476,19960104,20190628,raw_options,PENDING_LSEG_RECONCILIATION,FLc1,"NYMEX 3.5% Fuel Oil (Platts) FOB MED Crack Spread Electronic Energy Future Continuation 1, Commodity Future, New York Mercantile Exchange (NYMEX)",MAPPED
FLIR,565337,20011008,20190628,raw_options,PENDING_LSEG_RECONCILIATION,FLIR.B^J07,"FLIR Systems Ord Shs, Ordinary Share, Delisted, Boston SE when trading NASDAQ Global Select Market",MAPPED
FLR,1390343,20001222,20190628,raw_options,PENDING_LSEG_RECONCILIATION,FLR,"Fluor Corp, Ordinary Share, NYSE Consolidated",MAPPED
FLS,457665,19960904,20190628,raw_options,PENDING_LSEG_RECONCILIATION,FLS,"Flowserve Corporation, Ordinary Share, NYSE Consolidated",MAPPED
FMC,449509,19960104,20190628,raw_options,PENDING_LSEG_RECONCILIATION,FMC,"FMC Corp, Ordinary Share, NYSE Consolidated",MAPPED
FOXA,41086,20190320,20190628,raw_options,PENDING_LSEG_RECONCILIATION,FOXA.O,"Fox Corporation, Ordinary Share, Class A, NASDAQ Global Select Consolidated",MAPPED
FRT,344311,20080911,20190628,raw_options,PENDING_LSEG_RECONCILIATION,FRT,"Federal Realty Investment Trust, Ordinary Share, NYSE Consolidated",MAPPED
FTI,143876,20170117,20190628,raw_options,PENDING_LSEG_RECONCILIATION,FTI,"TechnipFMC PLC, Ordinary Share, NYSE Consolidated",MAPPED
FTV,183839,20160706,20190628,raw_options,PENDING_LSEG_RECONCILIATION,FTV,"Fortive Corporation, Ordinary Share, NYSE Consolidated",MAPPED
GD,1204712,19960104,20190628,raw_options,PENDING_LSEG_RECONCILIATION,GD,"General Dynamics Corp, Ordinary Share, NYSE Consolidated",MAPPED
GE,1783401,19960104,20190628,raw_options,PENDING_LSEG_RECONCILIATION,GE,"General Electric Co, Ordinary Share, NYSE Consolidated",MAPPED
GILD,2001075,19960104,20190628,raw_options,PENDING_LSEG_RECONCILIATION,GILD.O,"Gilead Sciences, Inc., Ordinary Share, NASDAQ Global Select Consolidated",MAPPED
GIS,751989,19960104,20190628,raw_options,PENDING_LSEG_RECONCILIATION,GIS,"General Mills Inc, Ordinary Share, NYSE Consolidated",MAPPED
GLW,1634049,19960104,20190628,raw_options,PENDING_LSEG_RECONCILIATION,GLW,"Corning Incorporated, Ordinary Share, NYSE Consolidated",MAPPED
GM,1303623,20101129,20190628,raw_options,PENDING_LSEG_RECONCILIATION,GM,"General Motors Co, Ordinary Share, NYSE Consolidated",MAPPED
GOOG,3415085,20140403,20190628,raw_options,PENDING_LSEG_RECONCILIATION,GOOG.O,"Alphabet Inc., Ordinary Share, Class C, NASDAQ Global Select Consolidated",MAPPED
GOOGL,6772887,20040827,20190628,raw_options,PENDING_LSEG_RECONCILIATION,GOOGL.O,"Alphabet Inc., Ordinary Share, Class A, NASDAQ Global Select Consolidated",MAPPED
GPC,589944,19960104,20190628,raw_options,PENDING_LSEG_RECONCILIATION,GPC,"Genuine Parts Co, Ordinary Share, NYSE Consolidated",MAPPED
GPN,373646,20020328,20190628,raw_options,PENDING_LSEG_RECONCILIATION,GPN,"Global Payments Inc, Ordinary Share, NYSE Consolidated",MAPPED
GPS,1590307,19960104,20190628,raw_options,PENDING_LSEG_RECONCILIATION,1GPSZ1m,"GC/PL SPFUT DEC1, Commodity Future, Commodities Exchange Centre (CEC)",MAPPED
GRMN,1085049,20010315,20190628,raw_options,PENDING_LSEG_RECONCILIATION,GRMN.K,"Garmin Ltd., Ordinary Share, NYSE Consolidated",MAPPED
GS,2337096,19990811,20190628,raw_options,PENDING_LSEG_RECONCILIATION,GS,"Goldman Sachs Group Inc, Ordinary Share, NYSE Consolidated",MAPPED
GT,1347024,19960104,20190628,raw_options,PENDING_LSEG_RECONCILIATION,GT.O,"Goodyear Tire & Rubber Co, Ordinary Share, NASDAQ Global Select Consolidated",MAPPED
GWW,990672,19960104,20190628,raw_options,PENDING_LSEG_RECONCILIATION,GWW,"WW Grainger Inc, Ordinary Share, NYSE Consolidated",MAPPED
HAL,1782712,19960104,20190628,raw_options,PENDING_LSEG_RECONCILIATION,HAL,"Halliburton Company, Ordinary Share, NYSE Consolidated",MAPPED
HAS,1130207,19960104,20190628,raw_options,PENDING_LSEG_RECONCILIATION,HAS.O,"Hasbro, Inc., Ordinary Share, NASDAQ Global Select Consolidated",MAPPED
HBAN,482139,19960104,20190628,raw_options,PENDING_LSEG_RECONCILIATION,HBAN.O,"Huntington Bancshares Inc, Ordinary Share, NASDAQ Global Select Consolidated",MAPPED
HBI,358372,20060906,20190628,raw_options,PENDING_LSEG_RECONCILIATION,01HIBQ5,"New York Mercantile Excahnge Henry Hub Combo Electronic Energy Future Aug 2015, Commodity Future, New York Mercantile Exchange (NYMEX)",MAPPED
HCA,1580693,19960104,20190628,raw_options,PENDING_LSEG_RECONCILIATION,HCA,"HCA Healthcare, Inc., Ordinary Share, NYSE Consolidated",MAPPED
HCP,340084,19991105,20190628,raw_options,PENDING_LSEG_RECONCILIATION,HCP.B^J07,"Healthpeak Properties Ord Shs, Ordinary Share, Delisted, Boston Stock Exchange Inc",MAPPED
HD,1940770,19960104,20190628,raw_options,PENDING_LSEG_RECONCILIATION,HD,"The Home Depot, Inc., Ordinary Share, NYSE Consolidated",MAPPED
HES,1784058,19960104,20190628,raw_options,PENDING_LSEG_RECONCILIATION,HES.PH^B09,"Hess Ord Shs, Ordinary Share, Delisted, NASDAQ OMX PSX",MAPPED
HIG,1432927,19960104,20190628,raw_options,PENDING_LSEG_RECONCILIATION,HIG,"The Hartford Insurance Group, Inc., Ordinary Share, NYSE Consolidated",MAPPED
HII,311447,19960104,20190628,raw_options,PENDING_LSEG_RECONCILIATION,HII,"HUNTINGTON INGALLS INDUSTRIES, INC., Ordinary Share, NYSE Consolidated",MAPPED
HLT,536164,19960104,20190628,raw_options,PENDING_LSEG_RECONCILIATION,HLT,"Hilton Worldwide Holdings Inc., Ordinary Share, NYSE Consolidated",MAPPED
HOG,1202903,19960104,20190628,raw_options,PENDING_LSEG_RECONCILIATION,HOG,"Harley-Davidson, Inc., Ordinary Share, NYSE Consolidated",MAPPED
HOLX,716805,19960329,20190628,raw_options,PENDING_LSEG_RECONCILIATION,HOLX.B^J07,"Hologic Ord Shs, Ordinary Share, Delisted, Boston SE when trading NASDAQ Global Select Market",MAPPED
HON,1351393,19960104,20190628,raw_options,PENDING_LSEG_RECONCILIATION,HON.O,"Honeywell International Inc., Ordinary Share, NASDAQ Global Select Consolidated",MAPPED
HP,795930,19960104,20190628,raw_options,PENDING_LSEG_RECONCILIATION,HP,"Helmerich & Payne, Inc., Ordinary Share, NYSE Consolidated",MAPPED
HPE,543522,20151103,20190628,raw_options,PENDING_LSEG_RECONCILIATION,HPE,"Hewlett Packard Enterprise Company, Ordinary Share, NYSE Consolidated",MAPPED
HPQ,1656443,19960104,20190628,raw_options,PENDING_LSEG_RECONCILIATION,HPQ,"HP Inc, Ordinary Share, NYSE Consolidated",MAPPED
HRB,776495,19960104,20190628,raw_options,PENDING_LSEG_RECONCILIATION,HRB,"H & R Block Inc, Ordinary Share, NYSE Consolidated",MAPPED
HRL,461751,19960104,20190628,raw_options,PENDING_LSEG_RECONCILIATION,HRL,"Hormel Foods Corp, Ordinary Share, NYSE Consolidated",MAPPED
HSIC,467161,19960904,20190628,raw_options,PENDING_LSEG_RECONCILIATION,HSIC.O,"Henry Schein, Inc., Ordinary Share, NASDAQ Global Select Consolidated",MAPPED
HST,581885,19960104,20190628,raw_options,PENDING_LSEG_RECONCILIATION,HST.O,"Host Hotels & Resorts, Inc., Ordinary Share, NASDAQ Global Select Consolidated",MAPPED
HSY,1035377,19960104,20190628,raw_options,PENDING_LSEG_RECONCILIATION,HSY,"The Hershey Company, Ordinary Share, NYSE Consolidated",MAPPED
HUM,1781774,19960104,20190628,raw_options,PENDING_LSEG_RECONCILIATION,HUM,"Humana Inc., Ordinary Share, NYSE Consolidated",MAPPED
IBM,2395834,19960104,20190628,raw_options,PENDING_LSEG_RECONCILIATION,IBM,"International Business Machines Corporation, Ordinary Share, NYSE Consolidated",MAPPED
ICE,909714,20051128,20190628,raw_options,PENDING_LSEG_RECONCILIATION,ICE,"Intercontinental Exchange Inc, Ordinary Share, NYSE Consolidated",MAPPED
IDXX,471758,19960104,20190628,raw_options,PENDING_LSEG_RECONCILIATION,IDXX.O,"IDEXX Laboratories, Inc., Ordinary Share, NASDAQ Global Select Consolidated",MAPPED
IFF,444345,19960104,20190628,raw_options,PENDING_LSEG_RECONCILIATION,IFF,"International Flavors & Fragrances Inc., Ordinary Share, NYSE Consolidated",MAPPED
ILMN,1682482,20031218,20190628,raw_options,PENDING_LSEG_RECONCILIATION,ILMN.O,"Illumina Inc, Ordinary Share, NASDAQ Global Select Consolidated",MAPPED
INCY,797680,19960926,20190628,raw_options,PENDING_LSEG_RECONCILIATION,INCY.O,"Incyte Corp, Ordinary Share, NASDAQ Global Select Consolidated",MAPPED
INFO,95160,20140627,20190628,raw_options,PENDING_LSEG_RECONCILIATION,INFO.K,"Harbor PanAgora Dynamic Large Cap Core ETF, Equity ETF, USD, NYSE Consolidated",MAPPED
INTC,1974206,19960104,20190628,raw_options,PENDING_LSEG_RECONCILIATION,INTC.O,"Intel Corp, Ordinary Share, NASDAQ Global Select Consolidated",MAPPED
INTU,957255,19960104,20190628,raw_options,PENDING_LSEG_RECONCILIATION,INTU.O,"Intuit Inc., Ordinary Share, NASDAQ Global Select Consolidated",MAPPED
IP,1485148,19960104,20190628,raw_options,PENDING_LSEG_RECONCILIATION,IP,"International Paper Co, Ordinary Share, NYSE Consolidated",MAPPED
IPG,583316,19960104,20190628,raw_options,PENDING_LSEG_RECONCILIATION,IPG.PH^B09,"Interpublic Group of Companies Ord Shs, Ordinary Share, Delisted, NASDAQ OMX PSX",MAPPED
IPGP,376662,20070425,20190628,raw_options,PENDING_LSEG_RECONCILIATION,IPGP.O,"IPG Photonics Corp, Ordinary Share, NASDAQ Global Select Consolidated",MAPPED
IQV,226223,20130606,20190628,raw_options,PENDING_LSEG_RECONCILIATION,IQV,"IQVIA Holdings Inc., Ordinary Share, NYSE Consolidated",MAPPED
IR,912674,19960104,20190628,raw_options,PENDING_LSEG_RECONCILIATION,IR,"Ingersoll Rand Inc, Ordinary Share, NYSE Consolidated",MAPPED
IRM,495760,19980514,20190628,raw_options,PENDING_LSEG_RECONCILIATION,IRM,"Iron Mountain Inc, Ordinary Share, NYSE Consolidated",MAPPED
ISRG,3533410,20010724,20190628,raw_options,PENDING_LSEG_RECONCILIATION,ISRG.O,"Intuitive Surgical, Inc., Ordinary Share, NASDAQ Global Select Consolidated",MAPPED
IT,360768,19960104,20190628,raw_options,PENDING_LSEG_RECONCILIATION,IT,"Gartner, Inc., Ordinary Share, NYSE Consolidated",MAPPED
ITW,985121,19960104,20190628,raw_options,PENDING_LSEG_RECONCILIATION,ITW,"Illinois Tool Works Inc, Ordinary Share, NYSE Consolidated",MAPPED
IVZ,440221,20070221,20190628,raw_options,PENDING_LSEG_RECONCILIATION,IVZ,"Invesco Ltd, Ordinary Share, NYSE Consolidated",MAPPED
JBHT,476675,19960104,20190628,raw_options,PENDING_LSEG_RECONCILIATION,JBHT.O,"J.B. Hunt Transport Services, Inc., Ordinary Share, NASDAQ Global Select Consolidated",MAPPED
JCI,1154708,19960104,20190628,raw_options,PENDING_LSEG_RECONCILIATION,JCI,"Johnson Controls International PLC, Ordinary Share, NYSE Consolidated",MAPPED
JEC,578964,19990107,20190628,raw_options,PENDING_LSEG_RECONCILIATION,JEC.B^J07,"Jacobs Solutions Ord Shs, Ordinary Share, Delisted, Boston Stock Exchange Inc",MAPPED
JEF,494849,19970604,20190628,raw_options,PENDING_LSEG_RECONCILIATION,JEF,"Jefferies Financial Group Inc, Ordinary Share, NYSE Consolidated",MAPPED
JNJ,1778893,19960104,20190628,raw_options,PENDING_LSEG_RECONCILIATION,JNJ,"Johnson & Johnson, Ordinary Share, NYSE Consolidated",MAPPED
JNPR,1608058,19991007,20190628,raw_options,PENDING_LSEG_RECONCILIATION,JNPR.W^E14,"Juniper Networks Ord Shs, Ordinary Share, Delisted, Chicago Board Options Exchange",MAPPED
JPM,2253051,19960104,20190628,raw_options,PENDING_LSEG_RECONCILIATION,JPM,"JPMorgan Chase & Co, Ordinary Share, NYSE Consolidated",MAPPED
JWN,906390,19960104,20190628,raw_options,PENDING_LSEG_RECONCILIATION,JWN.PH^B09,"Nordstrom Ord Shs, Ordinary Share, Delisted, NASDAQ OMX PSX",MAPPED
K,714059,19960104,20190628,raw_options,PENDING_LSEG_RECONCILIATION,K.B^J07,"Kellanova Ord Shs, Ordinary Share, Delisted, Boston Stock Exchange Inc",MAPPED
KEY,824397,19960104,20190628,raw_options,PENDING_LSEG_RECONCILIATION,KEY,"KeyCorp, Ordinary Share, NYSE Consolidated",MAPPED
KHC,309819,20150707,20190628,raw_options,PENDING_LSEG_RECONCILIATION,KHC.O,"The Kraft Heinz Company, Ordinary Share, NASDAQ Global Select Consolidated",MAPPED
KIM,249109,19980608,20190628,raw_options,PENDING_LSEG_RECONCILIATION,KIM,"Kimco Realty Corp, Ordinary Share, NYSE Consolidated",MAPPED
KLAC,1081974,19960104,20190628,raw_options,PENDING_LSEG_RECONCILIATION,KLAC.O,"KLA Corporation, Ordinary Share, NASDAQ Global Select Consolidated",MAPPED
KMB,1072914,19960104,20190628,raw_options,PENDING_LSEG_RECONCILIATION,KMB.O,"Kimberly-Clark Corporation, Ordinary Share, NASDAQ Global Select Consolidated",MAPPED
KMI,1111329,19970409,20190628,raw_options,PENDING_LSEG_RECONCILIATION,KMI,"Kinder Morgan, Inc., Ordinary Share, NYSE Consolidated",MAPPED
KMX,995511,19970512,20190628,raw_options,PENDING_LSEG_RECONCILIATION,KMX,"Carmax Inc, Ordinary Share, NYSE Consolidated",MAPPED
KO,1681071,19960104,20190628,raw_options,PENDING_LSEG_RECONCILIATION,KO,"Coca-Cola Co, Ordinary Share, NYSE Consolidated",MAPPED
KR,922547,19960104,20190628,raw_options,PENDING_LSEG_RECONCILIATION,KR,"Kroger Co, Ordinary Share, NYSE Consolidated",MAPPED
KSS,1228816,19960104,20190628,raw_options,PENDING_LSEG_RECONCILIATION,KSS,"Kohl's Corporation, Ordinary Share, NYSE Consolidated",MAPPED
KSU,1322117,19960104,20190628,raw_options,PENDING_LSEG_RECONCILIATION,KSU.B^J07,"Kansas City Southern Ord Shs, Ordinary Share, Delisted, Boston Stock Exchange Inc",MAPPED
L,566012,19960104,20190628,raw_options,PENDING_LSEG_RECONCILIATION,L,"Loews Corporation, Ordinary Share, NYSE Consolidated",MAPPED
LB,1154605,19960104,20190628,raw_options,PENDING_LSEG_RECONCILIATION,LB,"LandBridge Company LLC, Ordinary Share, Class A, NYSE Consolidated",MAPPED
LEG,277449,19960104,20190628,raw_options,PENDING_LSEG_RECONCILIATION,LEG.PH^B09,"Leggett & Platt Ord Shs, Ordinary Share, Delisted, NASDAQ OMX PSX",MAPPED
LEN,1002721,19960104,20190628,raw_options,PENDING_LSEG_RECONCILIATION,LEN,"Lennar Corporation, Ordinary Share, Class A, NYSE Consolidated",MAPPED
LH,720131,19960104,20190628,raw_options,PENDING_LSEG_RECONCILIATION,LH,"Labcorp Holdings Inc., Ordinary Share, NYSE Consolidated",MAPPED
LKQ,234192,20071112,20190628,raw_options,PENDING_LSEG_RECONCILIATION,LKQ.O,"LKQ Corp, Ordinary Share, NASDAQ Global Select Consolidated",MAPPED
LLY,1732827,19960104,20190628,raw_options,PENDING_LSEG_RECONCILIATION,LLY,"Eli Lilly and Company, Ordinary Share, NYSE Consolidated",MAPPED
LMT,1532512,19960104,20190628,raw_options,PENDING_LSEG_RECONCILIATION,LMT,"Lockheed Martin Corp, Ordinary Share, NYSE Consolidated",MAPPED
LNC,700498,19960104,20190628,raw_options,PENDING_LSEG_RECONCILIATION,LNC,"Lincoln National Corp, Ordinary Share, NYSE Consolidated",MAPPED
LNT,212962,19960610,20190628,raw_options,PENDING_LSEG_RECONCILIATION,LNT.O,"Alliant Energy Corp, Ordinary Share, NASDAQ Global Select Consolidated",MAPPED
LOW,1445730,19960104,20190628,raw_options,PENDING_LSEG_RECONCILIATION,LOW,"Lowe's Companies Inc, Ordinary Share, NYSE Consolidated",MAPPED
LRCX,1493215,19960104,20190628,raw_options,PENDING_LSEG_RECONCILIATION,LRCX.O,"Lam Research Corporation, Ordinary Share, NASDAQ Global Select Consolidated",MAPPED
LUV,1375699,19960104,20190628,raw_options,PENDING_LSEG_RECONCILIATION,LUV,"Southwest Airlines Co, Ordinary Share, NYSE Consolidated",MAPPED
LYB,990586,20101018,20190628,raw_options,PENDING_LSEG_RECONCILIATION,LYB,"LyondellBasell Industries N.V., Ordinary Share, Class A, NYSE Consolidated",MAPPED
MA,2487737,20060605,20190628,raw_options,PENDING_LSEG_RECONCILIATION,MA,"Mastercard Incorporated, Ordinary Share, Class A, NYSE Consolidated",MAPPED
MAA,337007,20040116,20190628,raw_options,PENDING_LSEG_RECONCILIATION,MAA,"Mid-America Apartment Communities Inc, Ordinary Share, NYSE Consolidated",MAPPED
MAC,361836,20030218,20190628,raw_options,PENDING_LSEG_RECONCILIATION,MAC,"The Macerich Company, Ordinary Share, NYSE Consolidated",MAPPED
MAR,1284770,19970818,20190628,raw_options,PENDING_LSEG_RECONCILIATION,MAR.O,"Marriott International, Inc., Ordinary Share, Class A, NASDAQ Global Select Consolidated",MAPPED
MAS,672039,19960104,20190628,raw_options,PENDING_LSEG_RECONCILIATION,MAS,"Masco Corporation, Ordinary Share, NYSE Consolidated",MAPPED
MAT,1062647,19960104,20190628,raw_options,PENDING_LSEG_RECONCILIATION,MAT.O,"Mattel Inc, Ordinary Share, NASDAQ Global Select Consolidated",MAPPED
MCD,1727092,19960104,20190628,raw_options,PENDING_LSEG_RECONCILIATION,MCD,"McDonald's Corp, Ordinary Share, NYSE Consolidated",MAPPED
MCHP,800440,19960104,20190628,raw_options,PENDING_LSEG_RECONCILIATION,MCHP.O,"Microchip Technology Inc, Ordinary Share, NASDAQ Global Select Consolidated",MAPPED
MCK,1438750,19960104,20190628,raw_options,PENDING_LSEG_RECONCILIATION,MCK,"McKesson Corp, Ordinary Share, NYSE Consolidated",MAPPED
MCO,770771,20000320,20190628,raw_options,PENDING_LSEG_RECONCILIATION,MCO,"Moody's Corporation, Ordinary Share, NYSE Consolidated",MAPPED
MDLZ,1167689,20010627,20190628,raw_options,PENDING_LSEG_RECONCILIATION,MDLZ.O,"Mondelez International Inc, Ordinary Share, Class A, NASDAQ Global Select Consolidated",MAPPED
MDT,1820864,19960104,20190628,raw_options,PENDING_LSEG_RECONCILIATION,MDT,"Medtronic PLC, Ordinary Share, NYSE Consolidated",MAPPED
MET,1551044,19970321,20190628,raw_options,PENDING_LSEG_RECONCILIATION,MET,"MetLife, Inc., Ordinary Share, NYSE Consolidated",MAPPED
MGM,1488983,19960104,20190628,raw_options,PENDING_LSEG_RECONCILIATION,MGM,"MGM Resorts International, Ordinary Share, NYSE Consolidated",MAPPED
MHK,791348,19960104,20190628,raw_options,PENDING_LSEG_RECONCILIATION,MHK,"Mohawk Industries, Inc., Ordinary Share, NYSE Consolidated",MAPPED
MKC,346031,19960104,20190628,raw_options,PENDING_LSEG_RECONCILIATION,MKC,"McCormick & Company, Incorporated, Ordinary Share, NYSE Consolidated",MAPPED
MLM,761284,19970923,20190628,raw_options,PENDING_LSEG_RECONCILIATION,MLM,"Martin Marietta Materials, Inc., Ordinary Share, NYSE Consolidated",MAPPED
MMC,596937,19960104,20190628,raw_options,PENDING_LSEG_RECONCILIATION,0#MCM:,"Intercontinental Exchange MSCI Emerging Market ex China NTR Electronic Index Future Chain Contracts, Equity Future, USD, Intercontinental Exchange US",MAPPED
MMM,1830319,19960104,20190628,raw_options,PENDING_LSEG_RECONCILIATION,MMM,"3M Company, Ordinary Share, NYSE Consolidated",MAPPED
MNST,1309537,20060725,20190628,raw_options,PENDING_LSEG_RECONCILIATION,MNST.O,"Monster Beverage Corporation, Ordinary Share, NASDAQ Global Select Consolidated",MAPPED
MO,1772661,19960104,20190628,raw_options,PENDING_LSEG_RECONCILIATION,MO,"Altria Group Inc, Ordinary Share, NYSE Consolidated",MAPPED
MON,1457458,19960104,20180606,raw_options,PENDING_LSEG_RECONCILIATION,MON.PH^B09,"Monsanto Ord Shs, Ordinary Share, Delisted, NASDAQ OMX PSX",MAPPED
MOS,1562075,19960104,20190628,raw_options,PENDING_LSEG_RECONCILIATION,MOS,"Mosaic Co, Ordinary Share, NYSE Consolidated",MAPPED
MPC,1272026,20110705,20190628,raw_options,PENDING_LSEG_RECONCILIATION,MPC,"Marathon Petroleum Corporation, Ordinary Share, NYSE Consolidated",MAPPED
MRK,1804497,19960104,20190628,raw_options,PENDING_LSEG_RECONCILIATION,MRK,"Merck & Co Inc, Ordinary Share, NYSE Consolidated",MAPPED
MRO,1456879,19960104,20190628,raw_options,PENDING_LSEG_RECONCILIATION,MRO.PH^B09,"Marathon Oil Ord Shs, Ordinary Share, Delisted, NASDAQ OMX PSX",MAPPED
MS,1737928,19960104,20190628,raw_options,PENDING_LSEG_RECONCILIATION,MS,"Morgan Stanley, Ordinary Share, NYSE Consolidated",MAPPED
MSFT,2350128,19960104,20190628,raw_options,PENDING_LSEG_RECONCILIATION,MSFT.O,"Microsoft Corporation, Ordinary Share, NASDAQ Global Select Consolidated",MAPPED
MSI,973196,19960104,20190628,raw_options,PENDING_LSEG_RECONCILIATION,MSI,"Motorola Solutions Inc, Ordinary Share, NYSE Consolidated",MAPPED
MTB,626001,19970818,20190628,raw_options,PENDING_LSEG_RECONCILIATION,MTB,"M&T Bank Corporation, Ordinary Share, NYSE Consolidated",MAPPED
MTD,435609,19980908,20190628,raw_options,PENDING_LSEG_RECONCILIATION,MTD,"Mettler-Toledo International Inc., Ordinary Share, NYSE Consolidated",MAPPED
MU,1863199,19960104,20190628,raw_options,PENDING_LSEG_RECONCILIATION,MU.O,"Micron Technology, Inc., Ordinary Share, NASDAQ Global Select Consolidated",MAPPED
MYL,1226543,19960104,20190628,raw_options,PENDING_LSEG_RECONCILIATION,MYL.TH^L08,"Viatris Ord Shs, Ordinary Share, Delisted, NASDAQ INTERMARKET",MAPPED
NAVI,139815,20000413,20190628,raw_options,PENDING_LSEG_RECONCILIATION,NAVI.O,"Navient Corporation, Ordinary Share, NASDAQ Global Select Consolidated",MAPPED
NBL,772899,19960104,20190628,raw_options,PENDING_LSEG_RECONCILIATION,NBL.PH^B09,"Noble Energy Ord Shs, Ordinary Share, Delisted, NASDAQ OMX PSX",MAPPED
NCLH,225178,20130204,20190628,raw_options,PENDING_LSEG_RECONCILIATION,NCLH.K,"Norwegian Cruise Line Holdings Ltd., Ordinary Share, NYSE Consolidated",MAPPED
NDAQ,609025,20050426,20190628,raw_options,PENDING_LSEG_RECONCILIATION,NDAQ.O,"Nasdaq Inc, Ordinary Share, NASDAQ Global Select Consolidated",MAPPED
NEE,743996,19960104,20190628,raw_options,PENDING_LSEG_RECONCILIATION,NEE,"NextEra Energy, Inc., Ordinary Share, NYSE Consolidated",MAPPED
NEM,1788583,19960104,20190628,raw_options,PENDING_LSEG_RECONCILIATION,NEM,"Newmont Corporation, Ordinary Share, NYSE Consolidated",MAPPED
NFLX,3638234,20021119,20190628,raw_options,PENDING_LSEG_RECONCILIATION,NFLX.O,"Netflix, Inc., Ordinary Share, NASDAQ Global Select Consolidated",MAPPED
NFX,817235,19970214,20190213,raw_options,PENDING_LSEG_RECONCILIATION,NFX,"Corgi NFLX 2x Daily ETF, Equity ETF, USD, Cboe Consolidated",MAPPED
NI,491228,19970127,20190628,raw_options,PENDING_LSEG_RECONCILIATION,NI,"NiSource Inc., Ordinary Share, NYSE Consolidated",MAPPED
NKE,1754328,19960104,20190628,raw_options,PENDING_LSEG_RECONCILIATION,NKE,"NIKE, Inc., Ordinary Share, Class B, NYSE Consolidated",MAPPED
NLSN,335431,20110203,20190628,raw_options,PENDING_LSEG_RECONCILIATION,NLSN.W^E14,"Nielsen Holdings Ord Shs, Ordinary Share, Delisted, Chicago Board Options Exchange",MAPPED
NOC,1471651,19960104,20190628,raw_options,PENDING_LSEG_RECONCILIATION,NOC,"Northrop Grumman Corp, Ordinary Share, NYSE Consolidated",MAPPED
NOV,1598285,19971003,20190628,raw_options,PENDING_LSEG_RECONCILIATION,NOV,"NOV Inc., Ordinary Share, NYSE Consolidated",MAPPED
NRG,907348,20000908,20190628,raw_options,PENDING_LSEG_RECONCILIATION,NRG,"NRG Energy Inc, Ordinary Share, NYSE Consolidated",MAPPED
NSC,1597833,19960104,20190628,raw_options,PENDING_LSEG_RECONCILIATION,NSC,"Norfolk Southern Corp, Ordinary Share, NYSE Consolidated",MAPPED
NTAP,1840776,19961107,20190628,raw_options,PENDING_LSEG_RECONCILIATION,NTAP.O,"NetApp Inc, Ordinary Share, NASDAQ Global Select Consolidated",MAPPED
NTRS,506388,19960104,20190628,raw_options,PENDING_LSEG_RECONCILIATION,NTRS.O,"Northern Trust Corporation, Ordinary Share, NASDAQ Global Select Consolidated",MAPPED
NUE,1623884,19960104,20190628,raw_options,PENDING_LSEG_RECONCILIATION,NUE,"Nucor Corporation, Ordinary Share, NYSE Consolidated",MAPPED
NVDA,2051672,19990728,20190628,raw_options,PENDING_LSEG_RECONCILIATION,NVDA.O,"NVIDIA Corporation, Ordinary Share, NASDAQ Global Select Consolidated",MAPPED
NWL,707339,19960104,20190628,raw_options,PENDING_LSEG_RECONCILIATION,NWL.O,"Newell Brands Inc, Ordinary Share, NASDAQ Global Select Consolidated",MAPPED
NWSA,217994,20130701,20190628,raw_options,PENDING_LSEG_RECONCILIATION,NWSA.O,"News Corporation, Ordinary Share, Class A, NASDAQ Global Select Consolidated",MAPPED
O,288682,20070927,20190628,raw_options,PENDING_LSEG_RECONCILIATION,O,"Realty Income Corporation, Ordinary Share, NYSE Consolidated",MAPPED
OKE,880843,19960104,20190628,raw_options,PENDING_LSEG_RECONCILIATION,OKE,"ONEOK, Inc., Ordinary Share, NYSE Consolidated",MAPPED
OMC,649599,19960104,20190628,raw_options,PENDING_LSEG_RECONCILIATION,OMC,"Omnicom Group Inc, Ordinary Share, NYSE Consolidated",MAPPED
ORCL,1815868,19960104,20190628,raw_options,PENDING_LSEG_RECONCILIATION,ORCL.K,"Oracle Corporation, Ordinary Share, NYSE Consolidated",MAPPED
ORLY,636849,19980202,20190628,raw_options,PENDING_LSEG_RECONCILIATION,ORLY.O,"O'Reilly Automotive, Inc., Ordinary Share, NASDAQ Global Select Consolidated",MAPPED
OXY,1859406,19960104,20190628,raw_options,PENDING_LSEG_RECONCILIATION,OXY,"Occidental Petroleum Corp, Ordinary Share, NYSE Consolidated",MAPPED
PAYX,802621,19960104,20190628,raw_options,PENDING_LSEG_RECONCILIATION,PAYX.O,"Paychex, Inc., Ordinary Share, NASDAQ Global Select Consolidated",MAPPED
PBCT,406620,19960104,20190628,raw_options,PENDING_LSEG_RECONCILIATION,PBCT.B^J07,"Peoples United Financial Ord Shs, Ordinary Share, Delisted, Boston SE when trading NASDAQ Global Select Market",MAPPED
PCAR,905582,19960104,20190628,raw_options,PENDING_LSEG_RECONCILIATION,PCAR.O,"Paccar Inc, Ordinary Share, NASDAQ Global Select Consolidated",MAPPED
PCG,661835,19960104,20190628,raw_options,PENDING_LSEG_RECONCILIATION,PCG,"PG&E Corp, Ordinary Share, NYSE Consolidated",MAPPED
PDCO,545402,19970829,20190628,raw_options,PENDING_LSEG_RECONCILIATION,PDCO.B^J07,"Patterson Companies Ord Shs, Ordinary Share, Delisted, Boston SE when trading NASDAQ Global Select Market",MAPPED
PEG,292601,19960104,20190628,raw_options,PENDING_LSEG_RECONCILIATION,PEG,"Public Service Enterprise Group Incorporated, Ordinary Share, NYSE Consolidated",MAPPED
PEP,1579512,19960104,20190628,raw_options,PENDING_LSEG_RECONCILIATION,PEP.O,"PepsiCo Inc, Ordinary Share, NASDAQ Global Select Consolidated",MAPPED
PFE,1836536,19960104,20190628,raw_options,PENDING_LSEG_RECONCILIATION,PFE,"Pfizer Inc., Ordinary Share, NYSE Consolidated",MAPPED
PFG,515185,20020123,20190628,raw_options,PENDING_LSEG_RECONCILIATION,PFG.O,"Principal Financial Group Inc, Ordinary Share, NASDAQ Global Select Consolidated",MAPPED
PG,1824941,19960104,20190628,raw_options,PENDING_LSEG_RECONCILIATION,PG,"Procter & Gamble Co, Ordinary Share, NYSE Consolidated",MAPPED
PGR,645069,19960104,20190628,raw_options,PENDING_LSEG_RECONCILIATION,PGR,"The Progressive Corporation, Ordinary Share, NYSE Consolidated",MAPPED
PH,718123,19960104,20190628,raw_options,PENDING_LSEG_RECONCILIATION,PH,"Parker-Hannifin Corp, Ordinary Share, NYSE Consolidated",MAPPED
PHM,1323037,19960104,20190628,raw_options,PENDING_LSEG_RECONCILIATION,PHM,"PulteGroup, Inc., Ordinary Share, NYSE Consolidated",MAPPED
PKG,423784,20010709,20190628,raw_options,PENDING_LSEG_RECONCILIATION,PKG,"Packaging Corp of America, Ordinary Share, NYSE Consolidated",MAPPED
PKI,423196,19960104,20190628,raw_options,PENDING_LSEG_RECONCILIATION,PKI.B^J07,"Revvity Ord Shs, Ordinary Share, Delisted, Boston Stock Exchange Inc",MAPPED
PLD,415888,19980513,20190628,raw_options,PENDING_LSEG_RECONCILIATION,PLD,"Prologis, Inc., Ordinary Share, NYSE Consolidated",MAPPED
PM,1395623,20080401,20190628,raw_options,PENDING_LSEG_RECONCILIATION,PM,"Philip Morris International Inc, Ordinary Share, NYSE Consolidated",MAPPED
PNC,1192594,19960104,20190628,raw_options,PENDING_LSEG_RECONCILIATION,PNC,"The PNC Financial Services Group, Inc., Ordinary Share, NYSE Consolidated",MAPPED
PNR,298044,19990611,20190628,raw_options,PENDING_LSEG_RECONCILIATION,PNR,"Pentair PLC, Ordinary Share, NYSE Consolidated",MAPPED
PNW,340313,19960104,20190628,raw_options,PENDING_LSEG_RECONCILIATION,PNW,"Pinnacle West Capital Corporation, Ordinary Share, NYSE Consolidated",MAPPED
PPG,945578,19960104,20190628,raw_options,PENDING_LSEG_RECONCILIATION,PPG,"PPG Industries, Inc., Ordinary Share, NYSE Consolidated",MAPPED
PPL,598262,19960827,20190628,raw_options,PENDING_LSEG_RECONCILIATION,PPL,"PPL Corp, Ordinary Share, NYSE Consolidated",MAPPED
PRGO,1299933,19960104,20190628,raw_options,PENDING_LSEG_RECONCILIATION,PRGO.K,"Perrigo Company PLC, Ordinary Share, NYSE Consolidated",MAPPED
PRU,1024939,20020314,20190628,raw_options,PENDING_LSEG_RECONCILIATION,PRU,"Prudential Financial Inc, Ordinary Share, NYSE Consolidated",MAPPED
PSA,564020,19961224,20190628,raw_options,PENDING_LSEG_RECONCILIATION,PSA,"Public Storage, Ordinary Share, NYSE Consolidated",MAPPED
PSX,1256477,19960104,20190628,raw_options,PENDING_LSEG_RECONCILIATION,PSX,"Phillips 66, Ordinary Share, NYSE Consolidated",MAPPED
PVH,634400,19960104,20190628,raw_options,PENDING_LSEG_RECONCILIATION,PVH,"PVH Corp., Ordinary Share, NYSE Consolidated",MAPPED
PWR,622221,20000511,20190628,raw_options,PENDING_LSEG_RECONCILIATION,PWR,"Quanta Services Inc, Ordinary Share, NYSE Consolidated",MAPPED
PXD,1783154,19960104,20190628,raw_options,PENDING_LSEG_RECONCILIATION,PXD.PH^B09,"Pioneer Natural Resource Ord Shs, Ordinary Share, Delisted, NASDAQ OMX PSX",MAPPED
PYPL,797938,20150720,20190628,raw_options,PENDING_LSEG_RECONCILIATION,PYPL.O,"PayPal Holdings, Inc., Ordinary Share, NASDAQ Global Select Consolidated",MAPPED
QCOM,1978796,19960104,20190628,raw_options,PENDING_LSEG_RECONCILIATION,QCOM.O,"QUALCOMM Incorporated, Ordinary Share, NASDAQ Global Select Consolidated",MAPPED
QRVO,338876,20150102,20190628,raw_options,PENDING_LSEG_RECONCILIATION,QRVO.O,"Qorvo, Inc., Ordinary Share, NASDAQ Global Select Consolidated",MAPPED
RCL,1264702,19960104,20190628,raw_options,PENDING_LSEG_RECONCILIATION,RCL,"Royal Caribbean Cruises Ltd., Ordinary Share, NYSE Consolidated",MAPPED
RE,537256,19960110,20190628,raw_options,PENDING_LSEG_RECONCILIATION,0RCK8,"NYMEX REBCO Electronic Energy Future May 2018, Commodity Future, New York Mercantile Exchange (NYMEX)",MAPPED
REG,288093,20031014,20190628,raw_options,PENDING_LSEG_RECONCILIATION,REG.O,"Regency Centers Corp, Ordinary Share, NASDAQ Global Select Consolidated",MAPPED
REGN,2627032,19960104,20190628,raw_options,PENDING_LSEG_RECONCILIATION,REGN.O,"Regeneron Pharmaceuticals, Inc., Ordinary Share, NASDAQ Global Select Consolidated",MAPPED
RF,584798,19970310,20190628,raw_options,PENDING_LSEG_RECONCILIATION,RF,"Regions Financial Corporation, Ordinary Share, NYSE Consolidated",MAPPED
RHI,315138,19960104,20190628,raw_options,PENDING_LSEG_RECONCILIATION,RHI,"Robert Half Inc, Ordinary Share, NYSE Consolidated",MAPPED
RHT,1348044,20000118,20190628,raw_options,PENDING_LSEG_RECONCILIATION,RHT.PH^B09,"Red Hat Ord Shs, Ordinary Share, Delisted, NASDAQ OMX PSX",MAPPED
RJF,404681,19960104,20190628,raw_options,PENDING_LSEG_RECONCILIATION,RJF,"Raymond James Financial, Inc., Ordinary Share, NYSE Consolidated",MAPPED
RL,1276473,19970919,20190628,raw_options,PENDING_LSEG_RECONCILIATION,RL,"Ralph Lauren Corporation, Ordinary Share, Class A, NYSE Consolidated",MAPPED
RMD,368435,19981124,20190628,raw_options,PENDING_LSEG_RECONCILIATION,RMD,"ResMed Inc., Ordinary Share, NYSE Consolidated",MAPPED
ROK,565063,19960104,20190628,raw_options,PENDING_LSEG_RECONCILIATION,ROK,"Rockwell Automation Inc, Ordinary Share, NYSE Consolidated",MAPPED
ROP,493022,19960311,20190628,raw_options,PENDING_LSEG_RECONCILIATION,ROP.O,"Roper Technologies, Inc., Ordinary Share, NASDAQ Global Select Consolidated",MAPPED
ROST,864727,19960104,20190628,raw_options,PENDING_LSEG_RECONCILIATION,ROST.O,"Ross Stores Inc, Ordinary Share, NASDAQ Global Select Consolidated",MAPPED
RRC,997859,19960509,20190628,raw_options,PENDING_LSEG_RECONCILIATION,RRC,"Range Resources Corporation, Ordinary Share, NYSE Consolidated",MAPPED
RSG,346723,19980716,20190628,raw_options,PENDING_LSEG_RECONCILIATION,RSG,"Republic Services Inc, Ordinary Share, NYSE Consolidated",MAPPED
RTN,1066888,19960104,20190628,raw_options,PENDING_LSEG_RECONCILIATION,RTN.B^J07,"Raytheon Ord Shs, Ordinary Share, Delisted, Boston Stock Exchange Inc",MAPPED
SBAC,433618,20000308,20190628,raw_options,PENDING_LSEG_RECONCILIATION,SBAC.O,"SBA Communications Corp, Ordinary Share, Class A, NASDAQ Global Select Consolidated",MAPPED
SBUX,1523010,19960104,20190628,raw_options,PENDING_LSEG_RECONCILIATION,SBUX.O,"Starbucks Corp, Ordinary Share, NASDAQ Global Select Consolidated",MAPPED
SCG,272811,19960104,20181231,raw_options,PENDING_LSEG_RECONCILIATION,SCG.W^E14,"SCANA Ord Shs, Ordinary Share, Delisted, Chicago Board Options Exchange",MAPPED
SCHW,1271233,19960104,20190628,raw_options,PENDING_LSEG_RECONCILIATION,SCHW.K,"The Charles Schwab Corporation, Ordinary Share, NYSE Consolidated",MAPPED
SEE,664342,19960104,20190628,raw_options,PENDING_LSEG_RECONCILIATION,SEE.PH^B09,"Sealed Air Ord Shs, Ordinary Share, Delisted, NASDAQ OMX PSX",MAPPED
SHW,974567,19960104,20190628,raw_options,PENDING_LSEG_RECONCILIATION,SHW,"Sherwin-Williams Co, Ordinary Share, NYSE Consolidated",MAPPED
SIG,495895,20090716,20190628,raw_options,PENDING_LSEG_RECONCILIATION,SIG,"Signet Jewelers Limited, Ordinary Share, NYSE Consolidated",MAPPED
SJM,454168,20020610,20190628,raw_options,PENDING_LSEG_RECONCILIATION,SJM,"The J. M. Smucker Company, Ordinary Share, NYSE Consolidated",MAPPED
SLB,2056926,19960104,20190628,raw_options,PENDING_LSEG_RECONCILIATION,SLB,"SLB N.V., Ordinary Share, NYSE Consolidated",MAPPED
SLG,380176,20070130,20190628,raw_options,PENDING_LSEG_RECONCILIATION,SLG,"SL Green Realty Corp, Ordinary Share, NYSE Consolidated",MAPPED
SNA,423645,19960104,20190628,raw_options,PENDING_LSEG_RECONCILIATION,SNA,"Snap-On Inc, Ordinary Share, NYSE Consolidated",MAPPED
SNPS,380726,19960104,20190628,raw_options,PENDING_LSEG_RECONCILIATION,SNPS.O,"Synopsys, Inc., Ordinary Share, NASDAQ Global Select Consolidated",MAPPED
SO,881029,19960104,20190628,raw_options,PENDING_LSEG_RECONCILIATION,SO,"Southern Co, Ordinary Share, NYSE Consolidated",MAPPED
SPG,963590,19960104,20190628,raw_options,PENDING_LSEG_RECONCILIATION,SPG,"Simon Property Group Inc, Ordinary Share, NYSE Consolidated",MAPPED
SPGI,961809,19960104,20190628,raw_options,PENDING_LSEG_RECONCILIATION,SPGI.K,"S&P Global Inc., Ordinary Share, NYSE Consolidated",MAPPED
SPX,17369353,19960104,20190628,raw_options,PENDING_LSEG_RECONCILIATION,SPOc1,"CME 3 Month Eurodollar Synthetic Interest Rate Calender Spread Future Continuation 1, Interest Rate Future, USD, CME:International Monetary Market",MAPPED
SRCL,483474,19990309,20190628,raw_options,PENDING_LSEG_RECONCILIATION,SRCL.B^J07,"Stericycle Ord Shs, Ordinary Share, Delisted, Boston SE when trading NASDAQ Global Select Market",MAPPED
SRE,438633,19960104,20190628,raw_options,PENDING_LSEG_RECONCILIATION,SRE,"Sempra, Ordinary Share, NYSE Consolidated",MAPPED
STI,850616,19960104,20190628,raw_options,PENDING_LSEG_RECONCILIATION,STI.O,"Solidion Technology, Inc, Ordinary Share, NASDAQ Capital Market Consolidated",MAPPED
STT,1021671,19960104,20190628,raw_options,PENDING_LSEG_RECONCILIATION,STT,"State Street Corporation, Ordinary Share, NYSE Consolidated",MAPPED
STX,1570064,20030121,20190628,raw_options,PENDING_LSEG_RECONCILIATION,STX.O,"Seagate Technology Holdings PLC, Ordinary Share, NASDAQ Global Select Consolidated",MAPPED
STZ,914553,19960104,20190628,raw_options,PENDING_LSEG_RECONCILIATION,STZ,"Constellation Brands, Inc., Ordinary Share, Class A, NYSE Consolidated",MAPPED
SWK,956259,19960104,20190628,raw_options,PENDING_LSEG_RECONCILIATION,SWK,"Stanley Black & Decker Inc, Ordinary Share, NYSE Consolidated",MAPPED
SWKS,1675195,19961009,20190628,raw_options,PENDING_LSEG_RECONCILIATION,SWKS.O,"Skyworks Solutions, Inc., Ordinary Share, NASDAQ Global Select Consolidated",MAPPED
SYF,696624,20140812,20190628,raw_options,PENDING_LSEG_RECONCILIATION,SYF,"Synchrony Financial, Ordinary Share, NYSE Consolidated",MAPPED
SYK,787591,19960104,20190628,raw_options,PENDING_LSEG_RECONCILIATION,SYK,"Stryker Corporation, Ordinary Share, NYSE Consolidated",MAPPED
SYMC,1171481,19960104,20190628,raw_options,PENDING_LSEG_RECONCILIATION,SYMC.B^J07,"Gen Digital Ord Shs, Ordinary Share, Delisted, Boston SE when trading NASDAQ Global Select Market",MAPPED
SYY,893773,19960104,20190628,raw_options,PENDING_LSEG_RECONCILIATION,SYY,"Sysco Corporation, Ordinary Share, NYSE Consolidated",MAPPED
T,2199291,19960104,20190628,raw_options,PENDING_LSEG_RECONCILIATION,T,"AT&T Inc., Ordinary Share, NYSE Consolidated",MAPPED
TAP,1128876,19960104,20190628,raw_options,PENDING_LSEG_RECONCILIATION,TAP,"Molson Coors Beverage Company, Ordinary Share, Class B, NYSE Consolidated",MAPPED
TDG,627345,20070503,20190628,raw_options,PENDING_LSEG_RECONCILIATION,TDG,"TransDigm Group Incorporated, Ordinary Share, NYSE Consolidated",MAPPED
TEL,249999,20070702,20190628,raw_options,PENDING_LSEG_RECONCILIATION,TEL,"TE Connectivity PLC, Ordinary Share, NYSE Consolidated",MAPPED
TGT,1649618,19960104,20190628,raw_options,PENDING_LSEG_RECONCILIATION,TGT,"Target Corp, Ordinary Share, NYSE Consolidated",MAPPED
TIF,1543596,19960104,20190628,raw_options,PENDING_LSEG_RECONCILIATION,TIF.PH^B09,"Tiffany Ord Shs, Ordinary Share, Delisted, NASDAQ OMX PSX",MAPPED
TJX,707828,19960104,20190628,raw_options,PENDING_LSEG_RECONCILIATION,TJX,"The TJX Companies, Inc., Ordinary Share, NYSE Consolidated",MAPPED
TMO,663874,19960104,20190628,raw_options,PENDING_LSEG_RECONCILIATION,TMO,"Thermo Fisher Scientific Inc, Ordinary Share, NYSE Consolidated",MAPPED
TPR,1512906,20001030,20190628,raw_options,PENDING_LSEG_RECONCILIATION,TPR,"Tapestry, Inc., Ordinary Share, NYSE Consolidated",MAPPED
TRIP,1282248,20111222,20190628,raw_options,PENDING_LSEG_RECONCILIATION,TRIP.O,"TripAdvisor, Inc., Ordinary Share, NASDAQ Global Select Consolidated",MAPPED
TROW,623777,19960104,20190628,raw_options,PENDING_LSEG_RECONCILIATION,TROW.O,"T. Rowe Price Group, Inc., Ordinary Share, NASDAQ Global Select Consolidated",MAPPED
TRV,712753,19960104,20190628,raw_options,PENDING_LSEG_RECONCILIATION,TRV,"The Travelers Companies, Inc., Ordinary Share, NYSE Consolidated",MAPPED
TSCO,731384,20020823,20190628,raw_options,PENDING_LSEG_RECONCILIATION,TSCO.O,"Tractor Supply Company, Ordinary Share, NASDAQ Global Select Consolidated",MAPPED
TSN,1142923,19960104,20190628,raw_options,PENDING_LSEG_RECONCILIATION,TSN,"Tyson Foods Inc, Ordinary Share, Class A, NYSE Consolidated",MAPPED
TSS,315993,19960718,20190628,raw_options,PENDING_LSEG_RECONCILIATION,TSS.W^E14,"Total System Services Ord Shs, Ordinary Share, Delisted, Chicago Board Options Exchange",MAPPED
TWX,1994963,19960104,20180614,raw_options,PENDING_LSEG_RECONCILIATION,TWX.N^F18,"Time Warner Ord Shs, Ordinary Share, Delisted, New York Stock Exchange",MAPPED
TXN,1742777,19960104,20190628,raw_options,PENDING_LSEG_RECONCILIATION,TXN.O,"Texas Instruments Inc, Ordinary Share, NASDAQ Global Select Consolidated",MAPPED
TXT,837331,19960104,20190628,raw_options,PENDING_LSEG_RECONCILIATION,TXT,"Textron Inc, Ordinary Share, NYSE Consolidated",MAPPED
UAA,1331237,20051130,20190628,raw_options,PENDING_LSEG_RECONCILIATION,UAA,"Under Armour Inc, Ordinary Share, Class A, NYSE Consolidated",MAPPED
UAL,1465174,20060210,20190628,raw_options,PENDING_LSEG_RECONCILIATION,UAL.O,"United Airlines Holdings, Inc., Ordinary Share, NASDAQ Global Select Consolidated",MAPPED
UDR,220648,19980608,20190628,raw_options,PENDING_LSEG_RECONCILIATION,UDR,"UDR, Inc., Ordinary Share, NYSE Consolidated",MAPPED
UHS,460959,19960104,20190628,raw_options,PENDING_LSEG_RECONCILIATION,UHS,"Universal Health Services Inc, Ordinary Share, Class B, NYSE Consolidated",MAPPED
ULTA,1220392,20071109,20190628,raw_options,PENDING_LSEG_RECONCILIATION,ULTA.O,"Ulta Beauty Inc, Ordinary Share, NASDAQ Global Select Consolidated",MAPPED
UNH,1881026,19960104,20190628,raw_options,PENDING_LSEG_RECONCILIATION,UNH,"UnitedHealth Group Inc, Ordinary Share, NYSE Consolidated",MAPPED
UNM,554560,19960104,20190628,raw_options,PENDING_LSEG_RECONCILIATION,UNM,"Unum Group, Ordinary Share, NYSE Consolidated",MAPPED
UNP,1907674,19960104,20190628,raw_options,PENDING_LSEG_RECONCILIATION,UNP,"Union Pacific Corporation, Ordinary Share, NYSE Consolidated",MAPPED
UPS,1517449,20000217,20190628,raw_options,PENDING_LSEG_RECONCILIATION,UPS,"United Parcel Service Inc, Ordinary Share, Class B, NYSE Consolidated",MAPPED
URI,1714188,19980730,20190628,raw_options,PENDING_LSEG_RECONCILIATION,URI,"United Rentals, Inc., Ordinary Share, NYSE Consolidated",MAPPED
USB,1644280,19960104,20190628,raw_options,PENDING_LSEG_RECONCILIATION,USB,"U.S. Bancorp, Ordinary Share, NYSE Consolidated",MAPPED
UTX,1851883,19960104,20190628,raw_options,PENDING_LSEG_RECONCILIATION,UTX.PH^B09,"RTX Ord Shs, Ordinary Share, Delisted, NASDAQ OMX PSX",MAPPED
V,1855809,19960104,20190628,raw_options,PENDING_LSEG_RECONCILIATION,V,"Visa Inc., Ordinary Share, Class A, NYSE Consolidated",MAPPED
VAR,501680,19960104,20190628,raw_options,PENDING_LSEG_RECONCILIATION,VAR.B^J07,"Varian Medical Systems Ord Shs, Ordinary Share, Delisted, Boston Stock Exchange Inc",MAPPED
VFC,876256,19960104,20190628,raw_options,PENDING_LSEG_RECONCILIATION,VFC,"VF Corp, Ordinary Share, NYSE Consolidated",MAPPED
VIAB,1103862,20060103,20190628,raw_options,PENDING_LSEG_RECONCILIATION,VIAB.W^E14,"Viacom Ord Shs Class B, Ordinary Share, Delisted, CBOE when trading NASDAQ Global Select Market",MAPPED
VLO,1886819,19960104,20190628,raw_options,PENDING_LSEG_RECONCILIATION,VLO,"Valero Energy Corp, Ordinary Share, NYSE Consolidated",MAPPED
VMC,898054,19980715,20190628,raw_options,PENDING_LSEG_RECONCILIATION,VMC,"Vulcan Materials Co, Ordinary Share, NYSE Consolidated",MAPPED
VNO,556508,19971217,20190628,raw_options,PENDING_LSEG_RECONCILIATION,VNO,"Vornado Realty Trust, Ordinary Share, NYSE Consolidated",MAPPED
VRSK,236832,20091015,20190628,raw_options,PENDING_LSEG_RECONCILIATION,VRSK.O,"Verisk Analytics, Inc., Ordinary Share, NASDAQ Global Select Consolidated",MAPPED
VRSN,1066575,19980805,20190628,raw_options,PENDING_LSEG_RECONCILIATION,VRSN.O,"VeriSign, Inc., Ordinary Share, NASDAQ Global Select Consolidated",MAPPED
VRTX,2005413,19960104,20190628,raw_options,PENDING_LSEG_RECONCILIATION,VRTX.O,"Vertex Pharmaceuticals Incorporated, Ordinary Share, NASDAQ Global Select Consolidated",MAPPED
VTR,333164,19971124,20190628,raw_options,PENDING_LSEG_RECONCILIATION,VTR,"Ventas, Inc., Ordinary Share, NYSE Consolidated",MAPPED
VZ,1891703,19960104,20190628,raw_options,PENDING_LSEG_RECONCILIATION,VZ,"Verizon Communications Inc, Ordinary Share, NYSE Consolidated",MAPPED
WAT,610676,19960223,20190628,raw_options,PENDING_LSEG_RECONCILIATION,WAT,"Waters Corp, Ordinary Share, NYSE Consolidated",MAPPED
WBA,1706046,19960104,20190628,raw_options,PENDING_LSEG_RECONCILIATION,WBA.AX^B20,"Webster Ord Shs, Ordinary Share, Delisted, Australian Stock Exchange Ltd",MAPPED
WDC,1719454,19960104,20190628,raw_options,PENDING_LSEG_RECONCILIATION,WDC.O,"Western Digital Corp, Ordinary Share, NASDAQ Global Select Consolidated",MAPPED
WEC,271522,19970602,20190628,raw_options,PENDING_LSEG_RECONCILIATION,WEC,"WEC Energy Group, Inc., Ordinary Share, NYSE Consolidated",MAPPED
WELL,506920,19980715,20190628,raw_options,PENDING_LSEG_RECONCILIATION,WELL.K,"Welltower Inc., Ordinary Share, NYSE Consolidated",MAPPED
WFC,1760019,19960104,20190628,raw_options,PENDING_LSEG_RECONCILIATION,WFC,"Wells Fargo & Co, Ordinary Share, NYSE Consolidated",MAPPED
WHR,1544392,19960104,20190628,raw_options,PENDING_LSEG_RECONCILIATION,WHR,"Whirlpool Corporation, Ordinary Share, NYSE Consolidated",MAPPED
WLTW,301343,20011004,20190628,raw_options,PENDING_LSEG_RECONCILIATION,WTW.O,"Willis Towers Watson Public Limited Company, Ordinary Share, NASDAQ Global Select Consolidated",MAPPED_LEGACY_TICKER
WM,830350,19960104,20190628,raw_options,PENDING_LSEG_RECONCILIATION,WM,"Waste Management Inc, Ordinary Share, NYSE Consolidated",MAPPED
WMB,1718380,19960104,20190628,raw_options,PENDING_LSEG_RECONCILIATION,WMB,"The Williams Companies, Inc., Ordinary Share, NYSE Consolidated",MAPPED
WMT,1856590,19960104,20190628,raw_options,PENDING_LSEG_RECONCILIATION,WMT.O,"Walmart Inc, Ordinary Share, NASDAQ Global Select Consolidated",MAPPED
WRK,139035,20150707,20190628,raw_options,PENDING_LSEG_RECONCILIATION,01WRKH3^1,"CME Dallas-FortWorth Airport May Rainfall Strip Electronic Future Mar 2013, Commodity Future, CME:Index and Options Market",MAPPED
WU,517481,20061002,20190628,raw_options,PENDING_LSEG_RECONCILIATION,WU,"The Western Union Company, Ordinary Share, NYSE Consolidated",MAPPED
WY,1329767,19960104,20190628,raw_options,PENDING_LSEG_RECONCILIATION,WY,"Weyerhaeuser Company, Ordinary Share, NYSE Consolidated",MAPPED
WYND,609688,20060801,20190628,raw_options,PENDING_LSEG_RECONCILIATION,WYNDZ3^1,"South African Futures Exchange Wyndham Worldwide Corporation Equity Dividend Future Dec 2013, Equity Future, 0 ZAR 13-Dec-2013, South African Futures Exchange",MAPPED
WYNN,2312106,20030203,20190628,raw_options,PENDING_LSEG_RECONCILIATION,WYNN.O,"Wynn Resorts, Limited, Ordinary Share, NASDAQ Global Select Consolidated",MAPPED
XEC,607324,20021002,20190628,raw_options,PENDING_LSEG_RECONCILIATION,XEC.W^E14,"Cimarex Energy Ord Shs, Ordinary Share, Delisted, Chicago Board Options Exchange",MAPPED
XEL,319876,19970527,20190628,raw_options,PENDING_LSEG_RECONCILIATION,XEL.O,"Xcel Energy Inc, Ordinary Share, NASDAQ Global Select Consolidated",MAPPED
XL,686453,19970609,20180911,raw_options,PENDING_LSEG_RECONCILIATION,0#XLW+,"NYMEX Crude Oil Thursday Weekly Electronic Energy Option Chain Contracts, Commodity Cash Option, New York Mercantile Exchange (NYMEX)",MAPPED
XLNX,1540512,19960104,20190628,raw_options,PENDING_LSEG_RECONCILIATION,XLNX.B^J07,"Xilinx Ord Shs, Ordinary Share, Delisted, Boston SE when trading NASDAQ Global Select Market",MAPPED
XOM,1929840,19960104,20190628,raw_options,PENDING_LSEG_RECONCILIATION,XOM,"Exxonmobil Holdings Corp, Ordinary Share, NYSE Consolidated",MAPPED
XRAY,366028,19960104,20190628,raw_options,PENDING_LSEG_RECONCILIATION,XRAY.O,"DENTSPLY SIRONA Inc., Ordinary Share, NASDAQ Global Select Consolidated",MAPPED
XRX,802853,19960104,20190628,raw_options,PENDING_LSEG_RECONCILIATION,XRX.O,"Xerox Holdings Corp, Ordinary Share, NASDAQ Global Select Consolidated",MAPPED
XYL,158272,20111101,20190628,raw_options,PENDING_LSEG_RECONCILIATION,XYL,"Xylem Inc, Ordinary Share, NYSE Consolidated",MAPPED
YUM,1512429,19971007,20190628,raw_options,PENDING_LSEG_RECONCILIATION,YUM,"Yum! Brands, Inc., Ordinary Share, NYSE Consolidated",MAPPED
ZBH,587772,20010807,20190628,raw_options,PENDING_LSEG_RECONCILIATION,ZBH,"Zimmer Biomet Holdings, Inc., Ordinary Share, NYSE Consolidated",MAPPED
ZION,810205,19970603,20190628,raw_options,PENDING_LSEG_RECONCILIATION,ZION.O,"Zions Bancorporation, National Association, Ordinary Share, NASDAQ Global Select Consolidated",MAPPED
ZTS,1059261,20130219,20190628,raw_options,PENDING_LSEG_RECONCILIATION,ZTS,"Zoetis Inc, Ordinary Share, Class A, NYSE Consolidated",MAPPED
