ticker,input_ric,instrument_id,organization_id,historical_rics,historical_ric_count,identity_change_flag,delisted_flag,legacy_ticker_flag,likely_corporate_action_flag,treatment,notes
CDNS,CDNS.O,8590924408.0,,CDN.N;CDNS.OQ,2,True,False,False,True,KEEP_HISTORICAL_ENTITY,
CELG,CELG.B^J07,8590941448.0,,CELG.OQ,1,True,True,False,True,KEEP_HISTORICAL_ENTITY,Expired/delisted or historical RIC detected; retain historical entity for sample validation
CERN,CERN.B^J07,8590937215.0,,CERN.OQ,1,True,True,False,True,KEEP_HISTORICAL_ENTITY,Expired/delisted or historical RIC detected; retain historical entity for sample validation
CF,CF,8590932260.0,,CF.N,1,True,False,False,False,KEEP_HISTORICAL_ENTITY,
CFG,CFG,21519861835.0,,IPO-CFG.N;CFG.N,2,True,False,False,True,KEEP_HISTORICAL_ENTITY,
CHD,CHD,8590943794.0,,CHD.N,1,True,False,False,False,KEEP_HISTORICAL_ENTITY,
CHK,CHK.PH^B09,8590933380.0,,0HWL.L,1,True,True,False,True,KEEP_HISTORICAL_ENTITY,Expired/delisted or historical RIC detected; retain historical entity for sample validation
CHRW,CHRW.O,8590933299.0,,CHRW.OQ;CHRWD.OQ,2,True,False,False,True,KEEP_HISTORICAL_ENTITY,
CHTR,CHTR.O,21478822935.0,,CHTR.OQ,1,True,False,False,False,KEEP_HISTORICAL_ENTITY,
CI,CI,8590926501.0,,CI.N,1,True,False,False,False,KEEP_HISTORICAL_ENTITY,
CINF,CINF.O,8590939521.0,,CINF.OQ,1,True,False,False,False,KEEP_HISTORICAL_ENTITY,
CL,CL,8590926557.0,,CL.N,1,True,False,False,False,KEEP_HISTORICAL_ENTITY,
CLX,CLX,8590932077.0,,CLX.N,1,True,False,False,False,KEEP_HISTORICAL_ENTITY,
CMA,CMA.B^J07,8590920443.0,,CMA.N,1,True,True,False,True,KEEP_HISTORICAL_ENTITY,Expired/delisted or historical RIC detected; retain historical entity for sample validation
CMCSA,CMCSA.O,8590935592.0,,CMCSA.OQ,1,True,False,False,False,KEEP_HISTORICAL_ENTITY,
CME,CME.O,8590932391.0,,CME.N;CME.OQ,2,True,False,False,True,KEEP_HISTORICAL_ENTITY,
CMG,CMG,8590932703.0,,CMG.N,1,True,False,False,False,KEEP_HISTORICAL_ENTITY,
CMI,CMI,8590942323.0,,CUM.N;CMI.N,2,True,False,False,True,KEEP_HISTORICAL_ENTITY,
CMS,CMS,8590942673.0,,CMS.N,1,True,False,False,False,KEEP_HISTORICAL_ENTITY,
CNC,CNC,8590939728.0,,CNTE.OQ;CNC.N,2,True,False,False,True,KEEP_HISTORICAL_ENTITY,
CNP,CNP,8590924211.0,,CNP.N,1,True,False,False,False,KEEP_HISTORICAL_ENTITY,
COF,COF,8590924744.0,,COF.N,1,True,False,False,False,KEEP_HISTORICAL_ENTITY,
COG,COG.B^J07,8590933415.0,,COG.N,1,True,True,False,True,KEEP_HISTORICAL_ENTITY,Expired/delisted or historical RIC detected; retain historical entity for sample validation
COL,OCL9SAJ8-J8,21835830431.0,,,0,False,False,False,False,KEEP_HISTORICAL_ENTITY,
COO,COO.O,8590926965.0,,COO.N,1,True,False,False,False,KEEP_HISTORICAL_ENTITY,
COP,COP,8590935634.0,,COP.N,1,True,False,False,False,KEEP_HISTORICAL_ENTITY,
COST,COST.O,8590926423.0,,COST.OQ,1,True,False,False,False,KEEP_HISTORICAL_ENTITY,
COTY,COTY.K,21524347433.0,,COTY.N,1,True,False,False,False,KEEP_HISTORICAL_ENTITY,
CPB,CPB.O,8590938673.0,,CPB.N,1,True,False,False,False,KEEP_HISTORICAL_ENTITY,
CRM,CRM,8590926819.0,,CRM.N,1,True,False,False,False,KEEP_HISTORICAL_ENTITY,
CSCO,CSCO.O,8590925492.0,,CSCO.OQ,1,True,False,False,False,KEEP_HISTORICAL_ENTITY,
CSRA,CSRA.K,18040307495.0,,,0,False,False,False,False,KEEP_HISTORICAL_ENTITY,
CSX,CSX.O,8590928878.0,,CSX.N;CSX.OQ,2,True,False,False,True,KEEP_HISTORICAL_ENTITY,
CTAS,CTAS.O,8590938962.0,,CTAS.OQ,1,True,False,False,False,KEEP_HISTORICAL_ENTITY,
CTL,CTL.W^E14,8590940462.0,,CTL.N,1,True,True,False,True,KEEP_HISTORICAL_ENTITY,Expired/delisted or historical RIC detected; retain historical entity for sample validation
CTSH,CTSH.O,8590933508.0,,CTSH.OQ,1,True,False,False,False,KEEP_HISTORICAL_ENTITY,
CTXS,CTXS.B^J07,8590935723.0,,CTXS.OQ,1,True,True,False,True,KEEP_HISTORICAL_ENTITY,Expired/delisted or historical RIC detected; retain historical entity for sample validation
CVS,CVS,8590932192.0,,CVS.N,1,True,False,False,False,KEEP_HISTORICAL_ENTITY,
CVX,CVX,8590937481.0,,CVX.N,1,True,False,False,False,KEEP_HISTORICAL_ENTITY,
CXO,CXO.PH^B09,8590927082.0,,CXO.N,1,True,True,False,True,KEEP_HISTORICAL_ENTITY,Expired/delisted or historical RIC detected; retain historical entity for sample validation
D,D,8590941608.0,,D.N,1,True,False,False,False,KEEP_HISTORICAL_ENTITY,
DAL,DAL,8590930210.0,,DAL_w.N;DAL.N,2,True,False,False,True,KEEP_HISTORICAL_ENTITY,
DE,DE,8590943048.0,,DE.N,1,True,False,False,False,KEEP_HISTORICAL_ENTITY,
DFS,DFS.B^J07,8590936065.0,,DFS_w.N;DFS.N,2,True,True,False,True,KEEP_HISTORICAL_ENTITY,Expired/delisted or historical RIC detected; retain historical entity for sample validation
DG,DG,8591366262.0,,DG.N,1,True,False,False,False,KEEP_HISTORICAL_ENTITY,
DGX,DGX,8590930929.0,,DGX.N,1,True,False,False,False,KEEP_HISTORICAL_ENTITY,
DHI,DHI,8590933248.0,,DHI.N,1,True,False,False,False,KEEP_HISTORICAL_ENTITY,
DHR,DHR,8590920087.0,,DHR.N,1,True,False,False,False,KEEP_HISTORICAL_ENTITY,
DIS,DIS,8590927799.0,,DIS.N,1,True,False,False,False,KEEP_HISTORICAL_ENTITY,
DISCA,DISCA.B^J07,8590931373.0,,DISCA.OQ;DISAD.OQ,2,True,True,False,True,KEEP_HISTORICAL_ENTITY,Expired/delisted or historical RIC detected; retain historical entity for sample validation
DISCK,DISCK.A^H14,8591051510.0,,DISCK.OQ,1,True,True,False,True,KEEP_HISTORICAL_ENTITY,Expired/delisted or historical RIC detected; retain historical entity for sample validation
DISH,DISH.B^J07,8590922883.0,,DISH.OQ,1,True,True,False,True,KEEP_HISTORICAL_ENTITY,Expired/delisted or historical RIC detected; retain historical entity for sample validation
DLR,DLR,8590925941.0,,DLR.N,1,True,False,False,False,KEEP_HISTORICAL_ENTITY,
DLTR,DLTR.O,8590929461.0,,DLTR.OQ,1,True,False,False,False,KEEP_HISTORICAL_ENTITY,
DOV,DOV,8590920021.0,,DOV.N,1,True,False,False,False,KEEP_HISTORICAL_ENTITY,
DRE,DRE.PH^B09,8590943312.0,,DRE.N,1,True,True,False,True,KEEP_HISTORICAL_ENTITY,Expired/delisted or historical RIC detected; retain historical entity for sample validation
DRI,DRI,8590930614.0,,DRI.N,1,True,False,False,False,KEEP_HISTORICAL_ENTITY,
DTE,DTE,8590940641.0,,DTE.N,1,True,False,False,False,KEEP_HISTORICAL_ENTITY,
DUK,DUK,8590930773.0,,DUK.N,1,True,False,False,False,KEEP_HISTORICAL_ENTITY,
DVA,DVA,8590932921.0,,DVA.N,1,True,False,False,False,KEEP_HISTORICAL_ENTITY,
DVN,DVN,8590922082.0,,DVN.A;DVN.N,2,True,False,False,True,KEEP_HISTORICAL_ENTITY,
DXC,DXC,8590943332.0,,CSC.N;DXC.N,2,True,False,False,True,KEEP_HISTORICAL_ENTITY,
EA,EA.W^E14,8590925359.0,,ERTS.OQ;EA.OQ,2,True,True,False,True,KEEP_HISTORICAL_ENTITY,Expired/delisted or historical RIC detected; retain historical entity for sample validation
EBAY,EBAY.O,8590919920.0,,EBAY.OQ,1,True,False,False,False,KEEP_HISTORICAL_ENTITY,
ECL,ECL,8590937744.0,,ECL.N,1,True,False,False,False,KEEP_HISTORICAL_ENTITY,
ED,ED,8590926534.0,,ED.N,1,True,False,False,False,KEEP_HISTORICAL_ENTITY,
EFX,EFX,8590932157.0,,EFX.N,1,True,False,False,False,KEEP_HISTORICAL_ENTITY,
EIX,EIX,8590943184.0,,EIX.N,1,True,False,False,False,KEEP_HISTORICAL_ENTITY,
EL,EL,8590941672.0,,EL.N,1,True,False,False,False,KEEP_HISTORICAL_ENTITY,
EMN,EMN,8590925752.0,,EMN.N,1,True,False,False,False,KEEP_HISTORICAL_ENTITY,
EMR,EMR,8590942507.0,,EMR.N,1,True,False,False,False,KEEP_HISTORICAL_ENTITY,
EOG,EOG,8590941254.0,,EOG.N,1,True,False,False,False,KEEP_HISTORICAL_ENTITY,
EQIX,EQIX.O,8590922532.0,,EQIX.OQ,1,True,False,False,False,KEEP_HISTORICAL_ENTITY,
EQR,EQR.PH^B09,8590930720.0,,EQR.N,1,True,True,False,True,KEEP_HISTORICAL_ENTITY,Expired/delisted or historical RIC detected; retain historical entity for sample validation
EQT,EQT,8590936265.0,,EQT.N,1,True,False,False,False,KEEP_HISTORICAL_ENTITY,
ES,ESc1,21672325606.0,,,0,False,False,False,False,KEEP_HISTORICAL_ENTITY,
ESRX,ESRX.B^J07,8590943562.0,,ESRX.OQ;ESRX.OQ^L18,2,True,True,False,True,KEEP_HISTORICAL_ENTITY,Expired/delisted or historical RIC detected; retain historical entity for sample validation
ESS,ESS,8590935565.0,,ESS.N,1,True,False,False,False,KEEP_HISTORICAL_ENTITY,
ETFC,ETFC.B^J07,8590934037.0,,ET.N;ETFC.OQ;ETFCD.OQ,3,True,True,False,True,KEEP_HISTORICAL_ENTITY,Expired/delisted or historical RIC detected; retain historical entity for sample validation
ETN,ETN,8590940139.0,,ETN.N,1,True,False,False,False,KEEP_HISTORICAL_ENTITY,
ETR,ETR,8590939422.0,,ETR.N,1,True,False,False,False,KEEP_HISTORICAL_ENTITY,
EVHC,EVHC.W^E14,21525008001.0,,IPO-EVH;EVHC.K;EVHC.K^L16,3,True,True,False,True,KEEP_HISTORICAL_ENTITY,Expired/delisted or historical RIC detected; retain historical entity for sample validation
EW,EW,8590930375.0,,EW.N,1,True,False,False,False,KEEP_HISTORICAL_ENTITY,
EXC,EXC.O,8590919944.0,,EXC.N,1,True,False,False,False,KEEP_HISTORICAL_ENTITY,
EXPD,EXPD.K,8590932614.0,,EXPD.OQ,1,True,False,False,False,KEEP_HISTORICAL_ENTITY,
EXPE,EXPE.O,8590934610.0,,EXPEV.OQ;EXPE.OQ,2,True,False,False,True,KEEP_HISTORICAL_ENTITY,
EXR,EXR,8590931695.0,,EXR.N,1,True,False,False,False,KEEP_HISTORICAL_ENTITY,
F,F,8590927344.0,,F.N,1,True,False,False,False,KEEP_HISTORICAL_ENTITY,
FAST,FAST.O,8590920326.0,,FAST.OQ,1,True,False,False,False,KEEP_HISTORICAL_ENTITY,
FB,FB,18040303962.0,,,0,False,False,False,False,KEEP_HISTORICAL_ENTITY,
FBHS,FBHS.W^E14,21475902241.0,,FBHS_w.N;FBHS.N,2,True,True,False,True,KEEP_HISTORICAL_ENTITY,Expired/delisted or historical RIC detected; retain historical entity for sample validation
FCX,FCX,8590924442.0,,FCX.N,1,True,False,False,False,KEEP_HISTORICAL_ENTITY,
FDX,FDX,8590940535.0,,FDX.N,1,True,False,False,False,KEEP_HISTORICAL_ENTITY,
FE,FE,8590931898.0,,FE.N,1,True,False,False,False,KEEP_HISTORICAL_ENTITY,
FFIV,FFIV.O,8590920939.0,,FFIV.OQ,1,True,False,False,False,KEEP_HISTORICAL_ENTITY,
FIS,FIS,8590943338.0,,CEY.N;FIS.N,2,True,False,False,True,KEEP_HISTORICAL_ENTITY,
FISV,FISV.O,8590929105.0,,FISV.OQ,1,True,False,False,False,KEEP_HISTORICAL_ENTITY,
FITB,FITB.K,8590929019.0,,FITB.OQ,1,True,False,False,False,KEEP_HISTORICAL_ENTITY,
FL,FLc1,21825125482.0,,,0,False,False,False,False,KEEP_HISTORICAL_ENTITY,
FLIR,FLIR.B^J07,8590923434.0,,FLIR.OQ,1,True,True,False,True,KEEP_HISTORICAL_ENTITY,Expired/delisted or historical RIC detected; retain historical entity for sample validation
FLR,FLR,8590942586.0,,FLR.N,1,True,False,False,False,KEEP_HISTORICAL_ENTITY,
FLS,FLS,8590943814.0,,FLS.N,1,True,False,False,False,KEEP_HISTORICAL_ENTITY,
FMC,FMC,8590932272.0,,FMC.N,1,True,False,False,False,KEEP_HISTORICAL_ENTITY,
FOXA,FOXA.O,25727381061.0,,FOXAV.OQ;FOXA.OQ,2,True,False,False,True,KEEP_HISTORICAL_ENTITY,
FRT,FRT,8590941730.0,,FRT.N,1,True,False,False,False,KEEP_HISTORICAL_ENTITY,
FTI,FTI,21605141577.0,,FTI.N,1,True,False,False,False,KEEP_HISTORICAL_ENTITY,
FTV,FTV,21588441414.0,,FTV_w.N;FTV.N,2,True,False,False,True,KEEP_HISTORICAL_ENTITY,
GD,GD,8590928888.0,,GD.N,1,True,False,False,False,KEEP_HISTORICAL_ENTITY,
GE,GE,8590942041.0,,GE.N,1,True,False,False,False,KEEP_HISTORICAL_ENTITY,
GILD,GILD.O,8590943500.0,,GILD.OQ,1,True,False,False,False,KEEP_HISTORICAL_ENTITY,
GIS,GIS,8590933269.0,,GIS.N,1,True,False,False,False,KEEP_HISTORICAL_ENTITY,
GLW,GLW,8590935083.0,,GLW.N,1,True,False,False,False,KEEP_HISTORICAL_ENTITY,
GM,GM,21475029760.0,,GM.N,1,True,False,False,False,KEEP_HISTORICAL_ENTITY,
GOOG,GOOG.O,21538366476.0,,GOOCV.OQ;GOOG.OQ,2,True,False,False,True,KEEP_HISTORICAL_ENTITY,
GOOGL,GOOGL.O,8590925559.0,,GOOG.OQ;GOOGL.OQ,2,True,False,False,True,KEEP_HISTORICAL_ENTITY,
GPC,GPC,8590943280.0,,GPC.N,1,True,False,False,False,KEEP_HISTORICAL_ENTITY,
GPN,GPN,8590940339.0,,GPN.N,1,True,False,False,False,KEEP_HISTORICAL_ENTITY,
GPS,1GPSZ1m,21848383697.0,,,0,False,False,False,False,KEEP_HISTORICAL_ENTITY,
GRMN,GRMN.K,8590943622.0,,GRMN.OQ,1,True,False,False,False,KEEP_HISTORICAL_ENTITY,
GS,GS,8590942442.0,,GS.N,1,True,False,False,False,KEEP_HISTORICAL_ENTITY,
GT,GT.O,8590931629.0,,GT.N;GT.OQ,2,True,False,False,True,KEEP_HISTORICAL_ENTITY,
GWW,GWW,8590937469.0,,GWW.N,1,True,False,False,False,KEEP_HISTORICAL_ENTITY,
HAL,HAL,8590930194.0,,HAL.N,1,True,False,False,False,KEEP_HISTORICAL_ENTITY,
HAS,HAS.O,8590939322.0,,HAS.N;HAS.OQ,2,True,False,False,True,KEEP_HISTORICAL_ENTITY,
HBAN,HBAN.O,8590927532.0,,HBAN.OQ,1,True,False,False,False,KEEP_HISTORICAL_ENTITY,
HBI,01HIBQ5,21828662358.0,,,0,False,False,False,False,KEEP_HISTORICAL_ENTITY,
HCA,HCA,21475752423.0,,HCA.N,1,True,False,False,False,KEEP_HISTORICAL_ENTITY,
HCP,HCP.B^J07,8590922900.0,,HCP.N,1,True,True,False,True,KEEP_HISTORICAL_ENTITY,Expired/delisted or historical RIC detected; retain historical entity for sample validation
HD,HD,8590925665.0,,HD.N,1,True,False,False,False,KEEP_HISTORICAL_ENTITY,
HES,HES.PH^B09,8590922193.0,,AHC.N;HES.N,2,True,True,False,True,KEEP_HISTORICAL_ENTITY,Expired/delisted or historical RIC detected; retain historical entity for sample validation
HIG,HIG,8590941149.0,,HIG.N,1,True,False,False,False,KEEP_HISTORICAL_ENTITY,
HII,HII,21475789382.0,,HII_w.N;HII.N,2,True,False,False,True,KEEP_HISTORICAL_ENTITY,
HLT,HLT,21529510964.0,,HLT.N,1,True,False,False,False,KEEP_HISTORICAL_ENTITY,
HOG,HOG,8590929636.0,,HDI.N;HOG.N,2,True,False,False,True,KEEP_HISTORICAL_ENTITY,
HOLX,HOLX.B^J07,8590933130.0,,HOLX.OQ,1,True,True,False,True,KEEP_HISTORICAL_ENTITY,Expired/delisted or historical RIC detected; retain historical entity for sample validation
HON,HON.O,8590935517.0,,HON.N,1,True,False,False,False,KEEP_HISTORICAL_ENTITY,
HP,HP,8590931772.0,,HP.N,1,True,False,False,False,KEEP_HISTORICAL_ENTITY,
HPE,HPE,21573826933.0,,HPE_w.N;HPE.N,2,True,False,False,True,KEEP_HISTORICAL_ENTITY,
HPQ,HPQ,8590926177.0,,HPQ.N,1,True,False,False,False,KEEP_HISTORICAL_ENTITY,
HRB,HRB,8590928560.0,,HRB.N,1,True,False,False,False,KEEP_HISTORICAL_ENTITY,
HRL,HRL,8590933822.0,,HRL.N,1,True,False,False,False,KEEP_HISTORICAL_ENTITY,
HSIC,HSIC.O,8590931645.0,,HSIC.OQ,1,True,False,False,False,KEEP_HISTORICAL_ENTITY,
HST,HST.O,8590929798.0,,HMT.N;HST.N,2,True,False,False,True,KEEP_HISTORICAL_ENTITY,
HSY,HSY,8590927363.0,,HSY.N,1,True,False,False,False,KEEP_HISTORICAL_ENTITY,
HUM,HUM,8590929348.0,,HUM.N,1,True,False,False,False,KEEP_HISTORICAL_ENTITY,
IBM,IBM,8590927768.0,,IBM.N,1,True,False,False,False,KEEP_HISTORICAL_ENTITY,
ICE,ICE,8590919695.0,,ICE.N,1,True,False,False,False,KEEP_HISTORICAL_ENTITY,
IDXX,IDXX.O,8590941770.0,,IDXX.OQ,1,True,False,False,False,KEEP_HISTORICAL_ENTITY,
IFF,IFF,8590943307.0,,IFF.N,1,True,False,False,False,KEEP_HISTORICAL_ENTITY,
ILMN,ILMN.O,8590932338.0,,ILMN.OQ,1,True,False,False,False,KEEP_HISTORICAL_ENTITY,
INCY,INCY.O,8590927197.0,,INCY.OQ,1,True,False,False,False,KEEP_HISTORICAL_ENTITY,
INFO,INFO.K,18040302505.0,,,0,False,False,False,False,KEEP_HISTORICAL_ENTITY,
INTC,INTC.O,8590927847.0,,INTC.OQ,1,True,False,False,False,KEEP_HISTORICAL_ENTITY,
INTU,INTU.O,8590926231.0,,INTU.OQ,1,True,False,False,False,KEEP_HISTORICAL_ENTITY,
IP,IP,8590931669.0,,IP.N,1,True,False,False,False,KEEP_HISTORICAL_ENTITY,
IPG,IPG.PH^B09,8590920171.0,,IPG.N,1,True,True,False,True,KEEP_HISTORICAL_ENTITY,Expired/delisted or historical RIC detected; retain historical entity for sample validation
IPGP,IPGP.O,8590937626.0,,IPGP.OQ,1,True,False,False,False,KEEP_HISTORICAL_ENTITY,
IQV,IQV,21519452836.0,,Q.N;IQV.N,2,True,False,False,True,KEEP_HISTORICAL_ENTITY,
IR,IR,21612250250.0,,GDI.N,1,True,False,False,False,KEEP_HISTORICAL_ENTITY,
IRM,IRM,8590924557.0,,IRM.N,1,True,False,False,False,KEEP_HISTORICAL_ENTITY,
ISRG,ISRG.O,8590938471.0,,ISRG.OQ;ISRGD.OQ,2,True,False,False,True,KEEP_HISTORICAL_ENTITY,
IT,IT,8590922691.0,,IT.N,1,True,False,False,False,KEEP_HISTORICAL_ENTITY,
ITW,ITW,8590941206.0,,ITW.N,1,True,False,False,False,KEEP_HISTORICAL_ENTITY,
IVZ,IVZ,8590924926.0,,AVZ.N;IVZ.N,2,True,False,False,True,KEEP_HISTORICAL_ENTITY,
JBHT,JBHT.O,8590934294.0,,JBHT.OQ,1,True,False,False,False,KEEP_HISTORICAL_ENTITY,
JCI,JCI,8590923047.0,,TYC.N;JCI.N,2,True,False,False,True,KEEP_HISTORICAL_ENTITY,
JEC,JEC.B^J07,8590928788.0,,JEC.N,1,True,True,False,True,KEEP_HISTORICAL_ENTITY,Expired/delisted or historical RIC detected; retain historical entity for sample validation
JEF,JEF,8590932665.0,,LUK.N;JEF.N,2,True,False,False,True,KEEP_HISTORICAL_ENTITY,
JNJ,JNJ,8590923462.0,,JNJ.N,1,True,False,False,False,KEEP_HISTORICAL_ENTITY,
JNPR,JNPR.W^E14,8590922040.0,,JNPR.OQ;JNPR.N,2,True,True,False,True,KEEP_HISTORICAL_ENTITY,Expired/delisted or historical RIC detected; retain historical entity for sample validation
JPM,JPM,8590935416.0,,JPM.N,1,True,False,False,False,KEEP_HISTORICAL_ENTITY,
JWN,JWN.PH^B09,8590943967.0,,JWN.N,1,True,True,False,True,KEEP_HISTORICAL_ENTITY,Expired/delisted or historical RIC detected; retain historical entity for sample validation
K,K.B^J07,8590930662.0,,K.N,1,True,True,False,True,KEEP_HISTORICAL_ENTITY,Expired/delisted or historical RIC detected; retain historical entity for sample validation
KEY,KEY,8590935327.0,,KEY.N,1,True,False,False,False,KEEP_HISTORICAL_ENTITY,
KHC,KHC.O,21566906309.0,,KHC.OQ,1,True,False,False,False,KEEP_HISTORICAL_ENTITY,
KIM,KIM,8590937121.0,,KIM.N,1,True,False,False,False,KEEP_HISTORICAL_ENTITY,
KLAC,KLAC.O,8590942124.0,,KLAC.OQ,1,True,False,False,False,KEEP_HISTORICAL_ENTITY,
KMB,KMB.O,8590920512.0,,KMB.N,1,True,False,False,False,KEEP_HISTORICAL_ENTITY,
KMI,KMI,21475147580.0,,KMI.N,1,True,False,False,False,KEEP_HISTORICAL_ENTITY,
KMX,KMX,8590943099.0,,KMX.N,1,True,False,False,False,KEEP_HISTORICAL_ENTITY,
KO,KO,8590941073.0,,KO.N,1,True,False,False,False,KEEP_HISTORICAL_ENTITY,
KR,KR,8590932158.0,,KR.N,1,True,False,False,False,KEEP_HISTORICAL_ENTITY,
KSS,KSS,8590933741.0,,KSS.N,1,True,False,False,False,KEEP_HISTORICAL_ENTITY,
KSU,KSU.B^J07,8590920327.0,,KSU.N,1,True,True,False,True,KEEP_HISTORICAL_ENTITY,Expired/delisted or historical RIC detected; retain historical entity for sample validation
L,L,8590921044.0,,LTR.N;L.N,2,True,False,False,True,KEEP_HISTORICAL_ENTITY,
LB,LB,232848940358.0,,,0,False,False,False,False,KEEP_HISTORICAL_ENTITY,
LEG,LEG.PH^B09,8590937493.0,,LEG.N,1,True,True,False,True,KEEP_HISTORICAL_ENTITY,Expired/delisted or historical RIC detected; retain historical entity for sample validation
LEN,LEN,8590920235.0,,LEN.N,1,True,False,False,False,KEEP_HISTORICAL_ENTITY,
LH,LH,8590925535.0,,LH.N,1,True,False,False,False,KEEP_HISTORICAL_ENTITY,
LKQ,LKQ.O,8590922915.0,,LKQX.OQ;LKQ.OQ,2,True,False,False,True,KEEP_HISTORICAL_ENTITY,
LLY,LLY,8590943610.0,,LLY.N,1,True,False,False,False,KEEP_HISTORICAL_ENTITY,
LMT,LMT,8590933196.0,,LMT.N,1,True,False,False,False,KEEP_HISTORICAL_ENTITY,
LNC,LNC,8590938671.0,,LNC.N,1,True,False,False,False,KEEP_HISTORICAL_ENTITY,
LNT,LNT.O,8590934693.0,,LNT.N;LNT.OQ,2,True,False,False,True,KEEP_HISTORICAL_ENTITY,
LOW,LOW,8590926020.0,,LOW.N,1,True,False,False,False,KEEP_HISTORICAL_ENTITY,
LRCX,LRCX.O,8590940996.0,,LRCX.OQ,1,True,False,False,False,KEEP_HISTORICAL_ENTITY,
LUV,LUV,8590936854.0,,LUV.N,1,True,False,False,False,KEEP_HISTORICAL_ENTITY,
LYB,LYB,21474990880.0,,LYB.N,1,True,False,False,False,KEEP_HISTORICAL_ENTITY,
MA,MA,8590938634.0,,MA.N,1,True,False,False,False,KEEP_HISTORICAL_ENTITY,
MAA,MAA,8590943138.0,,MAA.N,1,True,False,False,False,KEEP_HISTORICAL_ENTITY,
MAC,MAC,8590935321.0,,MAC.N,1,True,False,False,False,KEEP_HISTORICAL_ENTITY,
MAR,MAR.O,8590942394.0,,MAR.N;MAR.OQ,2,True,False,False,True,KEEP_HISTORICAL_ENTITY,
MAS,MAS,8590941656.0,,MAS.N,1,True,False,False,False,KEEP_HISTORICAL_ENTITY,
MAT,MAT.O,8590931914.0,,MAT.N;MAT.OQ,2,True,False,False,True,KEEP_HISTORICAL_ENTITY,
MCD,MCD,8590933966.0,,MCD.N,1,True,False,False,False,KEEP_HISTORICAL_ENTITY,
MCHP,MCHP.O,8590940856.0,,MCHP.OQ,1,True,False,False,False,KEEP_HISTORICAL_ENTITY,
MCK,MCK,8590924393.0,,MCK.N,1,True,False,False,False,KEEP_HISTORICAL_ENTITY,
MCO,MCO,8590933587.0,,MCO.N,1,True,False,False,False,KEEP_HISTORICAL_ENTITY,
MDLZ,MDLZ.O,8590924768.0,,KFT.N;KFT.OQ;MDLZ.OQ,3,True,False,False,True,KEEP_HISTORICAL_ENTITY,
MDT,MDT,8590939637.0,,MDT.N,1,True,False,False,False,KEEP_HISTORICAL_ENTITY,
MET,MET,8590934962.0,,MET.N,1,True,False,False,False,KEEP_HISTORICAL_ENTITY,
MGM,MGM,8590942275.0,,MGG.N;MGM.N,2,True,False,False,True,KEEP_HISTORICAL_ENTITY,
MHK,MHK,8590938090.0,,MHK.N,1,True,False,False,False,KEEP_HISTORICAL_ENTITY,
MKC,MKC,8590920790.0,,MKC.N,1,True,False,False,False,KEEP_HISTORICAL_ENTITY,
MLM,MLM,8590938260.0,,MLM.N,1,True,False,False,False,KEEP_HISTORICAL_ENTITY,
MMC,0#MCM:,,,,0,False,False,False,False,UNRESOLVED,
MMM,MMM,8590922160.0,,MMM.N,1,True,False,False,False,KEEP_HISTORICAL_ENTITY,
MNST,MNST.O,8590926396.0,,HANS.OQ;MNST.OQ,2,True,False,False,True,KEEP_HISTORICAL_ENTITY,
MO,MO,8590939103.0,,MO.N,1,True,False,False,False,KEEP_HISTORICAL_ENTITY,
MON,MON.PH^B09,8590932583.0,,MON.N;MON.N^F18,2,True,True,False,True,KEEP_HISTORICAL_ENTITY,Expired/delisted or historical RIC detected; retain historical entity for sample validation
MOS,MOS,8590930094.0,,MOS.N,1,True,False,False,False,KEEP_HISTORICAL_ENTITY,
MPC,MPC,21475853855.0,,MPC_w.N;MPC.N,2,True,False,False,True,KEEP_HISTORICAL_ENTITY,
MRK,MRK,8590923036.0,,MRK.N,1,True,False,False,False,KEEP_HISTORICAL_ENTITY,
MRO,MRO.PH^B09,8590937648.0,,MRO.N,1,True,True,False,True,KEEP_HISTORICAL_ENTITY,Expired/delisted or historical RIC detected; retain historical entity for sample validation
MS,MS,8590935312.0,,MWD.N;MS.N,2,True,False,False,True,KEEP_HISTORICAL_ENTITY,
MSFT,MSFT.O,8590921450.0,,MSFT.OQ,1,True,False,False,False,KEEP_HISTORICAL_ENTITY,
MSI,MSI,8590929095.0,,MOT.N;MSI.N,2,True,False,False,True,KEEP_HISTORICAL_ENTITY,
MTB,MTB,8590935817.0,,MTB.N,1,True,False,False,False,KEEP_HISTORICAL_ENTITY,
MTD,MTD,8590931163.0,,MTD.N,1,True,False,False,False,KEEP_HISTORICAL_ENTITY,
MU,MU.O,8590931992.0,,MU.N;MU.OQ,2,True,False,False,True,KEEP_HISTORICAL_ENTITY,
MYL,MYL.TH^L08,8590922168.0,,MYL.N;MYL.OQ,2,True,True,False,True,KEEP_HISTORICAL_ENTITY,Expired/delisted or historical RIC detected; retain historical entity for sample validation
NAVI,NAVI.O,21540287800.0,,NAVIV.OQ;NAVI.OQ,2,True,False,False,True,KEEP_HISTORICAL_ENTITY,
NBL,NBL.PH^B09,8590935692.0,,NBL.N,1,True,True,False,True,KEEP_HISTORICAL_ENTITY,Expired/delisted or historical RIC detected; retain historical entity for sample validation
NCLH,NCLH.K,21475872704.0,,NCLH.OQ;NCLH.N,2,True,False,False,True,KEEP_HISTORICAL_ENTITY,
NDAQ,NDAQ.O,8590921690.0,,NDAQ.OQ,1,True,False,False,False,KEEP_HISTORICAL_ENTITY,
NEE,NEE,8590924291.0,,FPL.N;NEE.N,2,True,False,False,True,KEEP_HISTORICAL_ENTITY,
NEM,NEM,8590922510.0,,NEM.N,1,True,False,False,False,KEEP_HISTORICAL_ENTITY,
NFLX,NFLX.O,8590938832.0,,NFLX.OQ,1,True,False,False,False,KEEP_HISTORICAL_ENTITY,
NFX,NFX,18040307257.0,,,0,False,False,False,False,KEEP_HISTORICAL_ENTITY,
NI,NI,8590928932.0,,NI.N,1,True,False,False,False,KEEP_HISTORICAL_ENTITY,
NKE,NKE,8590932796.0,,NKE.N,1,True,False,False,False,KEEP_HISTORICAL_ENTITY,
NLSN,NLSN.W^E14,21475753402.0,,NLSN.N,1,True,True,False,True,KEEP_HISTORICAL_ENTITY,Expired/delisted or historical RIC detected; retain historical entity for sample validation
NOC,NOC,8590933517.0,,NOC.N,1,True,False,False,False,KEEP_HISTORICAL_ENTITY,
NOV,NOV,8590927855.0,,NOI.N;NOV.N,2,True,False,False,True,KEEP_HISTORICAL_ENTITY,
NRG,NRG,8590931331.0,,NRG.N,1,True,False,False,False,KEEP_HISTORICAL_ENTITY,
NSC,NSC,8590927195.0,,NSC.N,1,True,False,False,False,KEEP_HISTORICAL_ENTITY,
NTAP,NTAP.O,8590920723.0,,NTAP.OQ,1,True,False,False,False,KEEP_HISTORICAL_ENTITY,
NTRS,NTRS.O,8590932587.0,,NTRS.OQ,1,True,False,False,False,KEEP_HISTORICAL_ENTITY,
NUE,NUE,8590935235.0,,NUE.N,1,True,False,False,False,KEEP_HISTORICAL_ENTITY,
NVDA,NVDA.O,8590928394.0,,NVDA.OQ,1,True,False,False,False,KEEP_HISTORICAL_ENTITY,
NWL,NWL.O,8590932835.0,,NWL.N;NWL.OQ,2,True,False,False,True,KEEP_HISTORICAL_ENTITY,
NWSA,NWSA.O,21525175303.0,,NWSAV.OQ;NWSA.OQ,2,True,False,False,True,KEEP_HISTORICAL_ENTITY,
O,O,8590924656.0,,O.N,1,True,False,False,False,KEEP_HISTORICAL_ENTITY,
OKE,OKE,8590930424.0,,OKE.N,1,True,False,False,False,KEEP_HISTORICAL_ENTITY,
OMC,OMC,8590940410.0,,OMC.N,1,True,False,False,False,KEEP_HISTORICAL_ENTITY,
ORCL,ORCL.K,8590938374.0,,ORCL.OQ;ORCL.N,2,True,False,False,True,KEEP_HISTORICAL_ENTITY,
ORLY,ORLY.O,8590933183.0,,ORLY.OQ,1,True,False,False,False,KEEP_HISTORICAL_ENTITY,
OXY,OXY,8590927335.0,,OXY.N,1,True,False,False,False,KEEP_HISTORICAL_ENTITY,
PAYX,PAYX.O,8590941323.0,,PAYX.OQ,1,True,False,False,False,KEEP_HISTORICAL_ENTITY,
PBCT,PBCT.B^J07,8590924026.0,,PBCT.OQ;PBCTD.OQ,2,True,True,False,True,KEEP_HISTORICAL_ENTITY,Expired/delisted or historical RIC detected; retain historical entity for sample validation
PCAR,PCAR.O,8590924989.0,,PCAR.OQ,1,True,False,False,False,KEEP_HISTORICAL_ENTITY,
PCG,PCG,8590924051.0,,PCG.N,1,True,False,False,False,KEEP_HISTORICAL_ENTITY,
PDCO,PDCO.B^J07,8590930385.0,,PDCO.OQ,1,True,True,False,True,KEEP_HISTORICAL_ENTITY,Expired/delisted or historical RIC detected; retain historical entity for sample validation
PEG,PEG,8590926535.0,,PEG.N,1,True,False,False,False,KEEP_HISTORICAL_ENTITY,
PEP,PEP.O,8590928762.0,,PEP.N;PEP.OQ,2,True,False,False,True,KEEP_HISTORICAL_ENTITY,
PFE,PFE,8590930286.0,,PFE.N,1,True,False,False,False,KEEP_HISTORICAL_ENTITY,
PFG,PFG.O,8590933117.0,,PFG.N;PFG.OQ,2,True,False,False,True,KEEP_HISTORICAL_ENTITY,
PG,PG,8590931320.0,,PG.N,1,True,False,False,False,KEEP_HISTORICAL_ENTITY,
PGR,PGR,8590920444.0,,PGR.N,1,True,False,False,False,KEEP_HISTORICAL_ENTITY,
PH,PH,8590931166.0,,PH.N,1,True,False,False,False,KEEP_HISTORICAL_ENTITY,
PHM,PHM,8590937252.0,,PHM.N,1,True,False,False,False,KEEP_HISTORICAL_ENTITY,
PKG,PKG,8590923198.0,,PKG.N,1,True,False,False,False,KEEP_HISTORICAL_ENTITY,
PKI,PKI.B^J07,8590922597.0,,PKI.N,1,True,True,False,True,KEEP_HISTORICAL_ENTITY,Expired/delisted or historical RIC detected; retain historical entity for sample validation
PLD,PLD,8590939273.0,,AMB.N;PLD.N,2,True,False,False,True,KEEP_HISTORICAL_ENTITY,
PM,PM,8590930498.0,,PM_w.N;PM.N,2,True,False,False,True,KEEP_HISTORICAL_ENTITY,
PNC,PNC,8590929038.0,,PNC.N,1,True,False,False,False,KEEP_HISTORICAL_ENTITY,
PNR,PNR,8590941696.0,,PNR.N,1,True,False,False,False,KEEP_HISTORICAL_ENTITY,
PNW,PNW,8590925741.0,,PNW.N,1,True,False,False,False,KEEP_HISTORICAL_ENTITY,
PPG,PPG,8590924975.0,,PPG.N,1,True,False,False,False,KEEP_HISTORICAL_ENTITY,
PPL,PPL,8590926958.0,,PPL.N,1,True,False,False,False,KEEP_HISTORICAL_ENTITY,
PRGO,PRGO.K,8590940661.0,,PRGO.OQ;PRGO.N,2,True,False,False,True,KEEP_HISTORICAL_ENTITY,
PRU,PRU,8590942593.0,,PRU.N,1,True,False,False,False,KEEP_HISTORICAL_ENTITY,
PSA,PSA,8590934842.0,,PSA.N,1,True,False,False,False,KEEP_HISTORICAL_ENTITY,
PSX,PSX,21482736192.0,,PSX_w.N;PSX.N,2,True,False,False,True,KEEP_HISTORICAL_ENTITY,
PVH,PVH,8590932836.0,,PVH.N,1,True,False,False,False,KEEP_HISTORICAL_ENTITY,
PWR,PWR,8590925009.0,,PWR.N,1,True,False,False,False,KEEP_HISTORICAL_ENTITY,
PXD,PXD.PH^B09,8590932340.0,,PXD.N,1,True,True,False,True,KEEP_HISTORICAL_ENTITY,Expired/delisted or historical RIC detected; retain historical entity for sample validation
PYPL,PYPL.O,21566817961.0,,PYPLV.OQ;PYPL.OQ,2,True,False,False,True,KEEP_HISTORICAL_ENTITY,
QCOM,QCOM.O,8590935666.0,,QCOM.OQ,1,True,False,False,False,KEEP_HISTORICAL_ENTITY,
QRVO,QRVO.O,21556717214.0,,QRVO.OQ,1,True,False,False,False,KEEP_HISTORICAL_ENTITY,
RCL,RCL,8590922816.0,,RCL.N,1,True,False,False,False,KEEP_HISTORICAL_ENTITY,
RE,0RCK8,21836432616.0,,,0,False,False,False,False,KEEP_HISTORICAL_ENTITY,
REG,REG.O,8590926381.0,,REG.N;REG.OQ,2,True,False,False,True,KEEP_HISTORICAL_ENTITY,
REGN,REGN.O,8590920640.0,,REGN.OQ,1,True,False,False,False,KEEP_HISTORICAL_ENTITY,
RF,RF,8590941068.0,,RF.N,1,True,False,False,False,KEEP_HISTORICAL_ENTITY,
RHI,RHI,8590932982.0,,RHI.N,1,True,False,False,False,KEEP_HISTORICAL_ENTITY,
RHT,RHT.PH^B09,8590940721.0,,RHAT.OQ;RHT.N,2,True,True,False,True,KEEP_HISTORICAL_ENTITY,Expired/delisted or historical RIC detected; retain historical entity for sample validation
RJF,RJF,8590930708.0,,RJF.N,1,True,False,False,False,KEEP_HISTORICAL_ENTITY,
RL,RL,8590936518.0,,RL.N,1,True,False,False,False,KEEP_HISTORICAL_ENTITY,
RMD,RMD,8590931698.0,,RMD.N,1,True,False,False,False,KEEP_HISTORICAL_ENTITY,
ROK,ROK,8590919968.0,,ROK.N,1,True,False,False,False,KEEP_HISTORICAL_ENTITY,
ROP,ROP.O,8590937317.0,,ROP.N,1,True,False,False,False,KEEP_HISTORICAL_ENTITY,
ROST,ROST.O,8590925980.0,,ROST.OQ,1,True,False,False,False,KEEP_HISTORICAL_ENTITY,
RRC,RRC,8590932753.0,,RRC.N,1,True,False,False,False,KEEP_HISTORICAL_ENTITY,
RSG,RSG,8590925540.0,,RSG.N,1,True,False,False,False,KEEP_HISTORICAL_ENTITY,
RTN,RTN.B^J07,8590939194.0,,RTN.N,1,True,True,False,True,KEEP_HISTORICAL_ENTITY,Expired/delisted or historical RIC detected; retain historical entity for sample validation
SBAC,SBAC.O,8590922606.0,,SBAC.OQ,1,True,False,False,False,KEEP_HISTORICAL_ENTITY,
SBUX,SBUX.O,8590938069.0,,SBUX.OQ,1,True,False,False,False,KEEP_HISTORICAL_ENTITY,
SCG,SCG.W^E14,8590934742.0,,SCG.N;SCG.N^A19,2,True,True,False,True,KEEP_HISTORICAL_ENTITY,Expired/delisted or historical RIC detected; retain historical entity for sample validation
SCHW,SCHW.K,8590924373.0,,SCH.N;SCHW.OQ;SCHW.N,3,True,False,False,True,KEEP_HISTORICAL_ENTITY,
SEE,SEE.PH^B09,8590941861.0,,SEE.N,1,True,True,False,True,KEEP_HISTORICAL_ENTITY,Expired/delisted or historical RIC detected; retain historical entity for sample validation
SHW,SHW,8590932892.0,,SHW.N,1,True,False,False,False,KEEP_HISTORICAL_ENTITY,
SIG,SIG,8591044710.0,,SIG.N,1,True,False,False,False,KEEP_HISTORICAL_ENTITY,
SJM,SJM,8590943672.0,,SJM.N,1,True,False,False,False,KEEP_HISTORICAL_ENTITY,
SLB,SLB,8590933613.0,,SLB.N,1,True,False,False,False,KEEP_HISTORICAL_ENTITY,
SLG,SLG,8590931377.0,,SLG.N,1,True,False,False,False,KEEP_HISTORICAL_ENTITY,
SNA,SNA,8590922491.0,,SNA.N,1,True,False,False,False,KEEP_HISTORICAL_ENTITY,
SNPS,SNPS.O,8590929840.0,,SNPS.OQ,1,True,False,False,False,KEEP_HISTORICAL_ENTITY,
SO,SO,8590940729.0,,SO.N,1,True,False,False,False,KEEP_HISTORICAL_ENTITY,
SPG,SPG,8590927880.0,,SPG.N,1,True,False,False,False,KEEP_HISTORICAL_ENTITY,
SPGI,SPGI.K,8590939251.0,,MHP.N;MHFI.N;SPGI.N,3,True,False,False,True,KEEP_HISTORICAL_ENTITY,
SPX,SPOc1,21825775016.0,,,0,False,False,False,False,KEEP_HISTORICAL_ENTITY,
SRCL,SRCL.B^J07,8590925461.0,,SRCL.OQ,1,True,True,False,True,KEEP_HISTORICAL_ENTITY,Expired/delisted or historical RIC detected; retain historical entity for sample validation
SRE,SRE,8590938545.0,,SRE.N,1,True,False,False,False,KEEP_HISTORICAL_ENTITY,
STI,STI.O,25727198769.0,,,0,False,False,False,False,KEEP_HISTORICAL_ENTITY,
STT,STT,8590941028.0,,STT.N,1,True,False,False,False,KEEP_HISTORICAL_ENTITY,
STX,STX.O,8590926246.0,,STX.N;STX.OQ,2,True,False,False,True,KEEP_HISTORICAL_ENTITY,
STZ,STZ,8590919702.0,,STZ.N,1,True,False,False,False,KEEP_HISTORICAL_ENTITY,
SWK,SWK,8590927364.0,,SWK.N,1,True,False,False,False,KEEP_HISTORICAL_ENTITY,
SWKS,SWKS.O,8590932592.0,,SWKS.OQ,1,True,False,False,False,KEEP_HISTORICAL_ENTITY,
SYF,SYF,21538651599.0,,IPO-SYF.N;SYF.N,2,True,False,False,True,KEEP_HISTORICAL_ENTITY,
SYK,SYK,8590926401.0,,SYK.N,1,True,False,False,False,KEEP_HISTORICAL_ENTITY,
SYMC,SYMC.B^J07,8590930721.0,,SYMC.OQ,1,True,True,False,True,KEEP_HISTORICAL_ENTITY,Expired/delisted or historical RIC detected; retain historical entity for sample validation
SYY,SYY,8590924738.0,,SYY.N,1,True,False,False,False,KEEP_HISTORICAL_ENTITY,
T,T,8590932179.0,,SBC.N;T.N,2,True,False,False,True,KEEP_HISTORICAL_ENTITY,
TAP,TAP,8590937839.0,,RKY.N;TAP.N,2,True,False,False,True,KEEP_HISTORICAL_ENTITY,
TDG,TDG,8590921529.0,,TDG.N,1,True,False,False,False,KEEP_HISTORICAL_ENTITY,
TEL,TEL,8590932496.0,,TEL_w.N;TEL.N,2,True,False,False,True,KEEP_HISTORICAL_ENTITY,
TGT,TGT,8590929360.0,,TGT.N,1,True,False,False,False,KEEP_HISTORICAL_ENTITY,
TIF,TIF.PH^B09,8590935543.0,,TIF.N,1,True,True,False,True,KEEP_HISTORICAL_ENTITY,Expired/delisted or historical RIC detected; retain historical entity for sample validation
TJX,TJX,8590942093.0,,TJX.N,1,True,False,False,False,KEEP_HISTORICAL_ENTITY,
TMO,TMO,8590930410.0,,TMO.N,1,True,False,False,False,KEEP_HISTORICAL_ENTITY,
TPR,TPR,8590943083.0,,COH.N;TPR.N,2,True,False,False,True,KEEP_HISTORICAL_ENTITY,
TRIP,TRIP.O,21480769555.0,,TRIPV.OQ;TRIP.OQ,2,True,False,False,True,KEEP_HISTORICAL_ENTITY,
TROW,TROW.O,8590935685.0,,TROW.OQ,1,True,False,False,False,KEEP_HISTORICAL_ENTITY,
TRV,TRV,8590924671.0,,SPC.N;STA.N;TRV.N,3,True,False,False,True,KEEP_HISTORICAL_ENTITY,
TSCO,TSCO.O,8590942415.0,,TSCO.OQ,1,True,False,False,False,KEEP_HISTORICAL_ENTITY,
TSN,TSN,8590934007.0,,TSN.N,1,True,False,False,False,KEEP_HISTORICAL_ENTITY,
TSS,TSS.W^E14,8590937359.0,,TSS.N,1,True,True,False,True,KEEP_HISTORICAL_ENTITY,Expired/delisted or historical RIC detected; retain historical entity for sample validation
TWX,TWX.N^F18,8590933762.0,,AOL.N;TWX.N;TWX.N^F18,3,True,True,False,True,KEEP_HISTORICAL_ENTITY,Expired/delisted or historical RIC detected; retain historical entity for sample validation
TXN,TXN.O,8590922112.0,,TXN.N;TXN.OQ,2,True,False,False,True,KEEP_HISTORICAL_ENTITY,
TXT,TXT,8590941964.0,,TXT.N,1,True,False,False,False,KEEP_HISTORICAL_ENTITY,
UAA,UAA,8590940860.0,,UARM.OQ;UA.N;UAA.N,3,True,False,False,True,KEEP_HISTORICAL_ENTITY,
UAL,UAL.O,8590939195.0,,UAUA.OQ;UAL.N;UAL.OQ,3,True,False,False,True,KEEP_HISTORICAL_ENTITY,
UDR,UDR,8590930393.0,,UDR.N,1,True,False,False,False,KEEP_HISTORICAL_ENTITY,
UHS,UHS,8590931138.0,,UHS.N,1,True,False,False,False,KEEP_HISTORICAL_ENTITY,
ULTA,ULTA.O,8590932624.0,,ULTA.OQ,1,True,False,False,False,KEEP_HISTORICAL_ENTITY,
UNH,UNH,8590935024.0,,UNH.N,1,True,False,False,False,KEEP_HISTORICAL_ENTITY,
UNM,UNM,8590930318.0,,UNM.N,1,True,False,False,False,KEEP_HISTORICAL_ENTITY,
UNP,UNP,8590921514.0,,UNP.N,1,True,False,False,False,KEEP_HISTORICAL_ENTITY,
UPS,UPS,8590921622.0,,UPS.N,1,True,False,False,False,KEEP_HISTORICAL_ENTITY,
URI,URI,8590923970.0,,URI.N,1,True,False,False,False,KEEP_HISTORICAL_ENTITY,
USB,USB,8590928078.0,,USB.N,1,True,False,False,False,KEEP_HISTORICAL_ENTITY,
UTX,UTX.PH^B09,8590939759.0,,UTX.N,1,True,True,False,True,KEEP_HISTORICAL_ENTITY,Expired/delisted or historical RIC detected; retain historical entity for sample validation
V,V,8590943063.0,,V.N,1,True,False,False,False,KEEP_HISTORICAL_ENTITY,
VAR,VAR.B^J07,8590932311.0,,VAR.N,1,True,True,False,True,KEEP_HISTORICAL_ENTITY,Expired/delisted or historical RIC detected; retain historical entity for sample validation
VFC,VFC,8590920893.0,,VFC.N,1,True,False,False,False,KEEP_HISTORICAL_ENTITY,
VIAB,VIAB.W^E14,8590934020.0,,VIAb.N;VIAB.OQ,2,True,True,False,True,KEEP_HISTORICAL_ENTITY,Expired/delisted or historical RIC detected; retain historical entity for sample validation
VLO,VLO,8590919682.0,,VLO.N,1,True,False,False,False,KEEP_HISTORICAL_ENTITY,
VMC,VMC,8590928988.0,,VMC.N,1,True,False,False,False,KEEP_HISTORICAL_ENTITY,
VNO,VNO,8590938465.0,,VNO.N,1,True,False,False,False,KEEP_HISTORICAL_ENTITY,
VRSK,VRSK.O,8591030300.0,,VRSK.OQ,1,True,False,False,False,KEEP_HISTORICAL_ENTITY,
VRSN,VRSN.O,8590921133.0,,VRSN.OQ,1,True,False,False,False,KEEP_HISTORICAL_ENTITY,
VRTX,VRTX.O,8590933066.0,,VRTX.OQ,1,True,False,False,False,KEEP_HISTORICAL_ENTITY,
VTR,VTR,8590922811.0,,VTR.N,1,True,False,False,False,KEEP_HISTORICAL_ENTITY,
VZ,VZ,8590940502.0,,VZ.N,1,True,False,False,False,KEEP_HISTORICAL_ENTITY,
WAT,WAT,8590937760.0,,WAT.N,1,True,False,False,False,KEEP_HISTORICAL_ENTITY,
WBA,WBA.AX^B20,8590937051.0,,WBA.AX,1,True,True,False,True,KEEP_HISTORICAL_ENTITY,Expired/delisted or historical RIC detected; retain historical entity for sample validation
WDC,WDC.O,8590932469.0,,WDC.N;WDC.OQ,2,True,False,False,True,KEEP_HISTORICAL_ENTITY,
WEC,WEC,8590923883.0,,WEC.N,1,True,False,False,False,KEEP_HISTORICAL_ENTITY,
WELL,WELL.K,8590934009.0,,HCN.N;WELL.N,2,True,False,False,True,KEEP_HISTORICAL_ENTITY,
WFC,WFC,8590931104.0,,WFC.N,1,True,False,False,False,KEEP_HISTORICAL_ENTITY,
WHR,WHR,8590937793.0,,WHR.N,1,True,False,False,False,KEEP_HISTORICAL_ENTITY,
WLTW,WTW.O,8590928578.0,,WSH.N;WLTW.OQ,2,True,False,True,True,KEEP_HISTORICAL_ENTITY,Legacy ticker reconciled to current/historical LSEG entity
WM,WM,8590938963.0,,WMI.N;WM.N,2,True,False,False,True,KEEP_HISTORICAL_ENTITY,
WMB,WMB,8590930677.0,,WMB.N,1,True,False,False,False,KEEP_HISTORICAL_ENTITY,
WMT,WMT.O,8590938702.0,,WMT.N,1,True,False,False,False,KEEP_HISTORICAL_ENTITY,
WRK,01WRKH3^1,,,,0,True,True,False,True,UNRESOLVED,Expired/delisted or historical RIC detected; retain historical entity for sample validation
WU,WU,8590964879.0,,WU_w.N;WU.N,2,True,False,False,True,KEEP_HISTORICAL_ENTITY,
WY,WY,8590920223.0,,WY.N,1,True,False,False,False,KEEP_HISTORICAL_ENTITY,
WYND,WYNDZ3^1,,,,0,True,True,False,True,UNRESOLVED,Expired/delisted or historical RIC detected; retain historical entity for sample validation
WYNN,WYNN.O,8590943508.0,,WYNN.OQ,1,True,False,False,False,KEEP_HISTORICAL_ENTITY,
XEC,XEC.W^E14,8590935140.0,,XEC.N,1,True,True,False,True,KEEP_HISTORICAL_ENTITY,Expired/delisted or historical RIC detected; retain historical entity for sample validation
XEL,XEL.O,8590928639.0,,XEL.N;XEL.OQ,2,True,False,False,True,KEEP_HISTORICAL_ENTITY,
XL,0#XLW+,,,,0,False,False,False,False,UNRESOLVED,
XLNX,XLNX.B^J07,8590940285.0,,XLNX.OQ,1,True,True,False,True,KEEP_HISTORICAL_ENTITY,Expired/delisted or historical RIC detected; retain historical entity for sample validation
XOM,XOM,8590941523.0,,XOM.N,1,True,False,False,False,KEEP_HISTORICAL_ENTITY,
XRAY,XRAY.O,8590934327.0,,XRAY.OQ,1,True,False,False,False,KEEP_HISTORICAL_ENTITY,
XRX,XRX.O,8590925276.0,,XRX.N,1,True,False,False,False,KEEP_HISTORICAL_ENTITY,
XYL,XYL,21476038965.0,,XYL_w.N;XYL.N,2,True,False,False,True,KEEP_HISTORICAL_ENTITY,
YUM,YUM,8590922371.0,,YUM.N,1,True,False,False,False,KEEP_HISTORICAL_ENTITY,
ZBH,ZBH,8590937417.0,,ZMH.N;ZBH.N,2,True,False,False,True,KEEP_HISTORICAL_ENTITY,
ZION,ZION.O,8590938964.0,,ZION.OQ,1,True,False,False,False,KEEP_HISTORICAL_ENTITY,
ZTS,ZTS,21509987551.0,,ZTS.N,1,True,False,False,False,KEEP_HISTORICAL_ENTITY,
