ticker,rows,first_date,last_date,universe_source,status
CDNS,564406,19960104,20190628,raw_options,PENDING_LSEG_RECONCILIATION
CELG,1895372,19960206,20190628,raw_options,PENDING_LSEG_RECONCILIATION
CERN,766973,19960104,20190628,raw_options,PENDING_LSEG_RECONCILIATION
CF,1930823,19960104,20190628,raw_options,PENDING_LSEG_RECONCILIATION
CFG,85622,20141002,20190628,raw_options,PENDING_LSEG_RECONCILIATION
CHD,281967,20020610,20190628,raw_options,PENDING_LSEG_RECONCILIATION
CHK,1272185,19960108,20190628,raw_options,PENDING_LSEG_RECONCILIATION
CHRW,758487,19980302,20190628,raw_options,PENDING_LSEG_RECONCILIATION
CHTR,1289170,20110727,20190628,raw_options,PENDING_LSEG_RECONCILIATION
CI,1248713,19960104,20190628,raw_options,PENDING_LSEG_RECONCILIATION
CINF,284942,19960104,20190628,raw_options,PENDING_LSEG_RECONCILIATION
CL,1490399,19960104,20190628,raw_options,PENDING_LSEG_RECONCILIATION
CLX,892826,19960104,20190628,raw_options,PENDING_LSEG_RECONCILIATION
CMA,800244,19960104,20190628,raw_options,PENDING_LSEG_RECONCILIATION
CMCSA,1459915,19960104,20190628,raw_options,PENDING_LSEG_RECONCILIATION
CME,2191016,20031118,20190628,raw_options,PENDING_LSEG_RECONCILIATION
CMG,3572867,20060203,20190628,raw_options,PENDING_LSEG_RECONCILIATION
CMI,1850575,19960104,20190628,raw_options,PENDING_LSEG_RECONCILIATION
CMS,331393,19960104,20190628,raw_options,PENDING_LSEG_RECONCILIATION
CNC,499191,20041115,20190628,raw_options,PENDING_LSEG_RECONCILIATION
CNP,461994,19960104,20190628,raw_options,PENDING_LSEG_RECONCILIATION
COF,1729768,19960104,20190628,raw_options,PENDING_LSEG_RECONCILIATION
COG,842161,19980901,20190628,raw_options,PENDING_LSEG_RECONCILIATION
COL,383165,20010702,20181126,raw_options,PENDING_LSEG_RECONCILIATION
COO,631498,19960104,20190628,raw_options,PENDING_LSEG_RECONCILIATION
COP,1731808,19960104,20190628,raw_options,PENDING_LSEG_RECONCILIATION
COST,1801021,19960104,20190628,raw_options,PENDING_LSEG_RECONCILIATION
COTY,516880,20130621,20190628,raw_options,PENDING_LSEG_RECONCILIATION
CPB,875531,19960104,20190628,raw_options,PENDING_LSEG_RECONCILIATION
CRM,1851284,20040722,20190628,raw_options,PENDING_LSEG_RECONCILIATION
CSCO,1955376,19960104,20190628,raw_options,PENDING_LSEG_RECONCILIATION
CSRA,46012,20151201,20180403,raw_options,PENDING_LSEG_RECONCILIATION
CSX,1033757,19960104,20190628,raw_options,PENDING_LSEG_RECONCILIATION
CTAS,487638,19960104,20190628,raw_options,PENDING_LSEG_RECONCILIATION
CTL,920534,19960104,20190628,raw_options,PENDING_LSEG_RECONCILIATION
CTSH,1502634,20020408,20190628,raw_options,PENDING_LSEG_RECONCILIATION
CTXS,1093221,19960612,20190628,raw_options,PENDING_LSEG_RECONCILIATION
CVS,1641485,19960104,20190628,raw_options,PENDING_LSEG_RECONCILIATION
CVX,1891349,19960104,20190628,raw_options,PENDING_LSEG_RECONCILIATION
CXO,593647,20071025,20190628,raw_options,PENDING_LSEG_RECONCILIATION
D,633668,19960104,20190628,raw_options,PENDING_LSEG_RECONCILIATION
DAL,1306590,20070504,20190628,raw_options,PENDING_LSEG_RECONCILIATION
DE,1778482,19960104,20190628,raw_options,PENDING_LSEG_RECONCILIATION
DFS,1211933,20070702,20190628,raw_options,PENDING_LSEG_RECONCILIATION
DG,1418128,19960104,20190628,raw_options,PENDING_LSEG_RECONCILIATION
DGX,603442,19970122,20190628,raw_options,PENDING_LSEG_RECONCILIATION
DHI,1451543,19970312,20190628,raw_options,PENDING_LSEG_RECONCILIATION
DHR,850508,19960104,20190628,raw_options,PENDING_LSEG_RECONCILIATION
DIS,1839342,19960104,20190628,raw_options,PENDING_LSEG_RECONCILIATION
DISCA,287553,20050722,20190628,raw_options,PENDING_LSEG_RECONCILIATION
DISCK,204264,20090828,20190628,raw_options,PENDING_LSEG_RECONCILIATION
DISH,1771859,19960507,20190628,raw_options,PENDING_LSEG_RECONCILIATION
DLR,361457,20061127,20190628,raw_options,PENDING_LSEG_RECONCILIATION
DLTR,1176543,19961023,20190628,raw_options,PENDING_LSEG_RECONCILIATION
DOV,605958,19960104,20190628,raw_options,PENDING_LSEG_RECONCILIATION
DRE,290161,19980513,20190628,raw_options,PENDING_LSEG_RECONCILIATION
DRI,748302,19960104,20190628,raw_options,PENDING_LSEG_RECONCILIATION
DTE,382607,19960104,20190628,raw_options,PENDING_LSEG_RECONCILIATION
DUK,757776,19960104,20190628,raw_options,PENDING_LSEG_RECONCILIATION
DVA,555326,19971029,20190628,raw_options,PENDING_LSEG_RECONCILIATION
DVN,1529374,19960509,20190628,raw_options,PENDING_LSEG_RECONCILIATION
DXC,900013,19960104,20190628,raw_options,PENDING_LSEG_RECONCILIATION
EA,1791643,19960104,20190628,raw_options,PENDING_LSEG_RECONCILIATION
EBAY,1642807,19990201,20190628,raw_options,PENDING_LSEG_RECONCILIATION
ECL,614646,19960104,20190628,raw_options,PENDING_LSEG_RECONCILIATION
ED,788069,19960104,20190628,raw_options,PENDING_LSEG_RECONCILIATION
EFX,722327,19960104,20190628,raw_options,PENDING_LSEG_RECONCILIATION
EIX,583290,19960104,20190628,raw_options,PENDING_LSEG_RECONCILIATION
EL,700032,19960227,20190628,raw_options,PENDING_LSEG_RECONCILIATION
EMN,789018,19960104,20190628,raw_options,PENDING_LSEG_RECONCILIATION
EMR,996311,19960104,20190628,raw_options,PENDING_LSEG_RECONCILIATION
EOG,1815765,19960104,20190628,raw_options,PENDING_LSEG_RECONCILIATION
EQIX,1013935,20060404,20190628,raw_options,PENDING_LSEG_RECONCILIATION
EQR,451011,19970312,20190628,raw_options,PENDING_LSEG_RECONCILIATION
EQT,501951,19981007,20190628,raw_options,PENDING_LSEG_RECONCILIATION
ES,284657,19960129,20190628,raw_options,PENDING_LSEG_RECONCILIATION
ESRX,1630786,19980908,20181220,raw_options,PENDING_LSEG_RECONCILIATION
ESS,521413,19980219,20190628,raw_options,PENDING_LSEG_RECONCILIATION
ETFC,1312860,19961125,20190628,raw_options,PENDING_LSEG_RECONCILIATION
ETN,1457185,19960104,20190628,raw_options,PENDING_LSEG_RECONCILIATION
ETR,643793,19960104,20190628,raw_options,PENDING_LSEG_RECONCILIATION
EVHC,249783,20010719,20181010,raw_options,PENDING_LSEG_RECONCILIATION
EW,1060522,20000403,20190628,raw_options,PENDING_LSEG_RECONCILIATION
EXC,815081,19960104,20190628,raw_options,PENDING_LSEG_RECONCILIATION
EXPD,645992,19961024,20190628,raw_options,PENDING_LSEG_RECONCILIATION
EXPE,1460997,20050810,20190628,raw_options,PENDING_LSEG_RECONCILIATION
EXR,234409,20080512,20190628,raw_options,PENDING_LSEG_RECONCILIATION
F,1519696,19960104,20190628,raw_options,PENDING_LSEG_RECONCILIATION
FAST,812671,19960104,20190628,raw_options,PENDING_LSEG_RECONCILIATION
FB,1877463,20120529,20190628,raw_options,PENDING_LSEG_RECONCILIATION
FBHS,172137,20111005,20190628,raw_options,PENDING_LSEG_RECONCILIATION
FCX,1814832,19960104,20190628,raw_options,PENDING_LSEG_RECONCILIATION
FDX,1794359,19960104,20190628,raw_options,PENDING_LSEG_RECONCILIATION
FE,671666,19960104,20190628,raw_options,PENDING_LSEG_RECONCILIATION
FFIV,1662875,19991209,20190628,raw_options,PENDING_LSEG_RECONCILIATION
FIS,437463,20010709,20190628,raw_options,PENDING_LSEG_RECONCILIATION
FISV,493053,19960104,20190628,raw_options,PENDING_LSEG_RECONCILIATION
FITB,753530,19960104,20190628,raw_options,PENDING_LSEG_RECONCILIATION
FL,890476,19960104,20190628,raw_options,PENDING_LSEG_RECONCILIATION
FLIR,565337,20011008,20190628,raw_options,PENDING_LSEG_RECONCILIATION
FLR,1390343,20001222,20190628,raw_options,PENDING_LSEG_RECONCILIATION
FLS,457665,19960904,20190628,raw_options,PENDING_LSEG_RECONCILIATION
FMC,449509,19960104,20190628,raw_options,PENDING_LSEG_RECONCILIATION
FOXA,41086,20190320,20190628,raw_options,PENDING_LSEG_RECONCILIATION
FRT,344311,20080911,20190628,raw_options,PENDING_LSEG_RECONCILIATION
FTI,143876,20170117,20190628,raw_options,PENDING_LSEG_RECONCILIATION
FTV,183839,20160706,20190628,raw_options,PENDING_LSEG_RECONCILIATION
GD,1204712,19960104,20190628,raw_options,PENDING_LSEG_RECONCILIATION
GE,1783401,19960104,20190628,raw_options,PENDING_LSEG_RECONCILIATION
GILD,2001075,19960104,20190628,raw_options,PENDING_LSEG_RECONCILIATION
GIS,751989,19960104,20190628,raw_options,PENDING_LSEG_RECONCILIATION
GLW,1634049,19960104,20190628,raw_options,PENDING_LSEG_RECONCILIATION
GM,1303623,20101129,20190628,raw_options,PENDING_LSEG_RECONCILIATION
GOOG,3415085,20140403,20190628,raw_options,PENDING_LSEG_RECONCILIATION
GOOGL,6772887,20040827,20190628,raw_options,PENDING_LSEG_RECONCILIATION
GPC,589944,19960104,20190628,raw_options,PENDING_LSEG_RECONCILIATION
GPN,373646,20020328,20190628,raw_options,PENDING_LSEG_RECONCILIATION
GPS,1590307,19960104,20190628,raw_options,PENDING_LSEG_RECONCILIATION
GRMN,1085049,20010315,20190628,raw_options,PENDING_LSEG_RECONCILIATION
GS,2337096,19990811,20190628,raw_options,PENDING_LSEG_RECONCILIATION
GT,1347024,19960104,20190628,raw_options,PENDING_LSEG_RECONCILIATION
GWW,990672,19960104,20190628,raw_options,PENDING_LSEG_RECONCILIATION
HAL,1782712,19960104,20190628,raw_options,PENDING_LSEG_RECONCILIATION
HAS,1130207,19960104,20190628,raw_options,PENDING_LSEG_RECONCILIATION
HBAN,482139,19960104,20190628,raw_options,PENDING_LSEG_RECONCILIATION
HBI,358372,20060906,20190628,raw_options,PENDING_LSEG_RECONCILIATION
HCA,1580693,19960104,20190628,raw_options,PENDING_LSEG_RECONCILIATION
HCP,340084,19991105,20190628,raw_options,PENDING_LSEG_RECONCILIATION
HD,1940770,19960104,20190628,raw_options,PENDING_LSEG_RECONCILIATION
HES,1784058,19960104,20190628,raw_options,PENDING_LSEG_RECONCILIATION
HIG,1432927,19960104,20190628,raw_options,PENDING_LSEG_RECONCILIATION
HII,311447,19960104,20190628,raw_options,PENDING_LSEG_RECONCILIATION
HLT,536164,19960104,20190628,raw_options,PENDING_LSEG_RECONCILIATION
HOG,1202903,19960104,20190628,raw_options,PENDING_LSEG_RECONCILIATION
HOLX,716805,19960329,20190628,raw_options,PENDING_LSEG_RECONCILIATION
HON,1351393,19960104,20190628,raw_options,PENDING_LSEG_RECONCILIATION
HP,795930,19960104,20190628,raw_options,PENDING_LSEG_RECONCILIATION
HPE,543522,20151103,20190628,raw_options,PENDING_LSEG_RECONCILIATION
HPQ,1656443,19960104,20190628,raw_options,PENDING_LSEG_RECONCILIATION
HRB,776495,19960104,20190628,raw_options,PENDING_LSEG_RECONCILIATION
HRL,461751,19960104,20190628,raw_options,PENDING_LSEG_RECONCILIATION
HSIC,467161,19960904,20190628,raw_options,PENDING_LSEG_RECONCILIATION
HST,581885,19960104,20190628,raw_options,PENDING_LSEG_RECONCILIATION
HSY,1035377,19960104,20190628,raw_options,PENDING_LSEG_RECONCILIATION
HUM,1781774,19960104,20190628,raw_options,PENDING_LSEG_RECONCILIATION
IBM,2395834,19960104,20190628,raw_options,PENDING_LSEG_RECONCILIATION
ICE,909714,20051128,20190628,raw_options,PENDING_LSEG_RECONCILIATION
IDXX,471758,19960104,20190628,raw_options,PENDING_LSEG_RECONCILIATION
IFF,444345,19960104,20190628,raw_options,PENDING_LSEG_RECONCILIATION
ILMN,1682482,20031218,20190628,raw_options,PENDING_LSEG_RECONCILIATION
INCY,797680,19960926,20190628,raw_options,PENDING_LSEG_RECONCILIATION
INFO,95160,20140627,20190628,raw_options,PENDING_LSEG_RECONCILIATION
INTC,1974206,19960104,20190628,raw_options,PENDING_LSEG_RECONCILIATION
INTU,957255,19960104,20190628,raw_options,PENDING_LSEG_RECONCILIATION
IP,1485148,19960104,20190628,raw_options,PENDING_LSEG_RECONCILIATION
IPG,583316,19960104,20190628,raw_options,PENDING_LSEG_RECONCILIATION
IPGP,376662,20070425,20190628,raw_options,PENDING_LSEG_RECONCILIATION
IQV,226223,20130606,20190628,raw_options,PENDING_LSEG_RECONCILIATION
IR,912674,19960104,20190628,raw_options,PENDING_LSEG_RECONCILIATION
IRM,495760,19980514,20190628,raw_options,PENDING_LSEG_RECONCILIATION
ISRG,3533410,20010724,20190628,raw_options,PENDING_LSEG_RECONCILIATION
IT,360768,19960104,20190628,raw_options,PENDING_LSEG_RECONCILIATION
ITW,985121,19960104,20190628,raw_options,PENDING_LSEG_RECONCILIATION
IVZ,440221,20070221,20190628,raw_options,PENDING_LSEG_RECONCILIATION
JBHT,476675,19960104,20190628,raw_options,PENDING_LSEG_RECONCILIATION
JCI,1154708,19960104,20190628,raw_options,PENDING_LSEG_RECONCILIATION
JEC,578964,19990107,20190628,raw_options,PENDING_LSEG_RECONCILIATION
JEF,494849,19970604,20190628,raw_options,PENDING_LSEG_RECONCILIATION
JNJ,1778893,19960104,20190628,raw_options,PENDING_LSEG_RECONCILIATION
JNPR,1608058,19991007,20190628,raw_options,PENDING_LSEG_RECONCILIATION
JPM,2253051,19960104,20190628,raw_options,PENDING_LSEG_RECONCILIATION
JWN,906390,19960104,20190628,raw_options,PENDING_LSEG_RECONCILIATION
K,714059,19960104,20190628,raw_options,PENDING_LSEG_RECONCILIATION
KEY,824397,19960104,20190628,raw_options,PENDING_LSEG_RECONCILIATION
KHC,309819,20150707,20190628,raw_options,PENDING_LSEG_RECONCILIATION
KIM,249109,19980608,20190628,raw_options,PENDING_LSEG_RECONCILIATION
KLAC,1081974,19960104,20190628,raw_options,PENDING_LSEG_RECONCILIATION
KMB,1072914,19960104,20190628,raw_options,PENDING_LSEG_RECONCILIATION
KMI,1111329,19970409,20190628,raw_options,PENDING_LSEG_RECONCILIATION
KMX,995511,19970512,20190628,raw_options,PENDING_LSEG_RECONCILIATION
KO,1681071,19960104,20190628,raw_options,PENDING_LSEG_RECONCILIATION
KR,922547,19960104,20190628,raw_options,PENDING_LSEG_RECONCILIATION
KSS,1228816,19960104,20190628,raw_options,PENDING_LSEG_RECONCILIATION
KSU,1322117,19960104,20190628,raw_options,PENDING_LSEG_RECONCILIATION
L,566012,19960104,20190628,raw_options,PENDING_LSEG_RECONCILIATION
LB,1154605,19960104,20190628,raw_options,PENDING_LSEG_RECONCILIATION
LEG,277449,19960104,20190628,raw_options,PENDING_LSEG_RECONCILIATION
LEN,1002721,19960104,20190628,raw_options,PENDING_LSEG_RECONCILIATION
LH,720131,19960104,20190628,raw_options,PENDING_LSEG_RECONCILIATION
LKQ,234192,20071112,20190628,raw_options,PENDING_LSEG_RECONCILIATION
LLY,1732827,19960104,20190628,raw_options,PENDING_LSEG_RECONCILIATION
LMT,1532512,19960104,20190628,raw_options,PENDING_LSEG_RECONCILIATION
LNC,700498,19960104,20190628,raw_options,PENDING_LSEG_RECONCILIATION
LNT,212962,19960610,20190628,raw_options,PENDING_LSEG_RECONCILIATION
LOW,1445730,19960104,20190628,raw_options,PENDING_LSEG_RECONCILIATION
LRCX,1493215,19960104,20190628,raw_options,PENDING_LSEG_RECONCILIATION
LUV,1375699,19960104,20190628,raw_options,PENDING_LSEG_RECONCILIATION
LYB,990586,20101018,20190628,raw_options,PENDING_LSEG_RECONCILIATION
MA,2487737,20060605,20190628,raw_options,PENDING_LSEG_RECONCILIATION
MAA,337007,20040116,20190628,raw_options,PENDING_LSEG_RECONCILIATION
MAC,361836,20030218,20190628,raw_options,PENDING_LSEG_RECONCILIATION
MAR,1284770,19970818,20190628,raw_options,PENDING_LSEG_RECONCILIATION
MAS,672039,19960104,20190628,raw_options,PENDING_LSEG_RECONCILIATION
MAT,1062647,19960104,20190628,raw_options,PENDING_LSEG_RECONCILIATION
MCD,1727092,19960104,20190628,raw_options,PENDING_LSEG_RECONCILIATION
MCHP,800440,19960104,20190628,raw_options,PENDING_LSEG_RECONCILIATION
MCK,1438750,19960104,20190628,raw_options,PENDING_LSEG_RECONCILIATION
MCO,770771,20000320,20190628,raw_options,PENDING_LSEG_RECONCILIATION
MDLZ,1167689,20010627,20190628,raw_options,PENDING_LSEG_RECONCILIATION
MDT,1820864,19960104,20190628,raw_options,PENDING_LSEG_RECONCILIATION
MET,1551044,19970321,20190628,raw_options,PENDING_LSEG_RECONCILIATION
MGM,1488983,19960104,20190628,raw_options,PENDING_LSEG_RECONCILIATION
MHK,791348,19960104,20190628,raw_options,PENDING_LSEG_RECONCILIATION
MKC,346031,19960104,20190628,raw_options,PENDING_LSEG_RECONCILIATION
MLM,761284,19970923,20190628,raw_options,PENDING_LSEG_RECONCILIATION
MMC,596937,19960104,20190628,raw_options,PENDING_LSEG_RECONCILIATION
MMM,1830319,19960104,20190628,raw_options,PENDING_LSEG_RECONCILIATION
MNST,1309537,20060725,20190628,raw_options,PENDING_LSEG_RECONCILIATION
MO,1772661,19960104,20190628,raw_options,PENDING_LSEG_RECONCILIATION
MON,1457458,19960104,20180606,raw_options,PENDING_LSEG_RECONCILIATION
MOS,1562075,19960104,20190628,raw_options,PENDING_LSEG_RECONCILIATION
MPC,1272026,20110705,20190628,raw_options,PENDING_LSEG_RECONCILIATION
MRK,1804497,19960104,20190628,raw_options,PENDING_LSEG_RECONCILIATION
MRO,1456879,19960104,20190628,raw_options,PENDING_LSEG_RECONCILIATION
MS,1737928,19960104,20190628,raw_options,PENDING_LSEG_RECONCILIATION
MSFT,2350128,19960104,20190628,raw_options,PENDING_LSEG_RECONCILIATION
MSI,973196,19960104,20190628,raw_options,PENDING_LSEG_RECONCILIATION
MTB,626001,19970818,20190628,raw_options,PENDING_LSEG_RECONCILIATION
MTD,435609,19980908,20190628,raw_options,PENDING_LSEG_RECONCILIATION
MU,1863199,19960104,20190628,raw_options,PENDING_LSEG_RECONCILIATION
MYL,1226543,19960104,20190628,raw_options,PENDING_LSEG_RECONCILIATION
NAVI,139815,20000413,20190628,raw_options,PENDING_LSEG_RECONCILIATION
NBL,772899,19960104,20190628,raw_options,PENDING_LSEG_RECONCILIATION
NCLH,225178,20130204,20190628,raw_options,PENDING_LSEG_RECONCILIATION
NDAQ,609025,20050426,20190628,raw_options,PENDING_LSEG_RECONCILIATION
NEE,743996,19960104,20190628,raw_options,PENDING_LSEG_RECONCILIATION
NEM,1788583,19960104,20190628,raw_options,PENDING_LSEG_RECONCILIATION
NFLX,3638234,20021119,20190628,raw_options,PENDING_LSEG_RECONCILIATION
NFX,817235,19970214,20190213,raw_options,PENDING_LSEG_RECONCILIATION
NI,491228,19970127,20190628,raw_options,PENDING_LSEG_RECONCILIATION
NKE,1754328,19960104,20190628,raw_options,PENDING_LSEG_RECONCILIATION
NLSN,335431,20110203,20190628,raw_options,PENDING_LSEG_RECONCILIATION
NOC,1471651,19960104,20190628,raw_options,PENDING_LSEG_RECONCILIATION
NOV,1598285,19971003,20190628,raw_options,PENDING_LSEG_RECONCILIATION
NRG,907348,20000908,20190628,raw_options,PENDING_LSEG_RECONCILIATION
NSC,1597833,19960104,20190628,raw_options,PENDING_LSEG_RECONCILIATION
NTAP,1840776,19961107,20190628,raw_options,PENDING_LSEG_RECONCILIATION
NTRS,506388,19960104,20190628,raw_options,PENDING_LSEG_RECONCILIATION
NUE,1623884,19960104,20190628,raw_options,PENDING_LSEG_RECONCILIATION
NVDA,2051672,19990728,20190628,raw_options,PENDING_LSEG_RECONCILIATION
NWL,707339,19960104,20190628,raw_options,PENDING_LSEG_RECONCILIATION
NWSA,217994,20130701,20190628,raw_options,PENDING_LSEG_RECONCILIATION
O,288682,20070927,20190628,raw_options,PENDING_LSEG_RECONCILIATION
OKE,880843,19960104,20190628,raw_options,PENDING_LSEG_RECONCILIATION
OMC,649599,19960104,20190628,raw_options,PENDING_LSEG_RECONCILIATION
ORCL,1815868,19960104,20190628,raw_options,PENDING_LSEG_RECONCILIATION
ORLY,636849,19980202,20190628,raw_options,PENDING_LSEG_RECONCILIATION
OXY,1859406,19960104,20190628,raw_options,PENDING_LSEG_RECONCILIATION
PAYX,802621,19960104,20190628,raw_options,PENDING_LSEG_RECONCILIATION
PBCT,406620,19960104,20190628,raw_options,PENDING_LSEG_RECONCILIATION
PCAR,905582,19960104,20190628,raw_options,PENDING_LSEG_RECONCILIATION
PCG,661835,19960104,20190628,raw_options,PENDING_LSEG_RECONCILIATION
PDCO,545402,19970829,20190628,raw_options,PENDING_LSEG_RECONCILIATION
PEG,292601,19960104,20190628,raw_options,PENDING_LSEG_RECONCILIATION
PEP,1579512,19960104,20190628,raw_options,PENDING_LSEG_RECONCILIATION
PFE,1836536,19960104,20190628,raw_options,PENDING_LSEG_RECONCILIATION
PFG,515185,20020123,20190628,raw_options,PENDING_LSEG_RECONCILIATION
PG,1824941,19960104,20190628,raw_options,PENDING_LSEG_RECONCILIATION
PGR,645069,19960104,20190628,raw_options,PENDING_LSEG_RECONCILIATION
PH,718123,19960104,20190628,raw_options,PENDING_LSEG_RECONCILIATION
PHM,1323037,19960104,20190628,raw_options,PENDING_LSEG_RECONCILIATION
PKG,423784,20010709,20190628,raw_options,PENDING_LSEG_RECONCILIATION
PKI,423196,19960104,20190628,raw_options,PENDING_LSEG_RECONCILIATION
PLD,415888,19980513,20190628,raw_options,PENDING_LSEG_RECONCILIATION
PM,1395623,20080401,20190628,raw_options,PENDING_LSEG_RECONCILIATION
PNC,1192594,19960104,20190628,raw_options,PENDING_LSEG_RECONCILIATION
PNR,298044,19990611,20190628,raw_options,PENDING_LSEG_RECONCILIATION
PNW,340313,19960104,20190628,raw_options,PENDING_LSEG_RECONCILIATION
PPG,945578,19960104,20190628,raw_options,PENDING_LSEG_RECONCILIATION
PPL,598262,19960827,20190628,raw_options,PENDING_LSEG_RECONCILIATION
PRGO,1299933,19960104,20190628,raw_options,PENDING_LSEG_RECONCILIATION
PRU,1024939,20020314,20190628,raw_options,PENDING_LSEG_RECONCILIATION
PSA,564020,19961224,20190628,raw_options,PENDING_LSEG_RECONCILIATION
PSX,1256477,19960104,20190628,raw_options,PENDING_LSEG_RECONCILIATION
PVH,634400,19960104,20190628,raw_options,PENDING_LSEG_RECONCILIATION
PWR,622221,20000511,20190628,raw_options,PENDING_LSEG_RECONCILIATION
PXD,1783154,19960104,20190628,raw_options,PENDING_LSEG_RECONCILIATION
PYPL,797938,20150720,20190628,raw_options,PENDING_LSEG_RECONCILIATION
QCOM,1978796,19960104,20190628,raw_options,PENDING_LSEG_RECONCILIATION
QRVO,338876,20150102,20190628,raw_options,PENDING_LSEG_RECONCILIATION
RCL,1264702,19960104,20190628,raw_options,PENDING_LSEG_RECONCILIATION
RE,537256,19960110,20190628,raw_options,PENDING_LSEG_RECONCILIATION
REG,288093,20031014,20190628,raw_options,PENDING_LSEG_RECONCILIATION
REGN,2627032,19960104,20190628,raw_options,PENDING_LSEG_RECONCILIATION
RF,584798,19970310,20190628,raw_options,PENDING_LSEG_RECONCILIATION
RHI,315138,19960104,20190628,raw_options,PENDING_LSEG_RECONCILIATION
RHT,1348044,20000118,20190628,raw_options,PENDING_LSEG_RECONCILIATION
RJF,404681,19960104,20190628,raw_options,PENDING_LSEG_RECONCILIATION
RL,1276473,19970919,20190628,raw_options,PENDING_LSEG_RECONCILIATION
RMD,368435,19981124,20190628,raw_options,PENDING_LSEG_RECONCILIATION
ROK,565063,19960104,20190628,raw_options,PENDING_LSEG_RECONCILIATION
ROP,493022,19960311,20190628,raw_options,PENDING_LSEG_RECONCILIATION
ROST,864727,19960104,20190628,raw_options,PENDING_LSEG_RECONCILIATION
RRC,997859,19960509,20190628,raw_options,PENDING_LSEG_RECONCILIATION
RSG,346723,19980716,20190628,raw_options,PENDING_LSEG_RECONCILIATION
RTN,1066888,19960104,20190628,raw_options,PENDING_LSEG_RECONCILIATION
SBAC,433618,20000308,20190628,raw_options,PENDING_LSEG_RECONCILIATION
SBUX,1523010,19960104,20190628,raw_options,PENDING_LSEG_RECONCILIATION
SCG,272811,19960104,20181231,raw_options,PENDING_LSEG_RECONCILIATION
SCHW,1271233,19960104,20190628,raw_options,PENDING_LSEG_RECONCILIATION
SEE,664342,19960104,20190628,raw_options,PENDING_LSEG_RECONCILIATION
SHW,974567,19960104,20190628,raw_options,PENDING_LSEG_RECONCILIATION
SIG,495895,20090716,20190628,raw_options,PENDING_LSEG_RECONCILIATION
SJM,454168,20020610,20190628,raw_options,PENDING_LSEG_RECONCILIATION
SLB,2056926,19960104,20190628,raw_options,PENDING_LSEG_RECONCILIATION
SLG,380176,20070130,20190628,raw_options,PENDING_LSEG_RECONCILIATION
SNA,423645,19960104,20190628,raw_options,PENDING_LSEG_RECONCILIATION
SNPS,380726,19960104,20190628,raw_options,PENDING_LSEG_RECONCILIATION
SO,881029,19960104,20190628,raw_options,PENDING_LSEG_RECONCILIATION
SPG,963590,19960104,20190628,raw_options,PENDING_LSEG_RECONCILIATION
SPGI,961809,19960104,20190628,raw_options,PENDING_LSEG_RECONCILIATION
SPX,17369353,19960104,20190628,raw_options,PENDING_LSEG_RECONCILIATION
SRCL,483474,19990309,20190628,raw_options,PENDING_LSEG_RECONCILIATION
SRE,438633,19960104,20190628,raw_options,PENDING_LSEG_RECONCILIATION
STI,850616,19960104,20190628,raw_options,PENDING_LSEG_RECONCILIATION
STT,1021671,19960104,20190628,raw_options,PENDING_LSEG_RECONCILIATION
STX,1570064,20030121,20190628,raw_options,PENDING_LSEG_RECONCILIATION
STZ,914553,19960104,20190628,raw_options,PENDING_LSEG_RECONCILIATION
SWK,956259,19960104,20190628,raw_options,PENDING_LSEG_RECONCILIATION
SWKS,1675195,19961009,20190628,raw_options,PENDING_LSEG_RECONCILIATION
SYF,696624,20140812,20190628,raw_options,PENDING_LSEG_RECONCILIATION
SYK,787591,19960104,20190628,raw_options,PENDING_LSEG_RECONCILIATION
SYMC,1171481,19960104,20190628,raw_options,PENDING_LSEG_RECONCILIATION
SYY,893773,19960104,20190628,raw_options,PENDING_LSEG_RECONCILIATION
T,2199291,19960104,20190628,raw_options,PENDING_LSEG_RECONCILIATION
TAP,1128876,19960104,20190628,raw_options,PENDING_LSEG_RECONCILIATION
TDG,627345,20070503,20190628,raw_options,PENDING_LSEG_RECONCILIATION
TEL,249999,20070702,20190628,raw_options,PENDING_LSEG_RECONCILIATION
TGT,1649618,19960104,20190628,raw_options,PENDING_LSEG_RECONCILIATION
TIF,1543596,19960104,20190628,raw_options,PENDING_LSEG_RECONCILIATION
TJX,707828,19960104,20190628,raw_options,PENDING_LSEG_RECONCILIATION
TMO,663874,19960104,20190628,raw_options,PENDING_LSEG_RECONCILIATION
TPR,1512906,20001030,20190628,raw_options,PENDING_LSEG_RECONCILIATION
TRIP,1282248,20111222,20190628,raw_options,PENDING_LSEG_RECONCILIATION
TROW,623777,19960104,20190628,raw_options,PENDING_LSEG_RECONCILIATION
TRV,712753,19960104,20190628,raw_options,PENDING_LSEG_RECONCILIATION
TSCO,731384,20020823,20190628,raw_options,PENDING_LSEG_RECONCILIATION
TSN,1142923,19960104,20190628,raw_options,PENDING_LSEG_RECONCILIATION
TSS,315993,19960718,20190628,raw_options,PENDING_LSEG_RECONCILIATION
TWX,1994963,19960104,20180614,raw_options,PENDING_LSEG_RECONCILIATION
TXN,1742777,19960104,20190628,raw_options,PENDING_LSEG_RECONCILIATION
TXT,837331,19960104,20190628,raw_options,PENDING_LSEG_RECONCILIATION
UAA,1331237,20051130,20190628,raw_options,PENDING_LSEG_RECONCILIATION
UAL,1465174,20060210,20190628,raw_options,PENDING_LSEG_RECONCILIATION
UDR,220648,19980608,20190628,raw_options,PENDING_LSEG_RECONCILIATION
UHS,460959,19960104,20190628,raw_options,PENDING_LSEG_RECONCILIATION
ULTA,1220392,20071109,20190628,raw_options,PENDING_LSEG_RECONCILIATION
UNH,1881026,19960104,20190628,raw_options,PENDING_LSEG_RECONCILIATION
UNM,554560,19960104,20190628,raw_options,PENDING_LSEG_RECONCILIATION
UNP,1907674,19960104,20190628,raw_options,PENDING_LSEG_RECONCILIATION
UPS,1517449,20000217,20190628,raw_options,PENDING_LSEG_RECONCILIATION
URI,1714188,19980730,20190628,raw_options,PENDING_LSEG_RECONCILIATION
USB,1644280,19960104,20190628,raw_options,PENDING_LSEG_RECONCILIATION
UTX,1851883,19960104,20190628,raw_options,PENDING_LSEG_RECONCILIATION
V,1855809,19960104,20190628,raw_options,PENDING_LSEG_RECONCILIATION
VAR,501680,19960104,20190628,raw_options,PENDING_LSEG_RECONCILIATION
VFC,876256,19960104,20190628,raw_options,PENDING_LSEG_RECONCILIATION
VIAB,1103862,20060103,20190628,raw_options,PENDING_LSEG_RECONCILIATION
VLO,1886819,19960104,20190628,raw_options,PENDING_LSEG_RECONCILIATION
VMC,898054,19980715,20190628,raw_options,PENDING_LSEG_RECONCILIATION
VNO,556508,19971217,20190628,raw_options,PENDING_LSEG_RECONCILIATION
VRSK,236832,20091015,20190628,raw_options,PENDING_LSEG_RECONCILIATION
VRSN,1066575,19980805,20190628,raw_options,PENDING_LSEG_RECONCILIATION
VRTX,2005413,19960104,20190628,raw_options,PENDING_LSEG_RECONCILIATION
VTR,333164,19971124,20190628,raw_options,PENDING_LSEG_RECONCILIATION
VZ,1891703,19960104,20190628,raw_options,PENDING_LSEG_RECONCILIATION
WAT,610676,19960223,20190628,raw_options,PENDING_LSEG_RECONCILIATION
WBA,1706046,19960104,20190628,raw_options,PENDING_LSEG_RECONCILIATION
WDC,1719454,19960104,20190628,raw_options,PENDING_LSEG_RECONCILIATION
WEC,271522,19970602,20190628,raw_options,PENDING_LSEG_RECONCILIATION
WELL,506920,19980715,20190628,raw_options,PENDING_LSEG_RECONCILIATION
WFC,1760019,19960104,20190628,raw_options,PENDING_LSEG_RECONCILIATION
WHR,1544392,19960104,20190628,raw_options,PENDING_LSEG_RECONCILIATION
WLTW,301343,20011004,20190628,raw_options,PENDING_LSEG_RECONCILIATION
WM,830350,19960104,20190628,raw_options,PENDING_LSEG_RECONCILIATION
WMB,1718380,19960104,20190628,raw_options,PENDING_LSEG_RECONCILIATION
WMT,1856590,19960104,20190628,raw_options,PENDING_LSEG_RECONCILIATION
WRK,139035,20150707,20190628,raw_options,PENDING_LSEG_RECONCILIATION
WU,517481,20061002,20190628,raw_options,PENDING_LSEG_RECONCILIATION
WY,1329767,19960104,20190628,raw_options,PENDING_LSEG_RECONCILIATION
WYND,609688,20060801,20190628,raw_options,PENDING_LSEG_RECONCILIATION
WYNN,2312106,20030203,20190628,raw_options,PENDING_LSEG_RECONCILIATION
XEC,607324,20021002,20190628,raw_options,PENDING_LSEG_RECONCILIATION
XEL,319876,19970527,20190628,raw_options,PENDING_LSEG_RECONCILIATION
XL,686453,19970609,20180911,raw_options,PENDING_LSEG_RECONCILIATION
XLNX,1540512,19960104,20190628,raw_options,PENDING_LSEG_RECONCILIATION
XOM,1929840,19960104,20190628,raw_options,PENDING_LSEG_RECONCILIATION
XRAY,366028,19960104,20190628,raw_options,PENDING_LSEG_RECONCILIATION
XRX,802853,19960104,20190628,raw_options,PENDING_LSEG_RECONCILIATION
XYL,158272,20111101,20190628,raw_options,PENDING_LSEG_RECONCILIATION
YUM,1512429,19971007,20190628,raw_options,PENDING_LSEG_RECONCILIATION
ZBH,587772,20010807,20190628,raw_options,PENDING_LSEG_RECONCILIATION
ZION,810205,19970603,20190628,raw_options,PENDING_LSEG_RECONCILIATION
ZTS,1059261,20130219,20190628,raw_options,PENDING_LSEG_RECONCILIATION
